incident_id,episode_id,observation_id,entity_id,entity_type,opened_at,region,business_unit,severity,symptom_category,onset_shape,blast_radius_band,support_team_id,recent_change_present,vendor_status_at_onset,short_description,state,data_classification
INC-000001,EP-000001,OBS-000001,SVC-0005,APPLICATION_SERVICE,2024-01-01T00:29:00+00:00,GLOBAL,Sales,HIGH,latency increase,POST_CHANGE_STEP,CROSS_PLATFORM,TEAM-0005,False,UNKNOWN,Latency Increase affecting Application Service 0005,CLOSED,SYNTHETIC
INC-000002,EP-000002,OBS-000002,SVC-0002,APPLICATION_SERVICE,2024-01-01T00:46:00+00:00,LATAM,Security,CRITICAL,authentication failure,STEP,CROSS_PLATFORM,TEAM-0002,False,NOT_CHECKED,Authentication Failure affecting Application Service 0002,CLOSED,SYNTHETIC
INC-000003,EP-000003,OBS-000003,SVC-0001,APPLICATION_SERVICE,2024-01-01T01:03:00+00:00,AP-SOUTH,Manufacturing,HIGH,service degradation,STEP,CROSS_PLATFORM,TEAM-0001,False,NOT_CHECKED,Service Degradation affecting Application Service 0001,CLOSED,SYNTHETIC
INC-000004,EP-000004,OBS-000004,SVC-0001,APPLICATION_SERVICE,2024-01-01T01:20:00+00:00,AP-SOUTH,Manufacturing,MEDIUM,queue delay,STEP,CROSS_PLATFORM,TEAM-0001,False,UNKNOWN,Queue Delay affecting Application Service 0001,CLOSED,SYNTHETIC
INC-000005,EP-000005,OBS-000005,SVC-0001,APPLICATION_SERVICE,2024-01-01T01:37:00+00:00,AP-SOUTH,Manufacturing,HIGH,connection failure,GRADUAL,CROSS_PLATFORM,TEAM-0001,False,NOT_CHECKED,Connection Failure affecting Application Service 0001,CLOSED,SYNTHETIC
INC-000006,EP-000006,OBS-000006,SVC-0007,APPLICATION_SERVICE,2024-01-01T01:54:00+00:00,EU-WEST,Supply Chain,MEDIUM,connection failure,PERIODIC,CROSS_PLATFORM,TEAM-0007,False,NOT_CHECKED,Connection Failure affecting Application Service 0007,CLOSED,SYNTHETIC
INC-000007,EP-000007,OBS-000007,SVC-0002,APPLICATION_SERVICE,2024-01-01T02:11:00+00:00,LATAM,Security,LOW,latency increase,STEP,CROSS_PLATFORM,TEAM-0002,False,NOT_CHECKED,Latency Increase affecting Application Service 0002,CLOSED,SYNTHETIC
INC-000008,EP-000008,OBS-000008,SVC-0001,APPLICATION_SERVICE,2024-01-01T02:28:00+00:00,AP-SOUTH,Manufacturing,LOW,authentication failure,PERIODIC,CROSS_PLATFORM,TEAM-0001,True,NOT_CHECKED,Authentication Failure affecting Application Service 0001,CLOSED,SYNTHETIC
INC-000009,EP-000009,OBS-000009,SVC-0002,APPLICATION_SERVICE,2024-01-01T02:45:00+00:00,LATAM,Security,LOW,latency increase,PERIODIC,CROSS_PLATFORM,TEAM-0002,False,NOT_CHECKED,Latency Increase affecting Application Service 0002,CLOSED,SYNTHETIC
INC-000010,EP-000010,OBS-000010,SVC-0001,APPLICATION_SERVICE,2024-01-01T03:02:00+00:00,AP-SOUTH,Manufacturing,MEDIUM,transaction failure,POST_CHANGE_STEP,CROSS_PLATFORM,TEAM-0001,True,UNKNOWN,Transaction Failure affecting Application Service 0001,CLOSED,SYNTHETIC
INC-000011,EP-000011,OBS-000011,SVC-0013,APPLICATION_SERVICE,2024-01-01T03:19:00+00:00,EU-CENTRAL,HR,MEDIUM,connection failure,BURST,CROSS_PLATFORM,TEAM-0006,True,NOT_CHECKED,Connection Failure affecting Application Service 0013,CLOSED,SYNTHETIC
INC-000012,EP-000012,OBS-000012,SVC-0002,APPLICATION_SERVICE,2024-01-01T03:36:00+00:00,LATAM,Security,LOW,queue delay,GRADUAL,CROSS_PLATFORM,TEAM-0002,True,NOT_CHECKED,Queue Delay affecting Application Service 0002,CLOSED,SYNTHETIC
INC-000013,EP-000013,OBS-000013,SVC-0009,APPLICATION_SERVICE,2024-01-01T03:53:00+00:00,AP-NORTHEAST,Commerce,HIGH,transaction failure,POST_CHANGE_STEP,CROSS_PLATFORM,TEAM-0002,False,UNKNOWN,Transaction Failure affecting Application Service 0009,CLOSED,SYNTHETIC
INC-000014,EP-000014,OBS-000014,SVC-0004,APPLICATION_SERVICE,2024-01-01T04:10:00+00:00,AP-NORTHEAST,Finance,MEDIUM,request timeout,POST_CHANGE_STEP,CROSS_PLATFORM,TEAM-0004,True,UNKNOWN,Request Timeout affecting Application Service 0004,CLOSED,SYNTHETIC
INC-000015,EP-000015,OBS-000015,SVC-0011,APPLICATION_SERVICE,2024-01-01T04:27:00+00:00,GLOBAL,Manufacturing,MEDIUM,request timeout,BURST,CROSS_PLATFORM,TEAM-0004,False,UNKNOWN,Request Timeout affecting Application Service 0011,CLOSED,SYNTHETIC
INC-000016,EP-000016,OBS-000016,SVC-0002,APPLICATION_SERVICE,2024-01-01T04:44:00+00:00,LATAM,Security,MEDIUM,queue delay,POST_CHANGE_STEP,CROSS_PLATFORM,TEAM-0002,False,NOT_CHECKED,Queue Delay affecting Application Service 0002,CLOSED,SYNTHETIC
INC-000017,EP-000017,OBS-000017,SVC-0001,APPLICATION_SERVICE,2024-01-01T05:01:00+00:00,AP-SOUTH,Manufacturing,MEDIUM,request timeout,BURST,CROSS_PLATFORM,TEAM-0001,False,NOT_CHECKED,Request Timeout affecting Application Service 0001,CLOSED,SYNTHETIC
INC-000018,EP-000018,OBS-000018,SVC-0012,APPLICATION_SERVICE,2024-01-01T05:18:00+00:00,AP-SOUTH,Sales,HIGH,service degradation,STEP,CROSS_PLATFORM,TEAM-0005,False,NOT_CHECKED,Service Degradation affecting Application Service 0012,CLOSED,SYNTHETIC
INC-000019,EP-000019,OBS-000019,SVC-0001,APPLICATION_SERVICE,2024-01-01T05:35:00+00:00,AP-SOUTH,Manufacturing,MEDIUM,connection failure,PERIODIC,CROSS_PLATFORM,TEAM-0001,False,UNKNOWN,Connection Failure affecting Application Service 0001,CLOSED,SYNTHETIC
INC-000020,EP-000020,OBS-000020,SVC-0005,APPLICATION_SERVICE,2024-01-01T05:52:00+00:00,GLOBAL,Sales,LOW,request timeout,GRADUAL,CROSS_PLATFORM,TEAM-0005,False,UNKNOWN,Request Timeout affecting Application Service 0005,CLOSED,SYNTHETIC
INC-000021,EP-000021,OBS-000021,SVC-0005,APPLICATION_SERVICE,2024-01-01T06:09:00+00:00,GLOBAL,Sales,CRITICAL,authentication failure,PERIODIC,CROSS_PLATFORM,TEAM-0005,False,NOT_CHECKED,Authentication Failure affecting Application Service 0005,CLOSED,SYNTHETIC
INC-000022,EP-000022,OBS-000022,SVC-0008,APPLICATION_SERVICE,2024-01-01T06:26:00+00:00,US-EAST,Commerce,LOW,queue delay,GRADUAL,CROSS_PLATFORM,TEAM-0001,False,NOT_CHECKED,Queue Delay affecting Application Service 0008,CLOSED,SYNTHETIC
INC-000023,EP-000023,OBS-000023,SVC-0003,APPLICATION_SERVICE,2024-01-01T06:43:00+00:00,EU-CENTRAL,HR,MEDIUM,latency increase,GRADUAL,CROSS_PLATFORM,TEAM-0003,False,NOT_CHECKED,Latency Increase affecting Application Service 0003,CLOSED,SYNTHETIC
INC-000024,EP-000024,OBS-000024,SVC-0001,APPLICATION_SERVICE,2024-01-01T07:00:00+00:00,AP-SOUTH,Manufacturing,HIGH,latency increase,BURST,CROSS_PLATFORM,TEAM-0001,False,NOT_CHECKED,Latency Increase affecting Application Service 0001,CLOSED,SYNTHETIC
INC-000025,EP-000025,OBS-000025,SVC-0012,APPLICATION_SERVICE,2024-01-01T07:17:00+00:00,AP-SOUTH,Sales,MEDIUM,latency increase,GRADUAL,CROSS_PLATFORM,TEAM-0005,True,NOT_CHECKED,Latency Increase affecting Application Service 0012,CLOSED,SYNTHETIC
INC-000026,EP-000026,OBS-000026,SVC-0001,APPLICATION_SERVICE,2024-01-01T07:34:00+00:00,AP-SOUTH,Manufacturing,MEDIUM,queue delay,GRADUAL,CROSS_PLATFORM,TEAM-0001,False,UNKNOWN,Queue Delay affecting Application Service 0001,CLOSED,SYNTHETIC
INC-000027,EP-000027,OBS-000027,SVC-0005,APPLICATION_SERVICE,2024-01-01T07:51:00+00:00,GLOBAL,Sales,LOW,latency increase,PERIODIC,CROSS_PLATFORM,TEAM-0005,False,UNKNOWN,Latency Increase affecting Application Service 0005,CLOSED,SYNTHETIC
INC-000028,EP-000028,OBS-000028,SVC-0005,APPLICATION_SERVICE,2024-01-01T08:08:00+00:00,GLOBAL,Sales,HIGH,queue delay,BURST,CROSS_PLATFORM,TEAM-0005,False,NOT_CHECKED,Queue Delay affecting Application Service 0005,CLOSED,SYNTHETIC
INC-000029,EP-000029,OBS-000029,SVC-0008,APPLICATION_SERVICE,2024-01-01T08:25:00+00:00,US-EAST,Commerce,MEDIUM,request timeout,POST_CHANGE_STEP,CROSS_PLATFORM,TEAM-0001,False,NOT_CHECKED,Request Timeout affecting Application Service 0008,CLOSED,SYNTHETIC
INC-000030,EP-000030,OBS-000030,SVC-0003,APPLICATION_SERVICE,2024-01-01T08:42:00+00:00,EU-CENTRAL,HR,HIGH,authentication failure,PERIODIC,CROSS_PLATFORM,TEAM-0003,True,UNKNOWN,Authentication Failure affecting Application Service 0003,CLOSED,SYNTHETIC
INC-000031,EP-000031,OBS-000031,SVC-0001,APPLICATION_SERVICE,2024-01-01T08:59:00+00:00,AP-SOUTH,Manufacturing,MEDIUM,service degradation,PERIODIC,CROSS_PLATFORM,TEAM-0001,True,NOT_CHECKED,Service Degradation affecting Application Service 0001,CLOSED,SYNTHETIC
INC-000032,EP-000032,OBS-000032,SVC-0003,APPLICATION_SERVICE,2024-01-01T09:16:00+00:00,EU-CENTRAL,HR,MEDIUM,transaction failure,POST_CHANGE_STEP,CROSS_PLATFORM,TEAM-0003,False,UNKNOWN,Transaction Failure affecting Application Service 0003,CLOSED,SYNTHETIC
INC-000033,EP-000033,OBS-000033,SVC-0002,APPLICATION_SERVICE,2024-01-01T09:33:00+00:00,LATAM,Security,HIGH,service degradation,GRADUAL,CROSS_PLATFORM,TEAM-0002,True,NOT_CHECKED,Service Degradation affecting Application Service 0002,CLOSED,SYNTHETIC
INC-000034,EP-000034,OBS-000034,SVC-0001,APPLICATION_SERVICE,2024-01-01T09:50:00+00:00,AP-SOUTH,Manufacturing,HIGH,latency increase,STEP,CROSS_PLATFORM,TEAM-0001,True,NOT_CHECKED,Latency Increase affecting Application Service 0001,CLOSED,SYNTHETIC
INC-000035,EP-000035,OBS-000035,SVC-0002,APPLICATION_SERVICE,2024-01-01T10:07:00+00:00,LATAM,Security,MEDIUM,transaction failure,BURST,CROSS_PLATFORM,TEAM-0002,True,UNKNOWN,Transaction Failure affecting Application Service 0002,CLOSED,SYNTHETIC
INC-000036,EP-000036,OBS-000036,SVC-0002,APPLICATION_SERVICE,2024-01-01T10:24:00+00:00,LATAM,Security,MEDIUM,queue delay,POST_CHANGE_STEP,CROSS_PLATFORM,TEAM-0002,True,NOT_CHECKED,Queue Delay affecting Application Service 0002,CLOSED,SYNTHETIC
INC-000037,EP-000037,OBS-000037,SVC-0001,APPLICATION_SERVICE,2024-01-01T10:41:00+00:00,AP-SOUTH,Manufacturing,HIGH,transaction failure,GRADUAL,CROSS_PLATFORM,TEAM-0001,False,NOT_CHECKED,Transaction Failure affecting Application Service 0001,CLOSED,SYNTHETIC
INC-000038,EP-000038,OBS-000038,SVC-0002,APPLICATION_SERVICE,2024-01-01T10:58:00+00:00,LATAM,Security,MEDIUM,authentication failure,BURST,CROSS_PLATFORM,TEAM-0002,False,NOT_CHECKED,Authentication Failure affecting Application Service 0002,CLOSED,SYNTHETIC
INC-000039,EP-000039,OBS-000039,SVC-0002,APPLICATION_SERVICE,2024-01-01T11:15:00+00:00,LATAM,Security,HIGH,connection failure,POST_CHANGE_STEP,CROSS_PLATFORM,TEAM-0002,True,NOT_CHECKED,Connection Failure affecting Application Service 0002,CLOSED,SYNTHETIC
INC-000040,EP-000040,OBS-000040,SVC-0002,APPLICATION_SERVICE,2024-01-01T11:32:00+00:00,LATAM,Security,MEDIUM,service degradation,GRADUAL,CROSS_PLATFORM,TEAM-0002,False,UNKNOWN,Service Degradation affecting Application Service 0002,CLOSED,SYNTHETIC
INC-000041,EP-000041,OBS-000041,SVC-0001,APPLICATION_SERVICE,2024-01-01T11:49:00+00:00,AP-SOUTH,Manufacturing,MEDIUM,connection failure,POST_CHANGE_STEP,CROSS_PLATFORM,TEAM-0001,False,NOT_CHECKED,Connection Failure affecting Application Service 0001,CLOSED,SYNTHETIC
INC-000042,EP-000042,OBS-000042,SVC-0002,APPLICATION_SERVICE,2024-01-01T12:06:00+00:00,LATAM,Security,MEDIUM,connection failure,PERIODIC,CROSS_PLATFORM,TEAM-0002,False,NOT_CHECKED,Connection Failure affecting Application Service 0002,CLOSED,SYNTHETIC
INC-000043,EP-000043,OBS-000043,SVC-0002,APPLICATION_SERVICE,2024-01-01T12:23:00+00:00,LATAM,Security,HIGH,service degradation,BURST,CROSS_PLATFORM,TEAM-0002,False,NOT_CHECKED,Service Degradation affecting Application Service 0002,CLOSED,SYNTHETIC
INC-000044,EP-000044,OBS-000044,SVC-0002,APPLICATION_SERVICE,2024-01-01T12:40:00+00:00,LATAM,Security,MEDIUM,queue delay,STEP,CROSS_PLATFORM,TEAM-0002,False,UNKNOWN,Queue Delay affecting Application Service 0002,CLOSED,SYNTHETIC
INC-000045,EP-000045,OBS-000045,SVC-0001,APPLICATION_SERVICE,2024-01-01T12:57:00+00:00,AP-SOUTH,Manufacturing,MEDIUM,connection failure,BURST,CROSS_PLATFORM,TEAM-0001,True,UNKNOWN,Connection Failure affecting Application Service 0001,CLOSED,SYNTHETIC
INC-000046,EP-000046,OBS-000046,SVC-0002,APPLICATION_SERVICE,2024-01-01T13:14:00+00:00,LATAM,Security,MEDIUM,service degradation,BURST,CROSS_PLATFORM,TEAM-0002,False,NOT_CHECKED,Service Degradation affecting Application Service 0002,CLOSED,SYNTHETIC
INC-000047,EP-000047,OBS-000047,SVC-0002,APPLICATION_SERVICE,2024-01-01T13:31:00+00:00,LATAM,Security,LOW,authentication failure,PERIODIC,CROSS_PLATFORM,TEAM-0002,False,NOT_CHECKED,Authentication Failure affecting Application Service 0002,CLOSED,SYNTHETIC
INC-000048,EP-000048,OBS-000048,SVC-0002,APPLICATION_SERVICE,2024-01-01T13:48:00+00:00,LATAM,Security,HIGH,connection failure,POST_CHANGE_STEP,CROSS_PLATFORM,TEAM-0002,True,NOT_CHECKED,Connection Failure affecting Application Service 0002,CLOSED,SYNTHETIC
INC-000049,EP-000049,OBS-000049,SVC-0002,APPLICATION_SERVICE,2024-01-01T14:05:00+00:00,LATAM,Security,MEDIUM,queue delay,STEP,CROSS_PLATFORM,TEAM-0002,True,UNKNOWN,Queue Delay affecting Application Service 0002,CLOSED,SYNTHETIC
INC-000050,EP-000050,OBS-000050,SVC-0002,APPLICATION_SERVICE,2024-01-01T14:22:00+00:00,LATAM,Security,LOW,service degradation,BURST,CROSS_PLATFORM,TEAM-0002,True,NOT_CHECKED,Service Degradation affecting Application Service 0002,CLOSED,SYNTHETIC
INC-000051,EP-000051,OBS-000051,SVC-0002,APPLICATION_SERVICE,2024-01-01T14:39:00+00:00,LATAM,Security,LOW,service degradation,STEP,CROSS_PLATFORM,TEAM-0002,True,UNKNOWN,Service Degradation affecting Application Service 0002,CLOSED,SYNTHETIC
INC-000052,EP-000052,OBS-000052,SVC-0001,APPLICATION_SERVICE,2024-01-01T14:56:00+00:00,AP-SOUTH,Manufacturing,MEDIUM,transaction failure,BURST,CROSS_PLATFORM,TEAM-0001,True,NOT_CHECKED,Transaction Failure affecting Application Service 0001,CLOSED,SYNTHETIC
INC-000053,EP-000053,OBS-000053,SVC-0002,APPLICATION_SERVICE,2024-01-01T15:13:00+00:00,LATAM,Security,LOW,queue delay,POST_CHANGE_STEP,CROSS_PLATFORM,TEAM-0002,True,UNKNOWN,Queue Delay affecting Application Service 0002,CLOSED,SYNTHETIC
INC-000054,EP-000054,OBS-000054,SVC-0002,APPLICATION_SERVICE,2024-01-01T15:30:00+00:00,LATAM,Security,LOW,request timeout,STEP,CROSS_PLATFORM,TEAM-0002,True,UNKNOWN,Request Timeout affecting Application Service 0002,CLOSED,SYNTHETIC
INC-000055,EP-000055,OBS-000055,SVC-0002,APPLICATION_SERVICE,2024-01-01T15:47:00+00:00,LATAM,Security,MEDIUM,queue delay,GRADUAL,CROSS_PLATFORM,TEAM-0002,False,UNKNOWN,Queue Delay affecting Application Service 0002,CLOSED,SYNTHETIC
INC-000056,EP-000056,OBS-000056,SVC-0001,APPLICATION_SERVICE,2024-01-01T16:04:00+00:00,AP-SOUTH,Manufacturing,HIGH,request timeout,BURST,CROSS_PLATFORM,TEAM-0001,False,UNKNOWN,Request Timeout affecting Application Service 0001,CLOSED,SYNTHETIC
INC-000057,EP-000057,OBS-000057,SVC-0002,APPLICATION_SERVICE,2024-01-01T16:21:00+00:00,LATAM,Security,MEDIUM,request timeout,BURST,CROSS_PLATFORM,TEAM-0002,True,NOT_CHECKED,Request Timeout affecting Application Service 0002,CLOSED,SYNTHETIC
INC-000058,EP-000058,OBS-000058,SVC-0002,APPLICATION_SERVICE,2024-01-01T16:38:00+00:00,LATAM,Security,MEDIUM,latency increase,PERIODIC,CROSS_PLATFORM,TEAM-0002,False,NOT_CHECKED,Latency Increase affecting Application Service 0002,CLOSED,SYNTHETIC
INC-000059,EP-000059,OBS-000059,SVC-0002,APPLICATION_SERVICE,2024-01-01T16:55:00+00:00,LATAM,Security,HIGH,latency increase,PERIODIC,CROSS_PLATFORM,TEAM-0002,True,NOT_CHECKED,Latency Increase affecting Application Service 0002,CLOSED,SYNTHETIC
INC-000060,EP-000060,OBS-000060,SVC-0001,APPLICATION_SERVICE,2024-01-01T17:12:00+00:00,AP-SOUTH,Manufacturing,LOW,latency increase,BURST,CROSS_PLATFORM,TEAM-0001,False,UNKNOWN,Latency Increase affecting Application Service 0001,CLOSED,SYNTHETIC
INC-000061,EP-000061,OBS-000061,SVC-0002,APPLICATION_SERVICE,2024-01-01T17:29:00+00:00,LATAM,Security,MEDIUM,latency increase,GRADUAL,CROSS_PLATFORM,TEAM-0002,False,NOT_CHECKED,Latency Increase affecting Application Service 0002,CLOSED,SYNTHETIC
INC-000062,EP-000062,OBS-000062,SVC-0002,APPLICATION_SERVICE,2024-01-01T17:46:00+00:00,LATAM,Security,MEDIUM,authentication failure,STEP,CROSS_PLATFORM,TEAM-0002,False,NOT_CHECKED,Authentication Failure affecting Application Service 0002,CLOSED,SYNTHETIC
INC-000063,EP-000063,OBS-000063,SVC-0002,APPLICATION_SERVICE,2024-01-01T18:03:00+00:00,LATAM,Security,MEDIUM,queue delay,STEP,CROSS_PLATFORM,TEAM-0002,False,NOT_CHECKED,Queue Delay affecting Application Service 0002,CLOSED,SYNTHETIC
INC-000064,EP-000064,OBS-000064,SVC-0005,APPLICATION_SERVICE,2024-01-01T18:20:00+00:00,GLOBAL,Sales,MEDIUM,authentication failure,BURST,CROSS_PLATFORM,TEAM-0005,False,NOT_CHECKED,Authentication Failure affecting Application Service 0005,CLOSED,SYNTHETIC
INC-000065,EP-000065,OBS-000065,SVC-0005,APPLICATION_SERVICE,2024-01-01T18:37:00+00:00,GLOBAL,Sales,MEDIUM,transaction failure,BURST,CROSS_PLATFORM,TEAM-0005,False,NOT_CHECKED,Transaction Failure affecting Application Service 0005,CLOSED,SYNTHETIC
INC-000066,EP-000066,OBS-000066,SVC-0008,APPLICATION_SERVICE,2024-01-01T18:54:00+00:00,US-EAST,Commerce,MEDIUM,service degradation,BURST,CROSS_PLATFORM,TEAM-0001,True,NOT_CHECKED,Service Degradation affecting Application Service 0008,CLOSED,SYNTHETIC
INC-000067,EP-000067,OBS-000067,SVC-0003,APPLICATION_SERVICE,2024-01-01T19:11:00+00:00,EU-CENTRAL,HR,HIGH,service degradation,PERIODIC,CROSS_PLATFORM,TEAM-0003,False,UNKNOWN,Service Degradation affecting Application Service 0003,CLOSED,SYNTHETIC
INC-000068,EP-000068,OBS-000068,SVC-0001,APPLICATION_SERVICE,2024-01-01T19:28:00+00:00,AP-SOUTH,Manufacturing,HIGH,authentication failure,BURST,CROSS_PLATFORM,TEAM-0001,True,NOT_CHECKED,Authentication Failure affecting Application Service 0001,CLOSED,SYNTHETIC
INC-000069,EP-000069,OBS-000069,SVC-0003,APPLICATION_SERVICE,2024-01-01T19:45:00+00:00,EU-CENTRAL,HR,MEDIUM,service degradation,STEP,CROSS_PLATFORM,TEAM-0003,False,UNKNOWN,Service Degradation affecting Application Service 0003,CLOSED,SYNTHETIC
INC-000070,EP-000070,OBS-000070,SVC-0002,APPLICATION_SERVICE,2024-01-01T20:02:00+00:00,LATAM,Security,HIGH,transaction failure,GRADUAL,CROSS_PLATFORM,TEAM-0002,False,NOT_CHECKED,Transaction Failure affecting Application Service 0002,CLOSED,SYNTHETIC
INC-000071,EP-000071,OBS-000071,SVC-0001,APPLICATION_SERVICE,2024-01-01T20:19:00+00:00,AP-SOUTH,Manufacturing,HIGH,queue delay,POST_CHANGE_STEP,CROSS_PLATFORM,TEAM-0001,True,NOT_CHECKED,Queue Delay affecting Application Service 0001,CLOSED,SYNTHETIC
INC-000072,EP-000072,OBS-000072,SVC-0012,APPLICATION_SERVICE,2024-01-01T20:36:00+00:00,AP-SOUTH,Sales,LOW,service degradation,GRADUAL,CROSS_PLATFORM,TEAM-0005,False,UNKNOWN,Service Degradation affecting Application Service 0012,CLOSED,SYNTHETIC
INC-000073,EP-000073,OBS-000073,SVC-0001,APPLICATION_SERVICE,2024-01-01T20:53:00+00:00,AP-SOUTH,Manufacturing,LOW,queue delay,BURST,CROSS_PLATFORM,TEAM-0001,False,UNKNOWN,Queue Delay affecting Application Service 0001,CLOSED,SYNTHETIC
INC-000074,EP-000074,OBS-000074,SVC-0005,APPLICATION_SERVICE,2024-01-01T21:10:00+00:00,GLOBAL,Sales,HIGH,connection failure,GRADUAL,CROSS_PLATFORM,TEAM-0005,False,UNKNOWN,Connection Failure affecting Application Service 0005,CLOSED,SYNTHETIC
INC-000075,EP-000075,OBS-000075,SVC-0005,APPLICATION_SERVICE,2024-01-01T21:27:00+00:00,GLOBAL,Sales,MEDIUM,queue delay,PERIODIC,CROSS_PLATFORM,TEAM-0005,True,UNKNOWN,Queue Delay affecting Application Service 0005,CLOSED,SYNTHETIC
INC-000076,EP-000076,OBS-000076,SVC-0008,APPLICATION_SERVICE,2024-01-01T21:44:00+00:00,US-EAST,Commerce,LOW,connection failure,BURST,CROSS_PLATFORM,TEAM-0001,False,NOT_CHECKED,Connection Failure affecting Application Service 0008,CLOSED,SYNTHETIC
INC-000077,EP-000077,OBS-000077,SVC-0003,APPLICATION_SERVICE,2024-01-01T22:01:00+00:00,EU-CENTRAL,HR,LOW,queue delay,GRADUAL,CROSS_PLATFORM,TEAM-0003,False,UNKNOWN,Queue Delay affecting Application Service 0003,CLOSED,SYNTHETIC
INC-000078,EP-000078,OBS-000078,SVC-0001,APPLICATION_SERVICE,2024-01-01T22:18:00+00:00,AP-SOUTH,Manufacturing,HIGH,connection failure,STEP,CROSS_PLATFORM,TEAM-0001,False,UNKNOWN,Connection Failure affecting Application Service 0001,CLOSED,SYNTHETIC
INC-000079,EP-000079,OBS-000079,SVC-0003,APPLICATION_SERVICE,2024-01-01T22:35:00+00:00,EU-CENTRAL,HR,HIGH,request timeout,BURST,CROSS_PLATFORM,TEAM-0003,False,NOT_CHECKED,Request Timeout affecting Application Service 0003,CLOSED,SYNTHETIC
INC-000080,EP-000080,OBS-000080,SVC-0002,APPLICATION_SERVICE,2024-01-01T22:52:00+00:00,LATAM,Security,LOW,request timeout,PERIODIC,CROSS_PLATFORM,TEAM-0002,True,UNKNOWN,Request Timeout affecting Application Service 0002,CLOSED,SYNTHETIC
INC-000081,EP-000081,OBS-000081,SVC-0001,APPLICATION_SERVICE,2024-01-01T23:09:00+00:00,AP-SOUTH,Manufacturing,LOW,queue delay,PERIODIC,CROSS_PLATFORM,TEAM-0001,False,NOT_CHECKED,Queue Delay affecting Application Service 0001,CLOSED,SYNTHETIC
INC-000082,EP-000082,OBS-000082,SVC-0012,APPLICATION_SERVICE,2024-01-01T23:26:00+00:00,AP-SOUTH,Sales,LOW,transaction failure,GRADUAL,CROSS_PLATFORM,TEAM-0005,False,NOT_CHECKED,Transaction Failure affecting Application Service 0012,CLOSED,SYNTHETIC
INC-000083,EP-000083,OBS-000083,SVC-0001,APPLICATION_SERVICE,2024-01-01T23:43:00+00:00,AP-SOUTH,Manufacturing,HIGH,latency increase,POST_CHANGE_STEP,CROSS_PLATFORM,TEAM-0001,False,UNKNOWN,Latency Increase affecting Application Service 0001,CLOSED,SYNTHETIC
INC-000084,EP-000084,OBS-000084,SVC-0005,APPLICATION_SERVICE,2024-01-02T00:00:00+00:00,GLOBAL,Sales,MEDIUM,service degradation,BURST,CROSS_PLATFORM,TEAM-0005,False,UNKNOWN,Service Degradation affecting Application Service 0005,CLOSED,SYNTHETIC
INC-000085,EP-000085,OBS-000085,SVC-0005,APPLICATION_SERVICE,2024-01-02T00:17:00+00:00,GLOBAL,Sales,LOW,request timeout,BURST,CROSS_PLATFORM,TEAM-0005,False,NOT_CHECKED,Request Timeout affecting Application Service 0005,CLOSED,SYNTHETIC
INC-000086,EP-000086,OBS-000086,SVC-0008,APPLICATION_SERVICE,2024-01-02T00:34:00+00:00,US-EAST,Commerce,MEDIUM,latency increase,BURST,CROSS_PLATFORM,TEAM-0001,False,NOT_CHECKED,Latency Increase affecting Application Service 0008,CLOSED,SYNTHETIC
INC-000087,EP-000087,OBS-000087,SVC-0003,APPLICATION_SERVICE,2024-01-02T00:51:00+00:00,EU-CENTRAL,HR,LOW,service degradation,STEP,CROSS_PLATFORM,TEAM-0003,True,NOT_CHECKED,Service Degradation affecting Application Service 0003,CLOSED,SYNTHETIC
INC-000088,EP-000088,OBS-000088,SVC-0001,APPLICATION_SERVICE,2024-01-02T01:08:00+00:00,AP-SOUTH,Manufacturing,HIGH,request timeout,PERIODIC,CROSS_PLATFORM,TEAM-0001,False,NOT_CHECKED,Request Timeout affecting Application Service 0001,CLOSED,SYNTHETIC
INC-000089,EP-000089,OBS-000089,SVC-0003,APPLICATION_SERVICE,2024-01-02T01:25:00+00:00,EU-CENTRAL,HR,MEDIUM,connection failure,PERIODIC,CROSS_PLATFORM,TEAM-0003,False,NOT_CHECKED,Connection Failure affecting Application Service 0003,CLOSED,SYNTHETIC
INC-000090,EP-000090,OBS-000090,SVC-0002,APPLICATION_SERVICE,2024-01-02T01:42:00+00:00,LATAM,Security,MEDIUM,request timeout,POST_CHANGE_STEP,CROSS_PLATFORM,TEAM-0002,False,NOT_CHECKED,Request Timeout affecting Application Service 0002,CLOSED,SYNTHETIC
INC-000091,EP-000091,OBS-000091,SVC-0001,APPLICATION_SERVICE,2024-01-02T01:59:00+00:00,AP-SOUTH,Manufacturing,LOW,latency increase,GRADUAL,CROSS_PLATFORM,TEAM-0001,True,UNKNOWN,Latency Increase affecting Application Service 0001,CLOSED,SYNTHETIC
INC-000092,EP-000092,OBS-000092,SVC-0002,APPLICATION_SERVICE,2024-01-02T02:16:00+00:00,LATAM,Security,MEDIUM,service degradation,POST_CHANGE_STEP,CROSS_PLATFORM,TEAM-0002,False,NOT_CHECKED,Service Degradation affecting Application Service 0002,CLOSED,SYNTHETIC
INC-000093,EP-000093,OBS-000093,SVC-0001,APPLICATION_SERVICE,2024-01-02T02:33:00+00:00,AP-SOUTH,Manufacturing,LOW,connection failure,GRADUAL,CROSS_PLATFORM,TEAM-0001,False,UNKNOWN,Connection Failure affecting Application Service 0001,CLOSED,SYNTHETIC
INC-000094,EP-000094,OBS-000094,SVC-0002,APPLICATION_SERVICE,2024-01-02T02:50:00+00:00,LATAM,Security,LOW,latency increase,POST_CHANGE_STEP,CROSS_PLATFORM,TEAM-0002,False,NOT_CHECKED,Latency Increase affecting Application Service 0002,CLOSED,SYNTHETIC
INC-000095,EP-000095,OBS-000095,SVC-0002,APPLICATION_SERVICE,2024-01-02T03:07:00+00:00,LATAM,Security,MEDIUM,service degradation,GRADUAL,CROSS_PLATFORM,TEAM-0002,False,UNKNOWN,Service Degradation affecting Application Service 0002,CLOSED,SYNTHETIC
INC-000096,EP-000096,OBS-000096,SVC-0002,APPLICATION_SERVICE,2024-01-02T03:24:00+00:00,LATAM,Security,HIGH,connection failure,BURST,CROSS_PLATFORM,TEAM-0002,True,NOT_CHECKED,Connection Failure affecting Application Service 0002,CLOSED,SYNTHETIC
INC-000097,EP-000097,OBS-000097,SVC-0001,APPLICATION_SERVICE,2024-01-02T03:41:00+00:00,AP-SOUTH,Manufacturing,HIGH,transaction failure,PERIODIC,CROSS_PLATFORM,TEAM-0001,False,UNKNOWN,Transaction Failure affecting Application Service 0001,CLOSED,SYNTHETIC
INC-000098,EP-000098,OBS-000098,SVC-0002,APPLICATION_SERVICE,2024-01-02T03:58:00+00:00,LATAM,Security,LOW,transaction failure,BURST,CROSS_PLATFORM,TEAM-0002,True,UNKNOWN,Transaction Failure affecting Application Service 0002,CLOSED,SYNTHETIC
INC-000099,EP-000099,OBS-000099,SVC-0002,APPLICATION_SERVICE,2024-01-02T04:15:00+00:00,LATAM,Security,MEDIUM,authentication failure,PERIODIC,CROSS_PLATFORM,TEAM-0002,False,NOT_CHECKED,Authentication Failure affecting Application Service 0002,CLOSED,SYNTHETIC
INC-000100,EP-000100,OBS-000100,SVC-0002,APPLICATION_SERVICE,2024-01-02T04:32:00+00:00,LATAM,Security,MEDIUM,latency increase,PERIODIC,CROSS_PLATFORM,TEAM-0002,False,UNKNOWN,Latency Increase affecting Application Service 0002,CLOSED,SYNTHETIC
INC-000101,EP-000101,OBS-000101,SVC-0001,APPLICATION_SERVICE,2024-01-02T04:49:00+00:00,AP-SOUTH,Manufacturing,MEDIUM,service degradation,STEP,CROSS_PLATFORM,TEAM-0001,False,UNKNOWN,Service Degradation affecting Application Service 0001,CLOSED,SYNTHETIC
INC-000102,EP-000102,OBS-000102,SVC-0002,APPLICATION_SERVICE,2024-01-02T05:06:00+00:00,LATAM,Security,LOW,request timeout,PERIODIC,CROSS_PLATFORM,TEAM-0002,False,UNKNOWN,Request Timeout affecting Application Service 0002,CLOSED,SYNTHETIC
INC-000103,EP-000103,OBS-000103,SVC-0002,APPLICATION_SERVICE,2024-01-02T05:23:00+00:00,LATAM,Security,HIGH,queue delay,GRADUAL,CROSS_PLATFORM,TEAM-0002,False,UNKNOWN,Queue Delay affecting Application Service 0002,CLOSED,SYNTHETIC
INC-000104,EP-000104,OBS-000104,SVC-0002,APPLICATION_SERVICE,2024-01-02T05:40:00+00:00,LATAM,Security,MEDIUM,request timeout,POST_CHANGE_STEP,CROSS_PLATFORM,TEAM-0002,False,NOT_CHECKED,Request Timeout affecting Application Service 0002,CLOSED,SYNTHETIC
INC-000105,EP-000105,OBS-000105,SVC-0001,APPLICATION_SERVICE,2024-01-02T05:57:00+00:00,AP-SOUTH,Manufacturing,LOW,request timeout,PERIODIC,CROSS_PLATFORM,TEAM-0001,True,NOT_CHECKED,Request Timeout affecting Application Service 0001,CLOSED,SYNTHETIC
INC-000106,EP-000106,OBS-000106,SVC-0002,APPLICATION_SERVICE,2024-01-02T06:14:00+00:00,LATAM,Security,MEDIUM,queue delay,STEP,CROSS_PLATFORM,TEAM-0002,False,UNKNOWN,Queue Delay affecting Application Service 0002,CLOSED,SYNTHETIC
INC-000107,EP-000107,OBS-000107,SVC-0002,APPLICATION_SERVICE,2024-01-02T06:31:00+00:00,LATAM,Security,HIGH,latency increase,GRADUAL,CROSS_PLATFORM,TEAM-0002,False,NOT_CHECKED,Latency Increase affecting Application Service 0002,CLOSED,SYNTHETIC
INC-000108,EP-000108,OBS-000108,SVC-0002,APPLICATION_SERVICE,2024-01-02T06:48:00+00:00,LATAM,Security,MEDIUM,request timeout,BURST,CROSS_PLATFORM,TEAM-0002,False,UNKNOWN,Request Timeout affecting Application Service 0002,CLOSED,SYNTHETIC
INC-000109,EP-000109,OBS-000109,SVC-0001,APPLICATION_SERVICE,2024-01-02T07:05:00+00:00,AP-SOUTH,Manufacturing,MEDIUM,transaction failure,STEP,CROSS_PLATFORM,TEAM-0001,False,NOT_CHECKED,Transaction Failure affecting Application Service 0001,CLOSED,SYNTHETIC
INC-000110,EP-000110,OBS-000110,SVC-0002,APPLICATION_SERVICE,2024-01-02T07:22:00+00:00,LATAM,Security,MEDIUM,request timeout,STEP,CROSS_PLATFORM,TEAM-0002,False,NOT_CHECKED,Request Timeout affecting Application Service 0002,CLOSED,SYNTHETIC
INC-000111,EP-000111,OBS-000111,SVC-0002,APPLICATION_SERVICE,2024-01-02T07:39:00+00:00,LATAM,Security,MEDIUM,queue delay,POST_CHANGE_STEP,CROSS_PLATFORM,TEAM-0002,False,UNKNOWN,Queue Delay affecting Application Service 0002,CLOSED,SYNTHETIC
INC-000112,EP-000112,OBS-000112,SVC-0002,APPLICATION_SERVICE,2024-01-02T07:56:00+00:00,LATAM,Security,MEDIUM,request timeout,GRADUAL,CROSS_PLATFORM,TEAM-0002,False,NOT_CHECKED,Request Timeout affecting Application Service 0002,CLOSED,SYNTHETIC
INC-000113,EP-000113,OBS-000113,SVC-0001,APPLICATION_SERVICE,2024-01-02T08:13:00+00:00,AP-SOUTH,Manufacturing,HIGH,service degradation,POST_CHANGE_STEP,CROSS_PLATFORM,TEAM-0001,False,UNKNOWN,Service Degradation affecting Application Service 0001,CLOSED,SYNTHETIC
INC-000114,EP-000114,OBS-000114,SVC-0002,APPLICATION_SERVICE,2024-01-02T08:30:00+00:00,LATAM,Security,LOW,service degradation,PERIODIC,CROSS_PLATFORM,TEAM-0002,False,UNKNOWN,Service Degradation affecting Application Service 0002,CLOSED,SYNTHETIC
INC-000115,EP-000115,OBS-000115,SVC-0002,APPLICATION_SERVICE,2024-01-02T08:47:00+00:00,LATAM,Security,LOW,request timeout,STEP,CROSS_PLATFORM,TEAM-0002,True,NOT_CHECKED,Request Timeout affecting Application Service 0002,CLOSED,SYNTHETIC
INC-000116,EP-000116,OBS-000116,SVC-0002,APPLICATION_SERVICE,2024-01-02T09:04:00+00:00,LATAM,Security,LOW,request timeout,BURST,CROSS_PLATFORM,TEAM-0002,True,UNKNOWN,Request Timeout affecting Application Service 0002,CLOSED,SYNTHETIC
INC-000117,EP-000117,OBS-000117,SVC-0001,APPLICATION_SERVICE,2024-01-02T09:21:00+00:00,AP-SOUTH,Manufacturing,CRITICAL,transaction failure,POST_CHANGE_STEP,CROSS_PLATFORM,TEAM-0001,False,NOT_CHECKED,Transaction Failure affecting Application Service 0001,CLOSED,SYNTHETIC
INC-000118,EP-000118,OBS-000118,SVC-0002,APPLICATION_SERVICE,2024-01-02T09:38:00+00:00,LATAM,Security,LOW,queue delay,STEP,CROSS_PLATFORM,TEAM-0002,False,UNKNOWN,Queue Delay affecting Application Service 0002,CLOSED,SYNTHETIC
INC-000119,EP-000119,OBS-000119,SVC-0002,APPLICATION_SERVICE,2024-01-02T09:55:00+00:00,LATAM,Security,HIGH,connection failure,BURST,CROSS_PLATFORM,TEAM-0002,True,UNKNOWN,Connection Failure affecting Application Service 0002,CLOSED,SYNTHETIC
INC-000120,EP-000120,OBS-000120,SVC-0002,APPLICATION_SERVICE,2024-01-02T10:12:00+00:00,LATAM,Security,LOW,queue delay,GRADUAL,CROSS_PLATFORM,TEAM-0002,False,UNKNOWN,Queue Delay affecting Application Service 0002,CLOSED,SYNTHETIC
INC-000121,EP-000121,OBS-000121,SVC-0001,APPLICATION_SERVICE,2024-01-02T10:29:00+00:00,AP-SOUTH,Manufacturing,MEDIUM,queue delay,POST_CHANGE_STEP,CROSS_PLATFORM,TEAM-0001,False,NOT_CHECKED,Queue Delay affecting Application Service 0001,CLOSED,SYNTHETIC
INC-000122,EP-000122,OBS-000122,SVC-0002,APPLICATION_SERVICE,2024-01-02T10:46:00+00:00,LATAM,Security,HIGH,connection failure,GRADUAL,CROSS_PLATFORM,TEAM-0002,False,UNKNOWN,Connection Failure affecting Application Service 0002,CLOSED,SYNTHETIC
INC-000123,EP-000123,OBS-000123,SVC-0002,APPLICATION_SERVICE,2024-01-02T11:03:00+00:00,LATAM,Security,MEDIUM,request timeout,GRADUAL,CROSS_PLATFORM,TEAM-0002,True,UNKNOWN,Request Timeout affecting Application Service 0002,CLOSED,SYNTHETIC
INC-000124,EP-000124,OBS-000124,SVC-0002,APPLICATION_SERVICE,2024-01-02T11:20:00+00:00,LATAM,Security,MEDIUM,transaction failure,BURST,CROSS_PLATFORM,TEAM-0002,False,UNKNOWN,Transaction Failure affecting Application Service 0002,CLOSED,SYNTHETIC
INC-000125,EP-000125,OBS-000125,SVC-0001,APPLICATION_SERVICE,2024-01-02T11:37:00+00:00,AP-SOUTH,Manufacturing,MEDIUM,queue delay,BURST,CROSS_PLATFORM,TEAM-0001,False,NOT_CHECKED,Queue Delay affecting Application Service 0001,CLOSED,SYNTHETIC
INC-000126,EP-000126,OBS-000126,SVC-0002,APPLICATION_SERVICE,2024-01-02T11:54:00+00:00,LATAM,Security,HIGH,queue delay,STEP,CROSS_PLATFORM,TEAM-0002,False,NOT_CHECKED,Queue Delay affecting Application Service 0002,CLOSED,SYNTHETIC
INC-000127,EP-000127,OBS-000127,SVC-0002,APPLICATION_SERVICE,2024-01-02T12:11:00+00:00,LATAM,Security,MEDIUM,request timeout,POST_CHANGE_STEP,CROSS_PLATFORM,TEAM-0002,False,UNKNOWN,Request Timeout affecting Application Service 0002,CLOSED,SYNTHETIC
INC-000128,EP-000128,OBS-000128,SVC-0002,APPLICATION_SERVICE,2024-01-02T12:28:00+00:00,LATAM,Security,MEDIUM,connection failure,BURST,CROSS_PLATFORM,TEAM-0002,False,NOT_CHECKED,Connection Failure affecting Application Service 0002,CLOSED,SYNTHETIC
INC-000129,EP-000129,OBS-000129,SVC-0001,APPLICATION_SERVICE,2024-01-02T12:45:00+00:00,AP-SOUTH,Manufacturing,MEDIUM,service degradation,GRADUAL,CROSS_PLATFORM,TEAM-0001,False,NOT_CHECKED,Service Degradation affecting Application Service 0001,CLOSED,SYNTHETIC
INC-000130,EP-000130,OBS-000130,SVC-0002,APPLICATION_SERVICE,2024-01-02T13:02:00+00:00,LATAM,Security,LOW,authentication failure,STEP,CROSS_PLATFORM,TEAM-0002,False,UNKNOWN,Authentication Failure affecting Application Service 0002,CLOSED,SYNTHETIC
INC-000131,EP-000131,OBS-000131,SVC-0002,APPLICATION_SERVICE,2024-01-02T13:19:00+00:00,LATAM,Security,MEDIUM,service degradation,BURST,CROSS_PLATFORM,TEAM-0002,False,NOT_CHECKED,Service Degradation affecting Application Service 0002,CLOSED,SYNTHETIC
INC-000132,EP-000132,OBS-000132,SVC-0002,APPLICATION_SERVICE,2024-01-02T13:36:00+00:00,LATAM,Security,LOW,queue delay,STEP,CROSS_PLATFORM,TEAM-0002,False,UNKNOWN,Queue Delay affecting Application Service 0002,CLOSED,SYNTHETIC
INC-000133,EP-000133,OBS-000133,SVC-0002,APPLICATION_SERVICE,2024-01-02T13:53:00+00:00,LATAM,Security,CRITICAL,service degradation,PERIODIC,CROSS_PLATFORM,TEAM-0002,False,UNKNOWN,Service Degradation affecting Application Service 0002,CLOSED,SYNTHETIC
INC-000134,EP-000134,OBS-000134,SVC-0001,APPLICATION_SERVICE,2024-01-02T14:10:00+00:00,AP-SOUTH,Manufacturing,LOW,connection failure,PERIODIC,CROSS_PLATFORM,TEAM-0001,True,NOT_CHECKED,Connection Failure affecting Application Service 0001,CLOSED,SYNTHETIC
INC-000135,EP-000135,OBS-000135,SVC-0002,APPLICATION_SERVICE,2024-01-02T14:27:00+00:00,LATAM,Security,HIGH,request timeout,BURST,CROSS_PLATFORM,TEAM-0002,True,UNKNOWN,Request Timeout affecting Application Service 0002,CLOSED,SYNTHETIC
INC-000136,EP-000136,OBS-000136,SVC-0001,APPLICATION_SERVICE,2024-01-02T14:44:00+00:00,AP-SOUTH,Manufacturing,LOW,authentication failure,STEP,CROSS_PLATFORM,TEAM-0001,False,UNKNOWN,Authentication Failure affecting Application Service 0001,CLOSED,SYNTHETIC
INC-000137,EP-000137,OBS-000137,SVC-0002,APPLICATION_SERVICE,2024-01-02T15:01:00+00:00,LATAM,Security,MEDIUM,latency increase,PERIODIC,CROSS_PLATFORM,TEAM-0002,False,NOT_CHECKED,Latency Increase affecting Application Service 0002,CLOSED,SYNTHETIC
INC-000138,EP-000138,OBS-000138,SVC-0001,APPLICATION_SERVICE,2024-01-02T15:18:00+00:00,AP-SOUTH,Manufacturing,MEDIUM,transaction failure,POST_CHANGE_STEP,CROSS_PLATFORM,TEAM-0001,True,UNKNOWN,Transaction Failure affecting Application Service 0001,CLOSED,SYNTHETIC
INC-000139,EP-000139,OBS-000139,SVC-0002,APPLICATION_SERVICE,2024-01-02T15:35:00+00:00,LATAM,Security,CRITICAL,transaction failure,BURST,CROSS_PLATFORM,TEAM-0002,True,UNKNOWN,Transaction Failure affecting Application Service 0002,CLOSED,SYNTHETIC
INC-000140,EP-000140,OBS-000140,SVC-0001,APPLICATION_SERVICE,2024-01-02T15:52:00+00:00,AP-SOUTH,Manufacturing,MEDIUM,queue delay,STEP,CROSS_PLATFORM,TEAM-0001,False,UNKNOWN,Queue Delay affecting Application Service 0001,CLOSED,SYNTHETIC
INC-000141,EP-000141,OBS-000141,SVC-0002,APPLICATION_SERVICE,2024-01-02T16:09:00+00:00,LATAM,Security,LOW,request timeout,GRADUAL,CROSS_PLATFORM,TEAM-0002,True,NOT_CHECKED,Request Timeout affecting Application Service 0002,CLOSED,SYNTHETIC
INC-000142,EP-000142,OBS-000142,SVC-0001,APPLICATION_SERVICE,2024-01-02T16:26:00+00:00,AP-SOUTH,Manufacturing,LOW,connection failure,STEP,CROSS_PLATFORM,TEAM-0001,False,NOT_CHECKED,Connection Failure affecting Application Service 0001,CLOSED,SYNTHETIC
INC-000143,EP-000143,OBS-000143,SVC-0002,APPLICATION_SERVICE,2024-01-02T16:43:00+00:00,LATAM,Security,MEDIUM,transaction failure,GRADUAL,CROSS_PLATFORM,TEAM-0002,False,UNKNOWN,Transaction Failure affecting Application Service 0002,CLOSED,SYNTHETIC
INC-000144,EP-000144,OBS-000144,SVC-0001,APPLICATION_SERVICE,2024-01-02T17:00:00+00:00,AP-SOUTH,Manufacturing,HIGH,service degradation,POST_CHANGE_STEP,CROSS_PLATFORM,TEAM-0001,False,UNKNOWN,Service Degradation affecting Application Service 0001,CLOSED,SYNTHETIC
INC-000145,EP-000145,OBS-000145,SVC-0002,APPLICATION_SERVICE,2024-01-02T17:17:00+00:00,LATAM,Security,MEDIUM,service degradation,STEP,CROSS_PLATFORM,TEAM-0002,False,UNKNOWN,Service Degradation affecting Application Service 0002,CLOSED,SYNTHETIC
INC-000146,EP-000146,OBS-000146,SVC-0001,APPLICATION_SERVICE,2024-01-02T17:34:00+00:00,AP-SOUTH,Manufacturing,MEDIUM,latency increase,STEP,CROSS_PLATFORM,TEAM-0001,False,NOT_CHECKED,Latency Increase affecting Application Service 0001,CLOSED,SYNTHETIC
INC-000147,EP-000147,OBS-000147,SVC-0002,APPLICATION_SERVICE,2024-01-02T17:51:00+00:00,LATAM,Security,LOW,transaction failure,STEP,CROSS_PLATFORM,TEAM-0002,False,UNKNOWN,Transaction Failure affecting Application Service 0002,CLOSED,SYNTHETIC
INC-000148,EP-000148,OBS-000148,SVC-0001,APPLICATION_SERVICE,2024-01-02T18:08:00+00:00,AP-SOUTH,Manufacturing,MEDIUM,authentication failure,POST_CHANGE_STEP,CROSS_PLATFORM,TEAM-0001,False,NOT_CHECKED,Authentication Failure affecting Application Service 0001,CLOSED,SYNTHETIC
INC-000149,EP-000149,OBS-000149,SVC-0002,APPLICATION_SERVICE,2024-01-02T18:25:00+00:00,LATAM,Security,MEDIUM,latency increase,POST_CHANGE_STEP,CROSS_PLATFORM,TEAM-0002,True,UNKNOWN,Latency Increase affecting Application Service 0002,CLOSED,SYNTHETIC
INC-000150,EP-000150,OBS-000150,SVC-0001,APPLICATION_SERVICE,2024-01-02T18:42:00+00:00,AP-SOUTH,Manufacturing,HIGH,request timeout,BURST,CROSS_PLATFORM,TEAM-0001,False,NOT_CHECKED,Request Timeout affecting Application Service 0001,CLOSED,SYNTHETIC
INC-000151,EP-000151,OBS-000151,SVC-0002,APPLICATION_SERVICE,2024-01-02T18:59:00+00:00,LATAM,Security,LOW,transaction failure,POST_CHANGE_STEP,CROSS_PLATFORM,TEAM-0002,False,NOT_CHECKED,Transaction Failure affecting Application Service 0002,CLOSED,SYNTHETIC
INC-000152,EP-000152,OBS-000152,SVC-0001,APPLICATION_SERVICE,2024-01-02T19:16:00+00:00,AP-SOUTH,Manufacturing,HIGH,service degradation,POST_CHANGE_STEP,CROSS_PLATFORM,TEAM-0001,False,NOT_CHECKED,Service Degradation affecting Application Service 0001,CLOSED,SYNTHETIC
INC-000153,EP-000153,OBS-000153,SVC-0002,APPLICATION_SERVICE,2024-01-02T19:33:00+00:00,LATAM,Security,MEDIUM,request timeout,PERIODIC,CROSS_PLATFORM,TEAM-0002,True,UNKNOWN,Request Timeout affecting Application Service 0002,CLOSED,SYNTHETIC
INC-000154,EP-000154,OBS-000154,SVC-0001,APPLICATION_SERVICE,2024-01-02T19:50:00+00:00,AP-SOUTH,Manufacturing,HIGH,queue delay,POST_CHANGE_STEP,CROSS_PLATFORM,TEAM-0001,True,UNKNOWN,Queue Delay affecting Application Service 0001,CLOSED,SYNTHETIC
INC-000155,EP-000155,OBS-000155,SVC-0002,APPLICATION_SERVICE,2024-01-02T20:07:00+00:00,LATAM,Security,MEDIUM,service degradation,STEP,CROSS_PLATFORM,TEAM-0002,False,NOT_CHECKED,Service Degradation affecting Application Service 0002,CLOSED,SYNTHETIC
INC-000156,EP-000156,OBS-000156,SVC-0001,APPLICATION_SERVICE,2024-01-02T20:24:00+00:00,AP-SOUTH,Manufacturing,MEDIUM,latency increase,BURST,CROSS_PLATFORM,TEAM-0001,False,UNKNOWN,Latency Increase affecting Application Service 0001,CLOSED,SYNTHETIC
INC-000157,EP-000157,OBS-000157,SVC-0002,APPLICATION_SERVICE,2024-01-02T20:41:00+00:00,LATAM,Security,MEDIUM,transaction failure,PERIODIC,CROSS_PLATFORM,TEAM-0002,False,UNKNOWN,Transaction Failure affecting Application Service 0002,CLOSED,SYNTHETIC
INC-000158,EP-000158,OBS-000158,SVC-0001,APPLICATION_SERVICE,2024-01-02T20:58:00+00:00,AP-SOUTH,Manufacturing,CRITICAL,connection failure,STEP,CROSS_PLATFORM,TEAM-0001,False,UNKNOWN,Connection Failure affecting Application Service 0001,CLOSED,SYNTHETIC
INC-000159,EP-000159,OBS-000159,SVC-0002,APPLICATION_SERVICE,2024-01-02T21:15:00+00:00,LATAM,Security,MEDIUM,latency increase,BURST,CROSS_PLATFORM,TEAM-0002,False,UNKNOWN,Latency Increase affecting Application Service 0002,CLOSED,SYNTHETIC
INC-000160,EP-000160,OBS-000160,SVC-0001,APPLICATION_SERVICE,2024-01-02T21:32:00+00:00,AP-SOUTH,Manufacturing,MEDIUM,authentication failure,PERIODIC,CROSS_PLATFORM,TEAM-0001,False,NOT_CHECKED,Authentication Failure affecting Application Service 0001,CLOSED,SYNTHETIC
INC-000161,EP-000161,OBS-000161,SVC-0002,APPLICATION_SERVICE,2024-01-02T21:49:00+00:00,LATAM,Security,MEDIUM,service degradation,BURST,CROSS_PLATFORM,TEAM-0002,False,NOT_CHECKED,Service Degradation affecting Application Service 0002,CLOSED,SYNTHETIC
INC-000162,EP-000162,OBS-000162,SVC-0001,APPLICATION_SERVICE,2024-01-02T22:06:00+00:00,AP-SOUTH,Manufacturing,MEDIUM,connection failure,BURST,CROSS_PLATFORM,TEAM-0001,True,NOT_CHECKED,Connection Failure affecting Application Service 0001,CLOSED,SYNTHETIC
INC-000163,EP-000163,OBS-000163,SVC-0002,APPLICATION_SERVICE,2024-01-02T22:23:00+00:00,LATAM,Security,MEDIUM,service degradation,STEP,CROSS_PLATFORM,TEAM-0002,False,UNKNOWN,Service Degradation affecting Application Service 0002,CLOSED,SYNTHETIC
INC-000164,EP-000164,OBS-000164,SVC-0001,APPLICATION_SERVICE,2024-01-02T22:40:00+00:00,AP-SOUTH,Manufacturing,MEDIUM,transaction failure,STEP,CROSS_PLATFORM,TEAM-0001,False,NOT_CHECKED,Transaction Failure affecting Application Service 0001,CLOSED,SYNTHETIC
INC-000165,EP-000165,OBS-000165,SVC-0002,APPLICATION_SERVICE,2024-01-02T22:57:00+00:00,LATAM,Security,MEDIUM,transaction failure,PERIODIC,CROSS_PLATFORM,TEAM-0002,False,NOT_CHECKED,Transaction Failure affecting Application Service 0002,CLOSED,SYNTHETIC
INC-000166,EP-000166,OBS-000166,SVC-0001,APPLICATION_SERVICE,2024-01-02T23:14:00+00:00,AP-SOUTH,Manufacturing,HIGH,queue delay,STEP,CROSS_PLATFORM,TEAM-0001,True,NOT_CHECKED,Queue Delay affecting Application Service 0001,CLOSED,SYNTHETIC
INC-000167,EP-000167,OBS-000167,SVC-0002,APPLICATION_SERVICE,2024-01-02T23:31:00+00:00,LATAM,Security,HIGH,latency increase,BURST,CROSS_PLATFORM,TEAM-0002,False,UNKNOWN,Latency Increase affecting Application Service 0002,CLOSED,SYNTHETIC
INC-000168,EP-000168,OBS-000168,SVC-0001,APPLICATION_SERVICE,2024-01-02T23:48:00+00:00,AP-SOUTH,Manufacturing,HIGH,queue delay,PERIODIC,CROSS_PLATFORM,TEAM-0001,False,UNKNOWN,Queue Delay affecting Application Service 0001,CLOSED,SYNTHETIC
INC-000169,EP-000169,OBS-000169,SVC-0002,APPLICATION_SERVICE,2024-01-03T00:05:00+00:00,LATAM,Security,LOW,connection failure,PERIODIC,CROSS_PLATFORM,TEAM-0002,False,UNKNOWN,Connection Failure affecting Application Service 0002,CLOSED,SYNTHETIC
INC-000170,EP-000170,OBS-000170,SVC-0001,APPLICATION_SERVICE,2024-01-03T00:22:00+00:00,AP-SOUTH,Manufacturing,MEDIUM,request timeout,STEP,CROSS_PLATFORM,TEAM-0001,False,UNKNOWN,Request Timeout affecting Application Service 0001,CLOSED,SYNTHETIC
INC-000171,EP-000171,OBS-000171,SVC-0002,APPLICATION_SERVICE,2024-01-03T00:39:00+00:00,LATAM,Security,LOW,transaction failure,PERIODIC,CROSS_PLATFORM,TEAM-0002,False,NOT_CHECKED,Transaction Failure affecting Application Service 0002,CLOSED,SYNTHETIC
INC-000172,EP-000172,OBS-000172,SVC-0001,APPLICATION_SERVICE,2024-01-03T00:56:00+00:00,AP-SOUTH,Manufacturing,MEDIUM,service degradation,POST_CHANGE_STEP,CROSS_PLATFORM,TEAM-0001,False,NOT_CHECKED,Service Degradation affecting Application Service 0001,CLOSED,SYNTHETIC
INC-000173,EP-000173,OBS-000173,SVC-0002,APPLICATION_SERVICE,2024-01-03T01:13:00+00:00,LATAM,Security,HIGH,request timeout,BURST,CROSS_PLATFORM,TEAM-0002,False,UNKNOWN,Request Timeout affecting Application Service 0002,CLOSED,SYNTHETIC
INC-000174,EP-000174,OBS-000174,SVC-0001,APPLICATION_SERVICE,2024-01-03T01:30:00+00:00,AP-SOUTH,Manufacturing,HIGH,latency increase,PERIODIC,CROSS_PLATFORM,TEAM-0001,False,NOT_CHECKED,Latency Increase affecting Application Service 0001,CLOSED,SYNTHETIC
INC-000175,EP-000175,OBS-000175,SVC-0002,APPLICATION_SERVICE,2024-01-03T01:47:00+00:00,LATAM,Security,HIGH,request timeout,POST_CHANGE_STEP,CROSS_PLATFORM,TEAM-0002,False,NOT_CHECKED,Request Timeout affecting Application Service 0002,CLOSED,SYNTHETIC
INC-000176,EP-000176,OBS-000176,SVC-0001,APPLICATION_SERVICE,2024-01-03T02:04:00+00:00,AP-SOUTH,Manufacturing,LOW,authentication failure,BURST,CROSS_PLATFORM,TEAM-0001,False,UNKNOWN,Authentication Failure affecting Application Service 0001,CLOSED,SYNTHETIC
INC-000177,EP-000177,OBS-000177,SVC-0002,APPLICATION_SERVICE,2024-01-03T02:21:00+00:00,LATAM,Security,MEDIUM,service degradation,POST_CHANGE_STEP,CROSS_PLATFORM,TEAM-0002,True,NOT_CHECKED,Service Degradation affecting Application Service 0002,CLOSED,SYNTHETIC
INC-000178,EP-000178,OBS-000178,SVC-0001,APPLICATION_SERVICE,2024-01-03T02:38:00+00:00,AP-SOUTH,Manufacturing,LOW,request timeout,STEP,CROSS_PLATFORM,TEAM-0001,True,NOT_CHECKED,Request Timeout affecting Application Service 0001,CLOSED,SYNTHETIC
INC-000179,EP-000179,OBS-000179,SVC-0002,APPLICATION_SERVICE,2024-01-03T02:55:00+00:00,LATAM,Security,CRITICAL,connection failure,PERIODIC,CROSS_PLATFORM,TEAM-0002,False,UNKNOWN,Connection Failure affecting Application Service 0002,CLOSED,SYNTHETIC
INC-000180,EP-000180,OBS-000180,SVC-0001,APPLICATION_SERVICE,2024-01-03T03:12:00+00:00,AP-SOUTH,Manufacturing,MEDIUM,queue delay,BURST,CROSS_PLATFORM,TEAM-0001,False,UNKNOWN,Queue Delay affecting Application Service 0001,CLOSED,SYNTHETIC
INC-000181,EP-000181,OBS-000181,SVC-0002,APPLICATION_SERVICE,2024-01-03T03:29:00+00:00,LATAM,Security,HIGH,queue delay,BURST,CROSS_PLATFORM,TEAM-0002,False,NOT_CHECKED,Queue Delay affecting Application Service 0002,CLOSED,SYNTHETIC
INC-000182,EP-000182,OBS-000182,SVC-0001,APPLICATION_SERVICE,2024-01-03T03:46:00+00:00,AP-SOUTH,Manufacturing,CRITICAL,request timeout,BURST,CROSS_PLATFORM,TEAM-0001,False,NOT_CHECKED,Request Timeout affecting Application Service 0001,CLOSED,SYNTHETIC
INC-000183,EP-000183,OBS-000183,SVC-0002,APPLICATION_SERVICE,2024-01-03T04:03:00+00:00,LATAM,Security,MEDIUM,service degradation,GRADUAL,CROSS_PLATFORM,TEAM-0002,True,NOT_CHECKED,Service Degradation affecting Application Service 0002,CLOSED,SYNTHETIC
INC-000184,EP-000184,OBS-000184,SVC-0001,APPLICATION_SERVICE,2024-01-03T04:20:00+00:00,AP-SOUTH,Manufacturing,MEDIUM,transaction failure,BURST,CROSS_PLATFORM,TEAM-0001,False,NOT_CHECKED,Transaction Failure affecting Application Service 0001,CLOSED,SYNTHETIC
INC-000185,EP-000185,OBS-000185,SVC-0002,APPLICATION_SERVICE,2024-01-03T04:37:00+00:00,LATAM,Security,LOW,authentication failure,POST_CHANGE_STEP,CROSS_PLATFORM,TEAM-0002,False,NOT_CHECKED,Authentication Failure affecting Application Service 0002,CLOSED,SYNTHETIC
INC-000186,EP-000186,OBS-000186,SVC-0001,APPLICATION_SERVICE,2024-01-03T04:54:00+00:00,AP-SOUTH,Manufacturing,MEDIUM,latency increase,GRADUAL,CROSS_PLATFORM,TEAM-0001,False,NOT_CHECKED,Latency Increase affecting Application Service 0001,CLOSED,SYNTHETIC
INC-000187,EP-000187,OBS-000187,SVC-0001,APPLICATION_SERVICE,2024-01-03T05:11:00+00:00,AP-SOUTH,Manufacturing,MEDIUM,connection failure,BURST,CROSS_PLATFORM,TEAM-0001,False,UNKNOWN,Connection Failure affecting Application Service 0001,CLOSED,SYNTHETIC
INC-000188,EP-000188,OBS-000188,SVC-0003,APPLICATION_SERVICE,2024-01-03T05:28:00+00:00,EU-CENTRAL,HR,LOW,authentication failure,PERIODIC,CROSS_PLATFORM,TEAM-0003,False,UNKNOWN,Authentication Failure affecting Application Service 0003,CLOSED,SYNTHETIC
INC-000189,EP-000189,OBS-000189,SVC-0001,APPLICATION_SERVICE,2024-01-03T05:45:00+00:00,AP-SOUTH,Manufacturing,LOW,service degradation,GRADUAL,CROSS_PLATFORM,TEAM-0001,True,NOT_CHECKED,Service Degradation affecting Application Service 0001,CLOSED,SYNTHETIC
INC-000190,EP-000190,OBS-000190,SVC-0001,APPLICATION_SERVICE,2024-01-03T06:02:00+00:00,AP-SOUTH,Manufacturing,LOW,authentication failure,GRADUAL,CROSS_PLATFORM,TEAM-0001,False,UNKNOWN,Authentication Failure affecting Application Service 0001,CLOSED,SYNTHETIC
INC-000191,EP-000191,OBS-000191,SVC-0007,APPLICATION_SERVICE,2024-01-03T06:19:00+00:00,EU-WEST,Supply Chain,LOW,authentication failure,BURST,CROSS_PLATFORM,TEAM-0007,False,UNKNOWN,Authentication Failure affecting Application Service 0007,CLOSED,SYNTHETIC
INC-000192,EP-000192,OBS-000192,SVC-0001,APPLICATION_SERVICE,2024-01-03T06:36:00+00:00,AP-SOUTH,Manufacturing,HIGH,queue delay,STEP,CROSS_PLATFORM,TEAM-0001,False,NOT_CHECKED,Queue Delay affecting Application Service 0001,CLOSED,SYNTHETIC
INC-000193,EP-000193,OBS-000193,SVC-0001,APPLICATION_SERVICE,2024-01-03T06:53:00+00:00,AP-SOUTH,Manufacturing,MEDIUM,connection failure,BURST,CROSS_PLATFORM,TEAM-0001,False,NOT_CHECKED,Connection Failure affecting Application Service 0001,CLOSED,SYNTHETIC
INC-000194,EP-000194,OBS-000194,SVC-0001,APPLICATION_SERVICE,2024-01-03T07:10:00+00:00,AP-SOUTH,Manufacturing,HIGH,service degradation,BURST,CROSS_PLATFORM,TEAM-0001,True,UNKNOWN,Service Degradation affecting Application Service 0001,CLOSED,SYNTHETIC
INC-000195,EP-000195,OBS-000195,SVC-0001,APPLICATION_SERVICE,2024-01-03T07:27:00+00:00,AP-SOUTH,Manufacturing,MEDIUM,authentication failure,BURST,CROSS_PLATFORM,TEAM-0001,False,NOT_CHECKED,Authentication Failure affecting Application Service 0001,CLOSED,SYNTHETIC
INC-000196,EP-000196,OBS-000196,SVC-0003,APPLICATION_SERVICE,2024-01-03T07:44:00+00:00,EU-CENTRAL,HR,LOW,request timeout,GRADUAL,CROSS_PLATFORM,TEAM-0003,False,NOT_CHECKED,Request Timeout affecting Application Service 0003,CLOSED,SYNTHETIC
INC-000197,EP-000197,OBS-000197,SVC-0001,APPLICATION_SERVICE,2024-01-03T08:01:00+00:00,AP-SOUTH,Manufacturing,HIGH,service degradation,POST_CHANGE_STEP,CROSS_PLATFORM,TEAM-0001,True,NOT_CHECKED,Service Degradation affecting Application Service 0001,CLOSED,SYNTHETIC
INC-000198,EP-000198,OBS-000198,SVC-0001,APPLICATION_SERVICE,2024-01-03T08:18:00+00:00,AP-SOUTH,Manufacturing,HIGH,authentication failure,GRADUAL,CROSS_PLATFORM,TEAM-0001,True,NOT_CHECKED,Authentication Failure affecting Application Service 0001,CLOSED,SYNTHETIC
INC-000199,EP-000199,OBS-000199,SVC-0007,APPLICATION_SERVICE,2024-01-03T08:35:00+00:00,EU-WEST,Supply Chain,HIGH,authentication failure,STEP,CROSS_PLATFORM,TEAM-0007,False,NOT_CHECKED,Authentication Failure affecting Application Service 0007,CLOSED,SYNTHETIC
INC-000200,EP-000200,OBS-000200,SVC-0001,APPLICATION_SERVICE,2024-01-03T08:52:00+00:00,AP-SOUTH,Manufacturing,MEDIUM,service degradation,POST_CHANGE_STEP,CROSS_PLATFORM,TEAM-0001,False,NOT_CHECKED,Service Degradation affecting Application Service 0001,CLOSED,SYNTHETIC
INC-000201,EP-000201,OBS-000201,SVC-0001,APPLICATION_SERVICE,2024-01-03T09:09:00+00:00,AP-SOUTH,Manufacturing,MEDIUM,queue delay,GRADUAL,CROSS_PLATFORM,TEAM-0001,False,NOT_CHECKED,Queue Delay affecting Application Service 0001,CLOSED,SYNTHETIC
INC-000202,EP-000202,OBS-000202,SVC-0001,APPLICATION_SERVICE,2024-01-03T09:26:00+00:00,AP-SOUTH,Manufacturing,LOW,latency increase,PERIODIC,CROSS_PLATFORM,TEAM-0001,False,NOT_CHECKED,Latency Increase affecting Application Service 0001,CLOSED,SYNTHETIC
INC-000203,EP-000203,OBS-000203,SVC-0001,APPLICATION_SERVICE,2024-01-03T09:43:00+00:00,AP-SOUTH,Manufacturing,MEDIUM,authentication failure,POST_CHANGE_STEP,CROSS_PLATFORM,TEAM-0001,False,NOT_CHECKED,Authentication Failure affecting Application Service 0001,CLOSED,SYNTHETIC
INC-000204,EP-000204,OBS-000204,SVC-0003,APPLICATION_SERVICE,2024-01-03T10:00:00+00:00,EU-CENTRAL,HR,MEDIUM,request timeout,PERIODIC,CROSS_PLATFORM,TEAM-0003,False,UNKNOWN,Request Timeout affecting Application Service 0003,CLOSED,SYNTHETIC
INC-000205,EP-000205,OBS-000205,SVC-0001,APPLICATION_SERVICE,2024-01-03T10:17:00+00:00,AP-SOUTH,Manufacturing,LOW,service degradation,STEP,CROSS_PLATFORM,TEAM-0001,True,NOT_CHECKED,Service Degradation affecting Application Service 0001,CLOSED,SYNTHETIC
INC-000206,EP-000206,OBS-000206,SVC-0001,APPLICATION_SERVICE,2024-01-03T10:34:00+00:00,AP-SOUTH,Manufacturing,HIGH,authentication failure,GRADUAL,CROSS_PLATFORM,TEAM-0001,False,NOT_CHECKED,Authentication Failure affecting Application Service 0001,CLOSED,SYNTHETIC
INC-000207,EP-000207,OBS-000207,SVC-0007,APPLICATION_SERVICE,2024-01-03T10:51:00+00:00,EU-WEST,Supply Chain,LOW,latency increase,GRADUAL,CROSS_PLATFORM,TEAM-0007,True,UNKNOWN,Latency Increase affecting Application Service 0007,CLOSED,SYNTHETIC
INC-000208,EP-000208,OBS-000208,SVC-0001,APPLICATION_SERVICE,2024-01-03T11:08:00+00:00,AP-SOUTH,Manufacturing,MEDIUM,connection failure,STEP,CROSS_PLATFORM,TEAM-0001,False,NOT_CHECKED,Connection Failure affecting Application Service 0001,CLOSED,SYNTHETIC
INC-000209,EP-000209,OBS-000209,SVC-0001,APPLICATION_SERVICE,2024-01-03T11:25:00+00:00,AP-SOUTH,Manufacturing,HIGH,latency increase,GRADUAL,CROSS_PLATFORM,TEAM-0001,False,NOT_CHECKED,Latency Increase affecting Application Service 0001,CLOSED,SYNTHETIC
INC-000210,EP-000210,OBS-000210,SVC-0001,APPLICATION_SERVICE,2024-01-03T11:42:00+00:00,AP-SOUTH,Manufacturing,LOW,connection failure,GRADUAL,CROSS_PLATFORM,TEAM-0001,True,UNKNOWN,Connection Failure affecting Application Service 0001,CLOSED,SYNTHETIC
INC-000211,EP-000211,OBS-000211,SVC-0001,APPLICATION_SERVICE,2024-01-03T11:59:00+00:00,AP-SOUTH,Manufacturing,HIGH,connection failure,BURST,CROSS_PLATFORM,TEAM-0001,False,NOT_CHECKED,Connection Failure affecting Application Service 0001,CLOSED,SYNTHETIC
INC-000212,EP-000212,OBS-000212,SVC-0003,APPLICATION_SERVICE,2024-01-03T12:16:00+00:00,EU-CENTRAL,HR,HIGH,connection failure,POST_CHANGE_STEP,CROSS_PLATFORM,TEAM-0003,False,UNKNOWN,Connection Failure affecting Application Service 0003,CLOSED,SYNTHETIC
INC-000213,EP-000213,OBS-000213,SVC-0001,APPLICATION_SERVICE,2024-01-03T12:33:00+00:00,AP-SOUTH,Manufacturing,MEDIUM,queue delay,STEP,CROSS_PLATFORM,TEAM-0001,False,NOT_CHECKED,Queue Delay affecting Application Service 0001,CLOSED,SYNTHETIC
INC-000214,EP-000214,OBS-000214,SVC-0001,APPLICATION_SERVICE,2024-01-03T12:50:00+00:00,AP-SOUTH,Manufacturing,MEDIUM,transaction failure,STEP,CROSS_PLATFORM,TEAM-0001,False,UNKNOWN,Transaction Failure affecting Application Service 0001,CLOSED,SYNTHETIC
INC-000215,EP-000215,OBS-000215,SVC-0007,APPLICATION_SERVICE,2024-01-03T13:07:00+00:00,EU-WEST,Supply Chain,LOW,authentication failure,PERIODIC,CROSS_PLATFORM,TEAM-0007,False,NOT_CHECKED,Authentication Failure affecting Application Service 0007,CLOSED,SYNTHETIC
INC-000216,EP-000216,OBS-000216,SVC-0001,APPLICATION_SERVICE,2024-01-03T13:24:00+00:00,AP-SOUTH,Manufacturing,HIGH,request timeout,STEP,CROSS_PLATFORM,TEAM-0001,False,UNKNOWN,Request Timeout affecting Application Service 0001,CLOSED,SYNTHETIC
INC-000217,EP-000217,OBS-000217,SVC-0001,APPLICATION_SERVICE,2024-01-03T13:41:00+00:00,AP-SOUTH,Manufacturing,HIGH,queue delay,GRADUAL,CROSS_PLATFORM,TEAM-0001,False,NOT_CHECKED,Queue Delay affecting Application Service 0001,CLOSED,SYNTHETIC
INC-000218,EP-000218,OBS-000218,SVC-0001,APPLICATION_SERVICE,2024-01-03T13:58:00+00:00,AP-SOUTH,Manufacturing,MEDIUM,queue delay,STEP,CROSS_PLATFORM,TEAM-0001,False,NOT_CHECKED,Queue Delay affecting Application Service 0001,CLOSED,SYNTHETIC
INC-000219,EP-000219,OBS-000219,SVC-0001,APPLICATION_SERVICE,2024-01-03T14:15:00+00:00,AP-SOUTH,Manufacturing,MEDIUM,queue delay,POST_CHANGE_STEP,CROSS_PLATFORM,TEAM-0001,False,NOT_CHECKED,Queue Delay affecting Application Service 0001,CLOSED,SYNTHETIC
INC-000220,EP-000220,OBS-000220,SVC-0003,APPLICATION_SERVICE,2024-01-03T14:32:00+00:00,EU-CENTRAL,HR,MEDIUM,authentication failure,GRADUAL,CROSS_PLATFORM,TEAM-0003,False,UNKNOWN,Authentication Failure affecting Application Service 0003,CLOSED,SYNTHETIC
INC-000221,EP-000221,OBS-000221,SVC-0001,APPLICATION_SERVICE,2024-01-03T14:49:00+00:00,AP-SOUTH,Manufacturing,LOW,transaction failure,BURST,CROSS_PLATFORM,TEAM-0001,False,NOT_CHECKED,Transaction Failure affecting Application Service 0001,CLOSED,SYNTHETIC
INC-000222,EP-000222,OBS-000222,SVC-0001,APPLICATION_SERVICE,2024-01-03T15:06:00+00:00,AP-SOUTH,Manufacturing,MEDIUM,queue delay,PERIODIC,CROSS_PLATFORM,TEAM-0001,False,NOT_CHECKED,Queue Delay affecting Application Service 0001,CLOSED,SYNTHETIC
INC-000223,EP-000223,OBS-000223,SVC-0007,APPLICATION_SERVICE,2024-01-03T15:23:00+00:00,EU-WEST,Supply Chain,MEDIUM,service degradation,GRADUAL,CROSS_PLATFORM,TEAM-0007,False,NOT_CHECKED,Service Degradation affecting Application Service 0007,CLOSED,SYNTHETIC
INC-000224,EP-000224,OBS-000224,SVC-0001,APPLICATION_SERVICE,2024-01-03T15:40:00+00:00,AP-SOUTH,Manufacturing,MEDIUM,transaction failure,GRADUAL,CROSS_PLATFORM,TEAM-0001,False,UNKNOWN,Transaction Failure affecting Application Service 0001,CLOSED,SYNTHETIC
INC-000225,EP-000225,OBS-000225,SVC-0001,APPLICATION_SERVICE,2024-01-03T15:57:00+00:00,AP-SOUTH,Manufacturing,LOW,service degradation,STEP,CROSS_PLATFORM,TEAM-0001,True,NOT_CHECKED,Service Degradation affecting Application Service 0001,CLOSED,SYNTHETIC
INC-000226,EP-000226,OBS-000226,SVC-0001,APPLICATION_SERVICE,2024-01-03T16:14:00+00:00,AP-SOUTH,Manufacturing,MEDIUM,service degradation,PERIODIC,CROSS_PLATFORM,TEAM-0001,False,NOT_CHECKED,Service Degradation affecting Application Service 0001,CLOSED,SYNTHETIC
INC-000227,EP-000227,OBS-000227,SVC-0001,APPLICATION_SERVICE,2024-01-03T16:31:00+00:00,AP-SOUTH,Manufacturing,MEDIUM,connection failure,BURST,CROSS_PLATFORM,TEAM-0001,False,NOT_CHECKED,Connection Failure affecting Application Service 0001,CLOSED,SYNTHETIC
INC-000228,EP-000228,OBS-000228,SVC-0003,APPLICATION_SERVICE,2024-01-03T16:48:00+00:00,EU-CENTRAL,HR,MEDIUM,connection failure,STEP,CROSS_PLATFORM,TEAM-0003,False,NOT_CHECKED,Connection Failure affecting Application Service 0003,CLOSED,SYNTHETIC
INC-000229,EP-000229,OBS-000229,SVC-0001,APPLICATION_SERVICE,2024-01-03T17:05:00+00:00,AP-SOUTH,Manufacturing,MEDIUM,queue delay,PERIODIC,CROSS_PLATFORM,TEAM-0001,False,UNKNOWN,Queue Delay affecting Application Service 0001,CLOSED,SYNTHETIC
INC-000230,EP-000230,OBS-000230,SVC-0001,APPLICATION_SERVICE,2024-01-03T17:22:00+00:00,AP-SOUTH,Manufacturing,HIGH,request timeout,STEP,CROSS_PLATFORM,TEAM-0001,False,UNKNOWN,Request Timeout affecting Application Service 0001,CLOSED,SYNTHETIC
INC-000231,EP-000231,OBS-000231,SVC-0007,APPLICATION_SERVICE,2024-01-03T17:39:00+00:00,EU-WEST,Supply Chain,LOW,service degradation,PERIODIC,CROSS_PLATFORM,TEAM-0007,True,NOT_CHECKED,Service Degradation affecting Application Service 0007,CLOSED,SYNTHETIC
INC-000232,EP-000232,OBS-000232,SVC-0001,APPLICATION_SERVICE,2024-01-03T17:56:00+00:00,AP-SOUTH,Manufacturing,LOW,connection failure,BURST,CROSS_PLATFORM,TEAM-0001,False,UNKNOWN,Connection Failure affecting Application Service 0001,CLOSED,SYNTHETIC
INC-000233,EP-000233,OBS-000233,SVC-0001,APPLICATION_SERVICE,2024-01-03T18:13:00+00:00,AP-SOUTH,Manufacturing,MEDIUM,authentication failure,STEP,CROSS_PLATFORM,TEAM-0001,False,NOT_CHECKED,Authentication Failure affecting Application Service 0001,CLOSED,SYNTHETIC
INC-000234,EP-000234,OBS-000234,SVC-0001,APPLICATION_SERVICE,2024-01-03T18:30:00+00:00,AP-SOUTH,Manufacturing,MEDIUM,authentication failure,STEP,CROSS_PLATFORM,TEAM-0001,False,UNKNOWN,Authentication Failure affecting Application Service 0001,CLOSED,SYNTHETIC
INC-000235,EP-000235,OBS-000235,SVC-0001,APPLICATION_SERVICE,2024-01-03T18:47:00+00:00,AP-SOUTH,Manufacturing,MEDIUM,service degradation,GRADUAL,CROSS_PLATFORM,TEAM-0001,True,NOT_CHECKED,Service Degradation affecting Application Service 0001,CLOSED,SYNTHETIC
INC-000236,EP-000236,OBS-000236,SVC-0003,APPLICATION_SERVICE,2024-01-03T19:04:00+00:00,EU-CENTRAL,HR,MEDIUM,latency increase,POST_CHANGE_STEP,CROSS_PLATFORM,TEAM-0003,True,NOT_CHECKED,Latency Increase affecting Application Service 0003,CLOSED,SYNTHETIC
INC-000237,EP-000237,OBS-000237,SVC-0001,APPLICATION_SERVICE,2024-01-03T19:21:00+00:00,AP-SOUTH,Manufacturing,MEDIUM,request timeout,STEP,CROSS_PLATFORM,TEAM-0001,False,NOT_CHECKED,Request Timeout affecting Application Service 0001,CLOSED,SYNTHETIC
INC-000238,EP-000238,OBS-000238,SVC-0001,APPLICATION_SERVICE,2024-01-03T19:38:00+00:00,AP-SOUTH,Manufacturing,MEDIUM,request timeout,STEP,CROSS_PLATFORM,TEAM-0001,True,UNKNOWN,Request Timeout affecting Application Service 0001,CLOSED,SYNTHETIC
INC-000239,EP-000239,OBS-000239,SVC-0007,APPLICATION_SERVICE,2024-01-03T19:55:00+00:00,EU-WEST,Supply Chain,LOW,connection failure,BURST,CROSS_PLATFORM,TEAM-0007,False,NOT_CHECKED,Connection Failure affecting Application Service 0007,CLOSED,SYNTHETIC
INC-000240,EP-000240,OBS-000240,SVC-0001,APPLICATION_SERVICE,2024-01-03T20:12:00+00:00,AP-SOUTH,Manufacturing,LOW,latency increase,STEP,CROSS_PLATFORM,TEAM-0001,True,NOT_CHECKED,Latency Increase affecting Application Service 0001,CLOSED,SYNTHETIC
INC-000241,EP-000241,OBS-000241,SVC-0001,APPLICATION_SERVICE,2024-01-03T20:29:00+00:00,AP-SOUTH,Manufacturing,CRITICAL,queue delay,POST_CHANGE_STEP,CROSS_PLATFORM,TEAM-0001,False,UNKNOWN,Queue Delay affecting Application Service 0001,CLOSED,SYNTHETIC
INC-000242,EP-000242,OBS-000242,SVC-0001,APPLICATION_SERVICE,2024-01-03T20:46:00+00:00,AP-SOUTH,Manufacturing,LOW,service degradation,GRADUAL,CROSS_PLATFORM,TEAM-0001,False,NOT_CHECKED,Service Degradation affecting Application Service 0001,CLOSED,SYNTHETIC
INC-000243,EP-000243,OBS-000243,SVC-0001,APPLICATION_SERVICE,2024-01-03T21:03:00+00:00,AP-SOUTH,Manufacturing,LOW,request timeout,PERIODIC,CROSS_PLATFORM,TEAM-0001,True,UNKNOWN,Request Timeout affecting Application Service 0001,CLOSED,SYNTHETIC
INC-000244,EP-000244,OBS-000244,SVC-0003,APPLICATION_SERVICE,2024-01-03T21:20:00+00:00,EU-CENTRAL,HR,MEDIUM,latency increase,POST_CHANGE_STEP,CROSS_PLATFORM,TEAM-0003,True,UNKNOWN,Latency Increase affecting Application Service 0003,CLOSED,SYNTHETIC
INC-000245,EP-000245,OBS-000245,SVC-0001,APPLICATION_SERVICE,2024-01-03T21:37:00+00:00,AP-SOUTH,Manufacturing,HIGH,request timeout,PERIODIC,CROSS_PLATFORM,TEAM-0001,True,UNKNOWN,Request Timeout affecting Application Service 0001,CLOSED,SYNTHETIC
INC-000246,EP-000246,OBS-000246,SVC-0001,APPLICATION_SERVICE,2024-01-03T21:54:00+00:00,AP-SOUTH,Manufacturing,LOW,service degradation,STEP,CROSS_PLATFORM,TEAM-0001,False,UNKNOWN,Service Degradation affecting Application Service 0001,CLOSED,SYNTHETIC
INC-000247,EP-000247,OBS-000247,SVC-0007,APPLICATION_SERVICE,2024-01-03T22:11:00+00:00,EU-WEST,Supply Chain,MEDIUM,service degradation,STEP,CROSS_PLATFORM,TEAM-0007,True,NOT_CHECKED,Service Degradation affecting Application Service 0007,CLOSED,SYNTHETIC
INC-000248,EP-000248,OBS-000248,SVC-0001,APPLICATION_SERVICE,2024-01-03T22:28:00+00:00,AP-SOUTH,Manufacturing,MEDIUM,request timeout,PERIODIC,CROSS_PLATFORM,TEAM-0001,False,UNKNOWN,Request Timeout affecting Application Service 0001,CLOSED,SYNTHETIC
INC-000249,EP-000249,OBS-000249,SVC-0001,APPLICATION_SERVICE,2024-01-03T22:45:00+00:00,AP-SOUTH,Manufacturing,LOW,request timeout,GRADUAL,CROSS_PLATFORM,TEAM-0001,False,NOT_CHECKED,Request Timeout affecting Application Service 0001,CLOSED,SYNTHETIC
INC-000250,EP-000250,OBS-000250,SVC-0001,APPLICATION_SERVICE,2024-01-03T23:02:00+00:00,AP-SOUTH,Manufacturing,LOW,latency increase,STEP,CROSS_PLATFORM,TEAM-0001,False,NOT_CHECKED,Latency Increase affecting Application Service 0001,CLOSED,SYNTHETIC
INC-000251,EP-000251,OBS-000251,SVC-0001,APPLICATION_SERVICE,2024-01-03T23:19:00+00:00,AP-SOUTH,Manufacturing,MEDIUM,transaction failure,GRADUAL,CROSS_PLATFORM,TEAM-0001,False,NOT_CHECKED,Transaction Failure affecting Application Service 0001,CLOSED,SYNTHETIC
INC-000252,EP-000252,OBS-000252,SVC-0003,APPLICATION_SERVICE,2024-01-03T23:36:00+00:00,EU-CENTRAL,HR,HIGH,queue delay,PERIODIC,CROSS_PLATFORM,TEAM-0003,False,NOT_CHECKED,Queue Delay affecting Application Service 0003,CLOSED,SYNTHETIC
INC-000253,EP-000253,OBS-000253,SVC-0001,APPLICATION_SERVICE,2024-01-03T23:53:00+00:00,AP-SOUTH,Manufacturing,MEDIUM,authentication failure,BURST,CROSS_PLATFORM,TEAM-0001,True,NOT_CHECKED,Authentication Failure affecting Application Service 0001,CLOSED,SYNTHETIC
INC-000254,EP-000254,OBS-000254,SVC-0001,APPLICATION_SERVICE,2024-01-04T00:10:00+00:00,AP-SOUTH,Manufacturing,MEDIUM,connection failure,POST_CHANGE_STEP,CROSS_PLATFORM,TEAM-0001,False,NOT_CHECKED,Connection Failure affecting Application Service 0001,CLOSED,SYNTHETIC
INC-000255,EP-000255,OBS-000255,SVC-0007,APPLICATION_SERVICE,2024-01-04T00:27:00+00:00,EU-WEST,Supply Chain,MEDIUM,authentication failure,GRADUAL,CROSS_PLATFORM,TEAM-0007,False,UNKNOWN,Authentication Failure affecting Application Service 0007,CLOSED,SYNTHETIC
INC-000256,EP-000256,OBS-000256,SVC-0001,APPLICATION_SERVICE,2024-01-04T00:44:00+00:00,AP-SOUTH,Manufacturing,HIGH,connection failure,POST_CHANGE_STEP,CROSS_PLATFORM,TEAM-0001,False,NOT_CHECKED,Connection Failure affecting Application Service 0001,CLOSED,SYNTHETIC
INC-000257,EP-000257,OBS-000257,SVC-0001,APPLICATION_SERVICE,2024-01-04T01:01:00+00:00,AP-SOUTH,Manufacturing,HIGH,latency increase,STEP,CROSS_PLATFORM,TEAM-0001,False,NOT_CHECKED,Latency Increase affecting Application Service 0001,CLOSED,SYNTHETIC
INC-000258,EP-000258,OBS-000258,SVC-0001,APPLICATION_SERVICE,2024-01-04T01:18:00+00:00,AP-SOUTH,Manufacturing,MEDIUM,service degradation,STEP,CROSS_PLATFORM,TEAM-0001,False,NOT_CHECKED,Service Degradation affecting Application Service 0001,CLOSED,SYNTHETIC
INC-000259,EP-000259,OBS-000259,SVC-0001,APPLICATION_SERVICE,2024-01-04T01:35:00+00:00,AP-SOUTH,Manufacturing,MEDIUM,authentication failure,PERIODIC,CROSS_PLATFORM,TEAM-0001,False,UNKNOWN,Authentication Failure affecting Application Service 0001,CLOSED,SYNTHETIC
INC-000260,EP-000260,OBS-000260,SVC-0003,APPLICATION_SERVICE,2024-01-04T01:52:00+00:00,EU-CENTRAL,HR,MEDIUM,connection failure,PERIODIC,CROSS_PLATFORM,TEAM-0003,False,NOT_CHECKED,Connection Failure affecting Application Service 0003,CLOSED,SYNTHETIC
INC-000261,EP-000261,OBS-000261,SVC-0001,APPLICATION_SERVICE,2024-01-04T02:09:00+00:00,AP-SOUTH,Manufacturing,LOW,transaction failure,POST_CHANGE_STEP,CROSS_PLATFORM,TEAM-0001,True,NOT_CHECKED,Transaction Failure affecting Application Service 0001,CLOSED,SYNTHETIC
INC-000262,EP-000262,OBS-000262,SVC-0001,APPLICATION_SERVICE,2024-01-04T02:26:00+00:00,AP-SOUTH,Manufacturing,LOW,transaction failure,PERIODIC,CROSS_PLATFORM,TEAM-0001,False,NOT_CHECKED,Transaction Failure affecting Application Service 0001,CLOSED,SYNTHETIC
INC-000263,EP-000263,OBS-000263,SVC-0007,APPLICATION_SERVICE,2024-01-04T02:43:00+00:00,EU-WEST,Supply Chain,MEDIUM,queue delay,POST_CHANGE_STEP,CROSS_PLATFORM,TEAM-0007,True,UNKNOWN,Queue Delay affecting Application Service 0007,CLOSED,SYNTHETIC
INC-000264,EP-000264,OBS-000264,SVC-0001,APPLICATION_SERVICE,2024-01-04T03:00:00+00:00,AP-SOUTH,Manufacturing,HIGH,authentication failure,STEP,CROSS_PLATFORM,TEAM-0001,False,UNKNOWN,Authentication Failure affecting Application Service 0001,CLOSED,SYNTHETIC
INC-000265,EP-000265,OBS-000265,SVC-0001,APPLICATION_SERVICE,2024-01-04T03:17:00+00:00,AP-SOUTH,Manufacturing,HIGH,latency increase,POST_CHANGE_STEP,CROSS_PLATFORM,TEAM-0001,False,UNKNOWN,Latency Increase affecting Application Service 0001,CLOSED,SYNTHETIC
INC-000266,EP-000266,OBS-000266,SVC-0001,APPLICATION_SERVICE,2024-01-04T03:34:00+00:00,AP-SOUTH,Manufacturing,MEDIUM,service degradation,PERIODIC,CROSS_PLATFORM,TEAM-0001,False,UNKNOWN,Service Degradation affecting Application Service 0001,CLOSED,SYNTHETIC
INC-000267,EP-000267,OBS-000267,SVC-0001,APPLICATION_SERVICE,2024-01-04T03:51:00+00:00,AP-SOUTH,Manufacturing,HIGH,authentication failure,BURST,CROSS_PLATFORM,TEAM-0001,False,NOT_CHECKED,Authentication Failure affecting Application Service 0001,CLOSED,SYNTHETIC
INC-000268,EP-000268,OBS-000268,SVC-0003,APPLICATION_SERVICE,2024-01-04T04:08:00+00:00,EU-CENTRAL,HR,MEDIUM,authentication failure,BURST,CROSS_PLATFORM,TEAM-0003,True,NOT_CHECKED,Authentication Failure affecting Application Service 0003,CLOSED,SYNTHETIC
INC-000269,EP-000269,OBS-000269,SVC-0001,APPLICATION_SERVICE,2024-01-04T04:25:00+00:00,AP-SOUTH,Manufacturing,LOW,authentication failure,PERIODIC,CROSS_PLATFORM,TEAM-0001,False,UNKNOWN,Authentication Failure affecting Application Service 0001,CLOSED,SYNTHETIC
INC-000270,EP-000270,OBS-000270,SVC-0001,APPLICATION_SERVICE,2024-01-04T04:42:00+00:00,AP-SOUTH,Manufacturing,HIGH,authentication failure,GRADUAL,CROSS_PLATFORM,TEAM-0001,False,NOT_CHECKED,Authentication Failure affecting Application Service 0001,CLOSED,SYNTHETIC
INC-000271,EP-000271,OBS-000271,SVC-0007,APPLICATION_SERVICE,2024-01-04T04:59:00+00:00,EU-WEST,Supply Chain,MEDIUM,service degradation,GRADUAL,CROSS_PLATFORM,TEAM-0007,False,UNKNOWN,Service Degradation affecting Application Service 0007,CLOSED,SYNTHETIC
INC-000272,EP-000272,OBS-000272,SVC-0001,APPLICATION_SERVICE,2024-01-04T05:16:00+00:00,AP-SOUTH,Manufacturing,LOW,connection failure,PERIODIC,CROSS_PLATFORM,TEAM-0001,False,NOT_CHECKED,Connection Failure affecting Application Service 0001,CLOSED,SYNTHETIC
INC-000273,EP-000273,OBS-000273,SVC-0001,APPLICATION_SERVICE,2024-01-04T05:33:00+00:00,AP-SOUTH,Manufacturing,MEDIUM,transaction failure,POST_CHANGE_STEP,CROSS_PLATFORM,TEAM-0001,False,NOT_CHECKED,Transaction Failure affecting Application Service 0001,CLOSED,SYNTHETIC
INC-000274,EP-000274,OBS-000274,SVC-0001,APPLICATION_SERVICE,2024-01-04T05:50:00+00:00,AP-SOUTH,Manufacturing,LOW,transaction failure,GRADUAL,CROSS_PLATFORM,TEAM-0001,False,UNKNOWN,Transaction Failure affecting Application Service 0001,CLOSED,SYNTHETIC
INC-000275,EP-000275,OBS-000275,SVC-0001,APPLICATION_SERVICE,2024-01-04T06:07:00+00:00,AP-SOUTH,Manufacturing,MEDIUM,transaction failure,STEP,CROSS_PLATFORM,TEAM-0001,False,UNKNOWN,Transaction Failure affecting Application Service 0001,CLOSED,SYNTHETIC
INC-000276,EP-000276,OBS-000276,SVC-0003,APPLICATION_SERVICE,2024-01-04T06:24:00+00:00,EU-CENTRAL,HR,HIGH,transaction failure,STEP,CROSS_PLATFORM,TEAM-0003,True,NOT_CHECKED,Transaction Failure affecting Application Service 0003,CLOSED,SYNTHETIC
INC-000277,EP-000277,OBS-000277,SVC-0001,APPLICATION_SERVICE,2024-01-04T06:41:00+00:00,AP-SOUTH,Manufacturing,HIGH,request timeout,STEP,CROSS_PLATFORM,TEAM-0001,False,UNKNOWN,Request Timeout affecting Application Service 0001,CLOSED,SYNTHETIC
INC-000278,EP-000278,OBS-000278,SVC-0001,APPLICATION_SERVICE,2024-01-04T06:58:00+00:00,AP-SOUTH,Manufacturing,MEDIUM,request timeout,PERIODIC,CROSS_PLATFORM,TEAM-0001,True,UNKNOWN,Request Timeout affecting Application Service 0001,CLOSED,SYNTHETIC
INC-000279,EP-000279,OBS-000279,SVC-0007,APPLICATION_SERVICE,2024-01-04T07:15:00+00:00,EU-WEST,Supply Chain,LOW,queue delay,BURST,CROSS_PLATFORM,TEAM-0007,False,UNKNOWN,Queue Delay affecting Application Service 0007,CLOSED,SYNTHETIC
INC-000280,EP-000280,OBS-000280,SVC-0001,APPLICATION_SERVICE,2024-01-04T07:32:00+00:00,AP-SOUTH,Manufacturing,LOW,transaction failure,POST_CHANGE_STEP,CROSS_PLATFORM,TEAM-0001,True,UNKNOWN,Transaction Failure affecting Application Service 0001,CLOSED,SYNTHETIC
INC-000281,EP-000281,OBS-000281,SVC-0001,APPLICATION_SERVICE,2024-01-04T07:49:00+00:00,AP-SOUTH,Manufacturing,MEDIUM,latency increase,STEP,CROSS_PLATFORM,TEAM-0001,False,NOT_CHECKED,Latency Increase affecting Application Service 0001,CLOSED,SYNTHETIC
INC-000282,EP-000282,OBS-000282,SVC-0001,APPLICATION_SERVICE,2024-01-04T08:06:00+00:00,AP-SOUTH,Manufacturing,MEDIUM,request timeout,STEP,CROSS_PLATFORM,TEAM-0001,False,NOT_CHECKED,Request Timeout affecting Application Service 0001,CLOSED,SYNTHETIC
INC-000283,EP-000283,OBS-000283,SVC-0001,APPLICATION_SERVICE,2024-01-04T08:23:00+00:00,AP-SOUTH,Manufacturing,CRITICAL,request timeout,STEP,CROSS_PLATFORM,TEAM-0001,False,NOT_CHECKED,Request Timeout affecting Application Service 0001,CLOSED,SYNTHETIC
INC-000284,EP-000284,OBS-000284,SVC-0003,APPLICATION_SERVICE,2024-01-04T08:40:00+00:00,EU-CENTRAL,HR,LOW,queue delay,PERIODIC,CROSS_PLATFORM,TEAM-0003,False,NOT_CHECKED,Queue Delay affecting Application Service 0003,CLOSED,SYNTHETIC
INC-000285,EP-000285,OBS-000285,SVC-0001,APPLICATION_SERVICE,2024-01-04T08:57:00+00:00,AP-SOUTH,Manufacturing,MEDIUM,latency increase,GRADUAL,CROSS_PLATFORM,TEAM-0001,False,NOT_CHECKED,Latency Increase affecting Application Service 0001,CLOSED,SYNTHETIC
INC-000286,EP-000286,OBS-000286,SVC-0001,APPLICATION_SERVICE,2024-01-04T09:14:00+00:00,AP-SOUTH,Manufacturing,HIGH,transaction failure,POST_CHANGE_STEP,CROSS_PLATFORM,TEAM-0001,False,NOT_CHECKED,Transaction Failure affecting Application Service 0001,CLOSED,SYNTHETIC
INC-000287,EP-000287,OBS-000287,SVC-0007,APPLICATION_SERVICE,2024-01-04T09:31:00+00:00,EU-WEST,Supply Chain,LOW,connection failure,POST_CHANGE_STEP,CROSS_PLATFORM,TEAM-0007,False,NOT_CHECKED,Connection Failure affecting Application Service 0007,CLOSED,SYNTHETIC
INC-000288,EP-000288,OBS-000288,SVC-0001,APPLICATION_SERVICE,2024-01-04T09:48:00+00:00,AP-SOUTH,Manufacturing,HIGH,transaction failure,PERIODIC,CROSS_PLATFORM,TEAM-0001,False,UNKNOWN,Transaction Failure affecting Application Service 0001,CLOSED,SYNTHETIC
INC-000289,EP-000289,OBS-000289,SVC-0001,APPLICATION_SERVICE,2024-01-04T10:05:00+00:00,AP-SOUTH,Manufacturing,CRITICAL,authentication failure,PERIODIC,CROSS_PLATFORM,TEAM-0001,False,NOT_CHECKED,Authentication Failure affecting Application Service 0001,CLOSED,SYNTHETIC
INC-000290,EP-000290,OBS-000290,SVC-0001,APPLICATION_SERVICE,2024-01-04T10:22:00+00:00,AP-SOUTH,Manufacturing,MEDIUM,queue delay,BURST,CROSS_PLATFORM,TEAM-0001,True,NOT_CHECKED,Queue Delay affecting Application Service 0001,CLOSED,SYNTHETIC
INC-000291,EP-000291,OBS-000291,SVC-0001,APPLICATION_SERVICE,2024-01-04T10:39:00+00:00,AP-SOUTH,Manufacturing,HIGH,latency increase,STEP,CROSS_PLATFORM,TEAM-0001,False,NOT_CHECKED,Latency Increase affecting Application Service 0001,CLOSED,SYNTHETIC
INC-000292,EP-000292,OBS-000292,SVC-0003,APPLICATION_SERVICE,2024-01-04T10:56:00+00:00,EU-CENTRAL,HR,HIGH,request timeout,PERIODIC,CROSS_PLATFORM,TEAM-0003,False,UNKNOWN,Request Timeout affecting Application Service 0003,CLOSED,SYNTHETIC
INC-000293,EP-000293,OBS-000293,SVC-0001,APPLICATION_SERVICE,2024-01-04T11:13:00+00:00,AP-SOUTH,Manufacturing,HIGH,queue delay,GRADUAL,CROSS_PLATFORM,TEAM-0001,False,NOT_CHECKED,Queue Delay affecting Application Service 0001,CLOSED,SYNTHETIC
INC-000294,EP-000294,OBS-000294,SVC-0001,APPLICATION_SERVICE,2024-01-04T11:30:00+00:00,AP-SOUTH,Manufacturing,HIGH,authentication failure,GRADUAL,CROSS_PLATFORM,TEAM-0001,False,UNKNOWN,Authentication Failure affecting Application Service 0001,CLOSED,SYNTHETIC
INC-000295,EP-000295,OBS-000295,SVC-0007,APPLICATION_SERVICE,2024-01-04T11:47:00+00:00,EU-WEST,Supply Chain,MEDIUM,authentication failure,PERIODIC,CROSS_PLATFORM,TEAM-0007,True,NOT_CHECKED,Authentication Failure affecting Application Service 0007,CLOSED,SYNTHETIC
INC-000296,EP-000296,OBS-000296,SVC-0001,APPLICATION_SERVICE,2024-01-04T12:04:00+00:00,AP-SOUTH,Manufacturing,MEDIUM,connection failure,STEP,CROSS_PLATFORM,TEAM-0001,False,UNKNOWN,Connection Failure affecting Application Service 0001,CLOSED,SYNTHETIC
INC-000297,EP-000297,OBS-000297,SVC-0001,APPLICATION_SERVICE,2024-01-04T12:21:00+00:00,AP-SOUTH,Manufacturing,MEDIUM,queue delay,STEP,CROSS_PLATFORM,TEAM-0001,False,NOT_CHECKED,Queue Delay affecting Application Service 0001,CLOSED,SYNTHETIC
INC-000298,EP-000298,OBS-000298,SVC-0001,APPLICATION_SERVICE,2024-01-04T12:38:00+00:00,AP-SOUTH,Manufacturing,MEDIUM,transaction failure,GRADUAL,CROSS_PLATFORM,TEAM-0001,False,NOT_CHECKED,Transaction Failure affecting Application Service 0001,CLOSED,SYNTHETIC
INC-000299,EP-000299,OBS-000299,SVC-0001,APPLICATION_SERVICE,2024-01-04T12:55:00+00:00,AP-SOUTH,Manufacturing,MEDIUM,service degradation,POST_CHANGE_STEP,CROSS_PLATFORM,TEAM-0001,False,UNKNOWN,Service Degradation affecting Application Service 0001,CLOSED,SYNTHETIC
INC-000300,EP-000300,OBS-000300,SVC-0003,APPLICATION_SERVICE,2024-01-04T13:12:00+00:00,EU-CENTRAL,HR,LOW,request timeout,POST_CHANGE_STEP,CROSS_PLATFORM,TEAM-0003,False,NOT_CHECKED,Request Timeout affecting Application Service 0003,CLOSED,SYNTHETIC
INC-000301,EP-000301,OBS-000301,SVC-0001,APPLICATION_SERVICE,2024-01-04T13:29:00+00:00,AP-SOUTH,Manufacturing,MEDIUM,connection failure,PERIODIC,CROSS_PLATFORM,TEAM-0001,True,NOT_CHECKED,Connection Failure affecting Application Service 0001,CLOSED,SYNTHETIC
INC-000302,EP-000302,OBS-000302,SVC-0001,APPLICATION_SERVICE,2024-01-04T13:46:00+00:00,AP-SOUTH,Manufacturing,MEDIUM,connection failure,POST_CHANGE_STEP,CROSS_PLATFORM,TEAM-0001,False,UNKNOWN,Connection Failure affecting Application Service 0001,CLOSED,SYNTHETIC
INC-000303,EP-000303,OBS-000303,SVC-0007,APPLICATION_SERVICE,2024-01-04T14:03:00+00:00,EU-WEST,Supply Chain,LOW,transaction failure,GRADUAL,CROSS_PLATFORM,TEAM-0007,False,NOT_CHECKED,Transaction Failure affecting Application Service 0007,CLOSED,SYNTHETIC
INC-000304,EP-000304,OBS-000304,SVC-0001,APPLICATION_SERVICE,2024-01-04T14:20:00+00:00,AP-SOUTH,Manufacturing,MEDIUM,queue delay,PERIODIC,CROSS_PLATFORM,TEAM-0001,False,NOT_CHECKED,Queue Delay affecting Application Service 0001,CLOSED,SYNTHETIC
INC-000305,EP-000305,OBS-000305,SVC-0001,APPLICATION_SERVICE,2024-01-04T14:37:00+00:00,AP-SOUTH,Manufacturing,LOW,connection failure,STEP,CROSS_PLATFORM,TEAM-0001,False,NOT_CHECKED,Connection Failure affecting Application Service 0001,CLOSED,SYNTHETIC
INC-000306,EP-000306,OBS-000306,SVC-0001,APPLICATION_SERVICE,2024-01-04T14:54:00+00:00,AP-SOUTH,Manufacturing,CRITICAL,latency increase,BURST,CROSS_PLATFORM,TEAM-0001,False,UNKNOWN,Latency Increase affecting Application Service 0001,CLOSED,SYNTHETIC
INC-000307,EP-000307,OBS-000307,SVC-0002,APPLICATION_SERVICE,2024-01-04T15:11:00+00:00,LATAM,Security,LOW,latency increase,PERIODIC,CROSS_PLATFORM,TEAM-0002,False,NOT_CHECKED,Latency Increase affecting Application Service 0002,CLOSED,SYNTHETIC
INC-000308,EP-000308,OBS-000308,SVC-0001,APPLICATION_SERVICE,2024-01-04T15:28:00+00:00,AP-SOUTH,Manufacturing,MEDIUM,queue delay,STEP,CROSS_PLATFORM,TEAM-0001,False,UNKNOWN,Queue Delay affecting Application Service 0001,CLOSED,SYNTHETIC
INC-000309,EP-000309,OBS-000309,SVC-0002,APPLICATION_SERVICE,2024-01-04T15:45:00+00:00,LATAM,Security,LOW,latency increase,GRADUAL,CROSS_PLATFORM,TEAM-0002,False,NOT_CHECKED,Latency Increase affecting Application Service 0002,CLOSED,SYNTHETIC
INC-000310,EP-000310,OBS-000310,SVC-0001,APPLICATION_SERVICE,2024-01-04T16:02:00+00:00,AP-SOUTH,Manufacturing,HIGH,service degradation,PERIODIC,CROSS_PLATFORM,TEAM-0001,True,NOT_CHECKED,Service Degradation affecting Application Service 0001,CLOSED,SYNTHETIC
INC-000311,EP-000311,OBS-000311,SVC-0002,APPLICATION_SERVICE,2024-01-04T16:19:00+00:00,LATAM,Security,CRITICAL,latency increase,GRADUAL,CROSS_PLATFORM,TEAM-0002,False,NOT_CHECKED,Latency Increase affecting Application Service 0002,CLOSED,SYNTHETIC
INC-000312,EP-000312,OBS-000312,SVC-0001,APPLICATION_SERVICE,2024-01-04T16:36:00+00:00,AP-SOUTH,Manufacturing,LOW,transaction failure,PERIODIC,CROSS_PLATFORM,TEAM-0001,False,UNKNOWN,Transaction Failure affecting Application Service 0001,CLOSED,SYNTHETIC
INC-000313,EP-000313,OBS-000313,SVC-0002,APPLICATION_SERVICE,2024-01-04T16:53:00+00:00,LATAM,Security,MEDIUM,service degradation,PERIODIC,CROSS_PLATFORM,TEAM-0002,False,NOT_CHECKED,Service Degradation affecting Application Service 0002,CLOSED,SYNTHETIC
INC-000314,EP-000314,OBS-000314,SVC-0001,APPLICATION_SERVICE,2024-01-04T17:10:00+00:00,AP-SOUTH,Manufacturing,MEDIUM,connection failure,PERIODIC,CROSS_PLATFORM,TEAM-0001,False,NOT_CHECKED,Connection Failure affecting Application Service 0001,CLOSED,SYNTHETIC
INC-000315,EP-000315,OBS-000315,SVC-0002,APPLICATION_SERVICE,2024-01-04T17:27:00+00:00,LATAM,Security,HIGH,latency increase,GRADUAL,CROSS_PLATFORM,TEAM-0002,False,UNKNOWN,Latency Increase affecting Application Service 0002,CLOSED,SYNTHETIC
INC-000316,EP-000316,OBS-000316,SVC-0001,APPLICATION_SERVICE,2024-01-04T17:44:00+00:00,AP-SOUTH,Manufacturing,LOW,transaction failure,PERIODIC,CROSS_PLATFORM,TEAM-0001,False,NOT_CHECKED,Transaction Failure affecting Application Service 0001,CLOSED,SYNTHETIC
INC-000317,EP-000317,OBS-000317,SVC-0002,APPLICATION_SERVICE,2024-01-04T18:01:00+00:00,LATAM,Security,MEDIUM,authentication failure,BURST,CROSS_PLATFORM,TEAM-0002,True,NOT_CHECKED,Authentication Failure affecting Application Service 0002,CLOSED,SYNTHETIC
INC-000318,EP-000318,OBS-000318,SVC-0001,APPLICATION_SERVICE,2024-01-04T18:18:00+00:00,AP-SOUTH,Manufacturing,LOW,service degradation,POST_CHANGE_STEP,CROSS_PLATFORM,TEAM-0001,False,UNKNOWN,Service Degradation affecting Application Service 0001,CLOSED,SYNTHETIC
INC-000319,EP-000319,OBS-000319,SVC-0002,APPLICATION_SERVICE,2024-01-04T18:35:00+00:00,LATAM,Security,LOW,authentication failure,STEP,CROSS_PLATFORM,TEAM-0002,True,UNKNOWN,Authentication Failure affecting Application Service 0002,CLOSED,SYNTHETIC
INC-000320,EP-000320,OBS-000320,SVC-0001,APPLICATION_SERVICE,2024-01-04T18:52:00+00:00,AP-SOUTH,Manufacturing,MEDIUM,latency increase,STEP,CROSS_PLATFORM,TEAM-0001,False,NOT_CHECKED,Latency Increase affecting Application Service 0001,CLOSED,SYNTHETIC
INC-000321,EP-000321,OBS-000321,SVC-0002,APPLICATION_SERVICE,2024-01-04T19:09:00+00:00,LATAM,Security,MEDIUM,service degradation,GRADUAL,CROSS_PLATFORM,TEAM-0002,True,NOT_CHECKED,Service Degradation affecting Application Service 0002,CLOSED,SYNTHETIC
INC-000322,EP-000322,OBS-000322,SVC-0001,APPLICATION_SERVICE,2024-01-04T19:26:00+00:00,AP-SOUTH,Manufacturing,LOW,request timeout,STEP,CROSS_PLATFORM,TEAM-0001,True,UNKNOWN,Request Timeout affecting Application Service 0001,CLOSED,SYNTHETIC
INC-000323,EP-000323,OBS-000323,SVC-0002,APPLICATION_SERVICE,2024-01-04T19:43:00+00:00,LATAM,Security,HIGH,connection failure,STEP,CROSS_PLATFORM,TEAM-0002,False,UNKNOWN,Connection Failure affecting Application Service 0002,CLOSED,SYNTHETIC
INC-000324,EP-000324,OBS-000324,SVC-0001,APPLICATION_SERVICE,2024-01-04T20:00:00+00:00,AP-SOUTH,Manufacturing,LOW,service degradation,POST_CHANGE_STEP,CROSS_PLATFORM,TEAM-0001,True,NOT_CHECKED,Service Degradation affecting Application Service 0001,CLOSED,SYNTHETIC
INC-000325,EP-000325,OBS-000325,SVC-0002,APPLICATION_SERVICE,2024-01-04T20:17:00+00:00,LATAM,Security,MEDIUM,service degradation,PERIODIC,CROSS_PLATFORM,TEAM-0002,False,UNKNOWN,Service Degradation affecting Application Service 0002,CLOSED,SYNTHETIC
INC-000326,EP-000326,OBS-000326,SVC-0001,APPLICATION_SERVICE,2024-01-04T20:34:00+00:00,AP-SOUTH,Manufacturing,CRITICAL,connection failure,BURST,CROSS_PLATFORM,TEAM-0001,False,NOT_CHECKED,Connection Failure affecting Application Service 0001,CLOSED,SYNTHETIC
INC-000327,EP-000327,OBS-000327,SVC-0002,APPLICATION_SERVICE,2024-01-04T20:51:00+00:00,LATAM,Security,MEDIUM,transaction failure,GRADUAL,CROSS_PLATFORM,TEAM-0002,False,NOT_CHECKED,Transaction Failure affecting Application Service 0002,CLOSED,SYNTHETIC
INC-000328,EP-000328,OBS-000328,SVC-0001,APPLICATION_SERVICE,2024-01-04T21:08:00+00:00,AP-SOUTH,Manufacturing,MEDIUM,authentication failure,GRADUAL,CROSS_PLATFORM,TEAM-0001,False,NOT_CHECKED,Authentication Failure affecting Application Service 0001,CLOSED,SYNTHETIC
INC-000329,EP-000329,OBS-000329,SVC-0002,APPLICATION_SERVICE,2024-01-04T21:25:00+00:00,LATAM,Security,MEDIUM,connection failure,STEP,CROSS_PLATFORM,TEAM-0002,True,NOT_CHECKED,Connection Failure affecting Application Service 0002,CLOSED,SYNTHETIC
INC-000330,EP-000330,OBS-000330,SVC-0001,APPLICATION_SERVICE,2024-01-04T21:42:00+00:00,AP-SOUTH,Manufacturing,LOW,service degradation,STEP,CROSS_PLATFORM,TEAM-0001,False,NOT_CHECKED,Service Degradation affecting Application Service 0001,CLOSED,SYNTHETIC
INC-000331,EP-000331,OBS-000331,SVC-0002,APPLICATION_SERVICE,2024-01-04T21:59:00+00:00,LATAM,Security,HIGH,connection failure,GRADUAL,CROSS_PLATFORM,TEAM-0002,False,NOT_CHECKED,Connection Failure affecting Application Service 0002,CLOSED,SYNTHETIC
INC-000332,EP-000332,OBS-000332,SVC-0001,APPLICATION_SERVICE,2024-01-04T22:16:00+00:00,AP-SOUTH,Manufacturing,LOW,service degradation,POST_CHANGE_STEP,CROSS_PLATFORM,TEAM-0001,False,NOT_CHECKED,Service Degradation affecting Application Service 0001,CLOSED,SYNTHETIC
INC-000333,EP-000333,OBS-000333,SVC-0002,APPLICATION_SERVICE,2024-01-04T22:33:00+00:00,LATAM,Security,LOW,latency increase,STEP,CROSS_PLATFORM,TEAM-0002,False,UNKNOWN,Latency Increase affecting Application Service 0002,CLOSED,SYNTHETIC
INC-000334,EP-000334,OBS-000334,SVC-0001,APPLICATION_SERVICE,2024-01-04T22:50:00+00:00,AP-SOUTH,Manufacturing,HIGH,connection failure,GRADUAL,CROSS_PLATFORM,TEAM-0001,False,NOT_CHECKED,Connection Failure affecting Application Service 0001,CLOSED,SYNTHETIC
INC-000335,EP-000335,OBS-000335,SVC-0002,APPLICATION_SERVICE,2024-01-04T23:07:00+00:00,LATAM,Security,HIGH,authentication failure,GRADUAL,CROSS_PLATFORM,TEAM-0002,False,NOT_CHECKED,Authentication Failure affecting Application Service 0002,CLOSED,SYNTHETIC
INC-000336,EP-000336,OBS-000336,SVC-0001,APPLICATION_SERVICE,2024-01-04T23:24:00+00:00,AP-SOUTH,Manufacturing,LOW,service degradation,GRADUAL,CROSS_PLATFORM,TEAM-0001,False,UNKNOWN,Service Degradation affecting Application Service 0001,CLOSED,SYNTHETIC
INC-000337,EP-000337,OBS-000337,SVC-0002,APPLICATION_SERVICE,2024-01-04T23:41:00+00:00,LATAM,Security,HIGH,connection failure,POST_CHANGE_STEP,CROSS_PLATFORM,TEAM-0002,True,NOT_CHECKED,Connection Failure affecting Application Service 0002,CLOSED,SYNTHETIC
INC-000338,EP-000338,OBS-000338,SVC-0001,APPLICATION_SERVICE,2024-01-04T23:58:00+00:00,AP-SOUTH,Manufacturing,MEDIUM,connection failure,PERIODIC,CROSS_PLATFORM,TEAM-0001,False,NOT_CHECKED,Connection Failure affecting Application Service 0001,CLOSED,SYNTHETIC
INC-000339,EP-000339,OBS-000339,SVC-0002,APPLICATION_SERVICE,2024-01-05T00:15:00+00:00,LATAM,Security,LOW,connection failure,BURST,CROSS_PLATFORM,TEAM-0002,False,NOT_CHECKED,Connection Failure affecting Application Service 0002,CLOSED,SYNTHETIC
INC-000340,EP-000340,OBS-000340,SVC-0001,APPLICATION_SERVICE,2024-01-05T00:32:00+00:00,AP-SOUTH,Manufacturing,MEDIUM,connection failure,BURST,CROSS_PLATFORM,TEAM-0001,False,UNKNOWN,Connection Failure affecting Application Service 0001,CLOSED,SYNTHETIC
INC-000341,EP-000341,OBS-000341,SVC-0002,APPLICATION_SERVICE,2024-01-05T00:49:00+00:00,LATAM,Security,MEDIUM,latency increase,POST_CHANGE_STEP,CROSS_PLATFORM,TEAM-0002,False,NOT_CHECKED,Latency Increase affecting Application Service 0002,CLOSED,SYNTHETIC
INC-000342,EP-000342,OBS-000342,SVC-0001,APPLICATION_SERVICE,2024-01-05T01:06:00+00:00,AP-SOUTH,Manufacturing,MEDIUM,latency increase,POST_CHANGE_STEP,CROSS_PLATFORM,TEAM-0001,True,NOT_CHECKED,Latency Increase affecting Application Service 0001,CLOSED,SYNTHETIC
INC-000343,EP-000343,OBS-000343,SVC-0002,APPLICATION_SERVICE,2024-01-05T01:23:00+00:00,LATAM,Security,MEDIUM,connection failure,POST_CHANGE_STEP,CROSS_PLATFORM,TEAM-0002,False,UNKNOWN,Connection Failure affecting Application Service 0002,CLOSED,SYNTHETIC
INC-000344,EP-000344,OBS-000344,SVC-0001,APPLICATION_SERVICE,2024-01-05T01:40:00+00:00,AP-SOUTH,Manufacturing,MEDIUM,transaction failure,STEP,CROSS_PLATFORM,TEAM-0001,False,UNKNOWN,Transaction Failure affecting Application Service 0001,CLOSED,SYNTHETIC
INC-000345,EP-000345,OBS-000345,SVC-0002,APPLICATION_SERVICE,2024-01-05T01:57:00+00:00,LATAM,Security,CRITICAL,latency increase,STEP,CROSS_PLATFORM,TEAM-0002,True,NOT_CHECKED,Latency Increase affecting Application Service 0002,CLOSED,SYNTHETIC
INC-000346,EP-000346,OBS-000346,SVC-0001,APPLICATION_SERVICE,2024-01-05T02:14:00+00:00,AP-SOUTH,Manufacturing,MEDIUM,latency increase,STEP,CROSS_PLATFORM,TEAM-0001,False,UNKNOWN,Latency Increase affecting Application Service 0001,CLOSED,SYNTHETIC
INC-000347,EP-000347,OBS-000347,SVC-0002,APPLICATION_SERVICE,2024-01-05T02:31:00+00:00,LATAM,Security,MEDIUM,connection failure,BURST,CROSS_PLATFORM,TEAM-0002,True,UNKNOWN,Connection Failure affecting Application Service 0002,CLOSED,SYNTHETIC
INC-000348,EP-000348,OBS-000348,SVC-0001,APPLICATION_SERVICE,2024-01-05T02:48:00+00:00,AP-SOUTH,Manufacturing,LOW,queue delay,BURST,CROSS_PLATFORM,TEAM-0001,False,NOT_CHECKED,Queue Delay affecting Application Service 0001,CLOSED,SYNTHETIC
INC-000349,EP-000349,OBS-000349,SVC-0002,APPLICATION_SERVICE,2024-01-05T03:05:00+00:00,LATAM,Security,CRITICAL,latency increase,GRADUAL,CROSS_PLATFORM,TEAM-0002,False,NOT_CHECKED,Latency Increase affecting Application Service 0002,CLOSED,SYNTHETIC
INC-000350,EP-000350,OBS-000350,SVC-0001,APPLICATION_SERVICE,2024-01-05T03:22:00+00:00,AP-SOUTH,Manufacturing,HIGH,service degradation,GRADUAL,CROSS_PLATFORM,TEAM-0001,False,NOT_CHECKED,Service Degradation affecting Application Service 0001,CLOSED,SYNTHETIC
INC-000351,EP-000351,OBS-000351,SVC-0002,APPLICATION_SERVICE,2024-01-05T03:39:00+00:00,LATAM,Security,HIGH,queue delay,GRADUAL,CROSS_PLATFORM,TEAM-0002,True,NOT_CHECKED,Queue Delay affecting Application Service 0002,CLOSED,SYNTHETIC
INC-000352,EP-000352,OBS-000352,SVC-0001,APPLICATION_SERVICE,2024-01-05T03:56:00+00:00,AP-SOUTH,Manufacturing,MEDIUM,service degradation,PERIODIC,CROSS_PLATFORM,TEAM-0001,False,NOT_CHECKED,Service Degradation affecting Application Service 0001,CLOSED,SYNTHETIC
INC-000353,EP-000353,OBS-000353,SVC-0002,APPLICATION_SERVICE,2024-01-05T04:13:00+00:00,LATAM,Security,LOW,queue delay,BURST,CROSS_PLATFORM,TEAM-0002,False,UNKNOWN,Queue Delay affecting Application Service 0002,CLOSED,SYNTHETIC
INC-000354,EP-000354,OBS-000354,SVC-0001,APPLICATION_SERVICE,2024-01-05T04:30:00+00:00,AP-SOUTH,Manufacturing,MEDIUM,service degradation,BURST,CROSS_PLATFORM,TEAM-0001,False,NOT_CHECKED,Service Degradation affecting Application Service 0001,CLOSED,SYNTHETIC
INC-000355,EP-000355,OBS-000355,SVC-0002,APPLICATION_SERVICE,2024-01-05T04:47:00+00:00,LATAM,Security,MEDIUM,latency increase,STEP,CROSS_PLATFORM,TEAM-0002,False,NOT_CHECKED,Latency Increase affecting Application Service 0002,CLOSED,SYNTHETIC
INC-000356,EP-000356,OBS-000356,SVC-0001,APPLICATION_SERVICE,2024-01-05T05:04:00+00:00,AP-SOUTH,Manufacturing,HIGH,request timeout,PERIODIC,CROSS_PLATFORM,TEAM-0001,False,UNKNOWN,Request Timeout affecting Application Service 0001,CLOSED,SYNTHETIC
INC-000357,EP-000357,OBS-000357,SVC-0002,APPLICATION_SERVICE,2024-01-05T05:21:00+00:00,LATAM,Security,MEDIUM,transaction failure,PERIODIC,CROSS_PLATFORM,TEAM-0002,False,UNKNOWN,Transaction Failure affecting Application Service 0002,CLOSED,SYNTHETIC
INC-000358,EP-000358,OBS-000358,SVC-0001,APPLICATION_SERVICE,2024-01-05T05:38:00+00:00,AP-SOUTH,Manufacturing,MEDIUM,transaction failure,STEP,CROSS_PLATFORM,TEAM-0001,False,NOT_CHECKED,Transaction Failure affecting Application Service 0001,CLOSED,SYNTHETIC
INC-000359,EP-000359,OBS-000359,SVC-0002,APPLICATION_SERVICE,2024-01-05T05:55:00+00:00,LATAM,Security,LOW,request timeout,BURST,CROSS_PLATFORM,TEAM-0002,False,NOT_CHECKED,Request Timeout affecting Application Service 0002,CLOSED,SYNTHETIC
INC-000360,EP-000360,OBS-000360,SVC-0001,APPLICATION_SERVICE,2024-01-05T06:12:00+00:00,AP-SOUTH,Manufacturing,LOW,connection failure,BURST,CROSS_PLATFORM,TEAM-0001,True,UNKNOWN,Connection Failure affecting Application Service 0001,CLOSED,SYNTHETIC
INC-000361,EP-000361,OBS-000361,SVC-0002,APPLICATION_SERVICE,2024-01-05T06:29:00+00:00,LATAM,Security,HIGH,queue delay,BURST,CROSS_PLATFORM,TEAM-0002,False,NOT_CHECKED,Queue Delay affecting Application Service 0002,CLOSED,SYNTHETIC
INC-000362,EP-000362,OBS-000362,SVC-0001,APPLICATION_SERVICE,2024-01-05T06:46:00+00:00,AP-SOUTH,Manufacturing,LOW,queue delay,PERIODIC,CROSS_PLATFORM,TEAM-0001,False,NOT_CHECKED,Queue Delay affecting Application Service 0001,CLOSED,SYNTHETIC
INC-000363,EP-000363,OBS-000363,SVC-0002,APPLICATION_SERVICE,2024-01-05T07:03:00+00:00,LATAM,Security,LOW,connection failure,PERIODIC,CROSS_PLATFORM,TEAM-0002,False,UNKNOWN,Connection Failure affecting Application Service 0002,CLOSED,SYNTHETIC
INC-000364,EP-000364,OBS-000364,SVC-0001,APPLICATION_SERVICE,2024-01-05T07:20:00+00:00,AP-SOUTH,Manufacturing,MEDIUM,service degradation,PERIODIC,CROSS_PLATFORM,TEAM-0001,False,UNKNOWN,Service Degradation affecting Application Service 0001,CLOSED,SYNTHETIC
INC-000365,EP-000365,OBS-000365,SVC-0002,APPLICATION_SERVICE,2024-01-05T07:37:00+00:00,LATAM,Security,MEDIUM,queue delay,GRADUAL,CROSS_PLATFORM,TEAM-0002,False,NOT_CHECKED,Queue Delay affecting Application Service 0002,CLOSED,SYNTHETIC
INC-000366,EP-000366,OBS-000366,SVC-0001,APPLICATION_SERVICE,2024-01-05T07:54:00+00:00,AP-SOUTH,Manufacturing,MEDIUM,latency increase,GRADUAL,CROSS_PLATFORM,TEAM-0001,False,UNKNOWN,Latency Increase affecting Application Service 0001,CLOSED,SYNTHETIC
INC-000367,EP-000367,OBS-000367,SVC-0002,APPLICATION_SERVICE,2024-01-05T08:11:00+00:00,LATAM,Security,HIGH,latency increase,BURST,CROSS_PLATFORM,TEAM-0002,True,NOT_CHECKED,Latency Increase affecting Application Service 0002,CLOSED,SYNTHETIC
INC-000368,EP-000368,OBS-000368,SVC-0001,APPLICATION_SERVICE,2024-01-05T08:28:00+00:00,AP-SOUTH,Manufacturing,HIGH,authentication failure,POST_CHANGE_STEP,CROSS_PLATFORM,TEAM-0001,False,UNKNOWN,Authentication Failure affecting Application Service 0001,CLOSED,SYNTHETIC
INC-000369,EP-000369,OBS-000369,SVC-0002,APPLICATION_SERVICE,2024-01-05T08:45:00+00:00,LATAM,Security,MEDIUM,authentication failure,GRADUAL,CROSS_PLATFORM,TEAM-0002,False,NOT_CHECKED,Authentication Failure affecting Application Service 0002,CLOSED,SYNTHETIC
INC-000370,EP-000370,OBS-000370,SVC-0001,APPLICATION_SERVICE,2024-01-05T09:02:00+00:00,AP-SOUTH,Manufacturing,MEDIUM,latency increase,PERIODIC,CROSS_PLATFORM,TEAM-0001,True,NOT_CHECKED,Latency Increase affecting Application Service 0001,CLOSED,SYNTHETIC
INC-000371,EP-000371,OBS-000371,SVC-0002,APPLICATION_SERVICE,2024-01-05T09:19:00+00:00,LATAM,Security,LOW,transaction failure,GRADUAL,CROSS_PLATFORM,TEAM-0002,True,UNKNOWN,Transaction Failure affecting Application Service 0002,CLOSED,SYNTHETIC
INC-000372,EP-000372,OBS-000372,SVC-0001,APPLICATION_SERVICE,2024-01-05T09:36:00+00:00,AP-SOUTH,Manufacturing,MEDIUM,request timeout,POST_CHANGE_STEP,CROSS_PLATFORM,TEAM-0001,True,NOT_CHECKED,Request Timeout affecting Application Service 0001,CLOSED,SYNTHETIC
INC-000373,EP-000373,OBS-000373,SVC-0002,APPLICATION_SERVICE,2024-01-05T09:53:00+00:00,LATAM,Security,LOW,queue delay,POST_CHANGE_STEP,CROSS_PLATFORM,TEAM-0002,False,UNKNOWN,Queue Delay affecting Application Service 0002,CLOSED,SYNTHETIC
INC-000374,EP-000374,OBS-000374,SVC-0001,APPLICATION_SERVICE,2024-01-05T10:10:00+00:00,AP-SOUTH,Manufacturing,HIGH,latency increase,BURST,CROSS_PLATFORM,TEAM-0001,False,NOT_CHECKED,Latency Increase affecting Application Service 0001,CLOSED,SYNTHETIC
INC-000375,EP-000375,OBS-000375,SVC-0002,APPLICATION_SERVICE,2024-01-05T10:27:00+00:00,LATAM,Security,LOW,latency increase,POST_CHANGE_STEP,CROSS_PLATFORM,TEAM-0002,False,UNKNOWN,Latency Increase affecting Application Service 0002,CLOSED,SYNTHETIC
INC-000376,EP-000376,OBS-000376,SVC-0001,APPLICATION_SERVICE,2024-01-05T10:44:00+00:00,AP-SOUTH,Manufacturing,LOW,transaction failure,GRADUAL,CROSS_PLATFORM,TEAM-0001,False,UNKNOWN,Transaction Failure affecting Application Service 0001,CLOSED,SYNTHETIC
INC-000377,EP-000377,OBS-000377,SVC-0002,APPLICATION_SERVICE,2024-01-05T11:01:00+00:00,LATAM,Security,LOW,connection failure,POST_CHANGE_STEP,CROSS_PLATFORM,TEAM-0002,False,NOT_CHECKED,Connection Failure affecting Application Service 0002,CLOSED,SYNTHETIC
INC-000378,EP-000378,OBS-000378,SVC-0001,APPLICATION_SERVICE,2024-01-05T11:18:00+00:00,AP-SOUTH,Manufacturing,MEDIUM,service degradation,BURST,CROSS_PLATFORM,TEAM-0001,False,UNKNOWN,Service Degradation affecting Application Service 0001,CLOSED,SYNTHETIC
INC-000379,EP-000379,OBS-000379,SVC-0002,APPLICATION_SERVICE,2024-01-05T11:35:00+00:00,LATAM,Security,MEDIUM,authentication failure,BURST,CROSS_PLATFORM,TEAM-0002,False,UNKNOWN,Authentication Failure affecting Application Service 0002,CLOSED,SYNTHETIC
INC-000380,EP-000380,OBS-000380,SVC-0001,APPLICATION_SERVICE,2024-01-05T11:52:00+00:00,AP-SOUTH,Manufacturing,MEDIUM,connection failure,POST_CHANGE_STEP,CROSS_PLATFORM,TEAM-0001,False,UNKNOWN,Connection Failure affecting Application Service 0001,CLOSED,SYNTHETIC
INC-000381,EP-000381,OBS-000381,SVC-0002,APPLICATION_SERVICE,2024-01-05T12:09:00+00:00,LATAM,Security,HIGH,queue delay,BURST,CROSS_PLATFORM,TEAM-0002,False,NOT_CHECKED,Queue Delay affecting Application Service 0002,CLOSED,SYNTHETIC
INC-000382,EP-000382,OBS-000382,SVC-0001,APPLICATION_SERVICE,2024-01-05T12:26:00+00:00,AP-SOUTH,Manufacturing,MEDIUM,transaction failure,STEP,CROSS_PLATFORM,TEAM-0001,False,NOT_CHECKED,Transaction Failure affecting Application Service 0001,CLOSED,SYNTHETIC
INC-000383,EP-000383,OBS-000383,SVC-0002,APPLICATION_SERVICE,2024-01-05T12:43:00+00:00,LATAM,Security,HIGH,request timeout,BURST,CROSS_PLATFORM,TEAM-0002,True,NOT_CHECKED,Request Timeout affecting Application Service 0002,CLOSED,SYNTHETIC
INC-000384,EP-000384,OBS-000384,SVC-0001,APPLICATION_SERVICE,2024-01-05T13:00:00+00:00,AP-SOUTH,Manufacturing,LOW,service degradation,STEP,CROSS_PLATFORM,TEAM-0001,False,NOT_CHECKED,Service Degradation affecting Application Service 0001,CLOSED,SYNTHETIC
INC-000385,EP-000385,OBS-000385,SVC-0002,APPLICATION_SERVICE,2024-01-05T13:17:00+00:00,LATAM,Security,CRITICAL,latency increase,BURST,CROSS_PLATFORM,TEAM-0002,False,UNKNOWN,Latency Increase affecting Application Service 0002,CLOSED,SYNTHETIC
INC-000386,EP-000386,OBS-000386,SVC-0001,APPLICATION_SERVICE,2024-01-05T13:34:00+00:00,AP-SOUTH,Manufacturing,MEDIUM,transaction failure,PERIODIC,CROSS_PLATFORM,TEAM-0001,False,UNKNOWN,Transaction Failure affecting Application Service 0001,CLOSED,SYNTHETIC
INC-000387,EP-000387,OBS-000387,SVC-0002,APPLICATION_SERVICE,2024-01-05T13:51:00+00:00,LATAM,Security,MEDIUM,queue delay,STEP,CROSS_PLATFORM,TEAM-0002,True,UNKNOWN,Queue Delay affecting Application Service 0002,CLOSED,SYNTHETIC
INC-000388,EP-000388,OBS-000388,SVC-0001,APPLICATION_SERVICE,2024-01-05T14:08:00+00:00,AP-SOUTH,Manufacturing,CRITICAL,queue delay,POST_CHANGE_STEP,CROSS_PLATFORM,TEAM-0001,False,NOT_CHECKED,Queue Delay affecting Application Service 0001,CLOSED,SYNTHETIC
INC-000389,EP-000389,OBS-000389,SVC-0002,APPLICATION_SERVICE,2024-01-05T14:25:00+00:00,LATAM,Security,LOW,request timeout,PERIODIC,CROSS_PLATFORM,TEAM-0002,False,NOT_CHECKED,Request Timeout affecting Application Service 0002,CLOSED,SYNTHETIC
INC-000390,EP-000390,OBS-000390,SVC-0001,APPLICATION_SERVICE,2024-01-05T14:42:00+00:00,AP-SOUTH,Manufacturing,LOW,request timeout,GRADUAL,CROSS_PLATFORM,TEAM-0001,False,NOT_CHECKED,Request Timeout affecting Application Service 0001,CLOSED,SYNTHETIC
INC-000391,EP-000391,OBS-000391,SVC-0002,APPLICATION_SERVICE,2024-01-05T14:59:00+00:00,LATAM,Security,MEDIUM,service degradation,GRADUAL,CROSS_PLATFORM,TEAM-0002,True,NOT_CHECKED,Service Degradation affecting Application Service 0002,CLOSED,SYNTHETIC
INC-000392,EP-000392,OBS-000392,SVC-0001,APPLICATION_SERVICE,2024-01-05T15:16:00+00:00,AP-SOUTH,Manufacturing,MEDIUM,service degradation,BURST,CROSS_PLATFORM,TEAM-0001,False,NOT_CHECKED,Service Degradation affecting Application Service 0001,CLOSED,SYNTHETIC
INC-000393,EP-000393,OBS-000393,SVC-0002,APPLICATION_SERVICE,2024-01-05T15:33:00+00:00,LATAM,Security,LOW,connection failure,BURST,CROSS_PLATFORM,TEAM-0002,False,NOT_CHECKED,Connection Failure affecting Application Service 0002,CLOSED,SYNTHETIC
INC-000394,EP-000394,OBS-000394,SVC-0001,APPLICATION_SERVICE,2024-01-05T15:50:00+00:00,AP-SOUTH,Manufacturing,HIGH,transaction failure,STEP,CROSS_PLATFORM,TEAM-0001,False,NOT_CHECKED,Transaction Failure affecting Application Service 0001,CLOSED,SYNTHETIC
INC-000395,EP-000395,OBS-000395,SVC-0002,APPLICATION_SERVICE,2024-01-05T16:07:00+00:00,LATAM,Security,HIGH,authentication failure,BURST,CROSS_PLATFORM,TEAM-0002,False,UNKNOWN,Authentication Failure affecting Application Service 0002,CLOSED,SYNTHETIC
INC-000396,EP-000396,OBS-000396,SVC-0001,APPLICATION_SERVICE,2024-01-05T16:24:00+00:00,AP-SOUTH,Manufacturing,MEDIUM,request timeout,POST_CHANGE_STEP,CROSS_PLATFORM,TEAM-0001,True,UNKNOWN,Request Timeout affecting Application Service 0001,CLOSED,SYNTHETIC
INC-000397,EP-000397,OBS-000397,SVC-0002,APPLICATION_SERVICE,2024-01-05T16:41:00+00:00,LATAM,Security,HIGH,connection failure,PERIODIC,CROSS_PLATFORM,TEAM-0002,False,NOT_CHECKED,Connection Failure affecting Application Service 0002,CLOSED,SYNTHETIC
INC-000398,EP-000398,OBS-000398,SVC-0001,APPLICATION_SERVICE,2024-01-05T16:58:00+00:00,AP-SOUTH,Manufacturing,CRITICAL,request timeout,STEP,CROSS_PLATFORM,TEAM-0001,True,NOT_CHECKED,Request Timeout affecting Application Service 0001,CLOSED,SYNTHETIC
INC-000399,EP-000399,OBS-000399,SVC-0002,APPLICATION_SERVICE,2024-01-05T17:15:00+00:00,LATAM,Security,HIGH,connection failure,BURST,CROSS_PLATFORM,TEAM-0002,False,UNKNOWN,Connection Failure affecting Application Service 0002,CLOSED,SYNTHETIC
INC-000400,EP-000400,OBS-000400,SVC-0001,APPLICATION_SERVICE,2024-01-05T17:32:00+00:00,AP-SOUTH,Manufacturing,MEDIUM,request timeout,STEP,CROSS_PLATFORM,TEAM-0001,False,NOT_CHECKED,Request Timeout affecting Application Service 0001,CLOSED,SYNTHETIC
INC-000401,EP-000401,OBS-000401,SVC-0002,APPLICATION_SERVICE,2024-01-05T17:49:00+00:00,LATAM,Security,LOW,authentication failure,BURST,CROSS_PLATFORM,TEAM-0002,False,NOT_CHECKED,Authentication Failure affecting Application Service 0002,CLOSED,SYNTHETIC
INC-000402,EP-000402,OBS-000402,SVC-0001,APPLICATION_SERVICE,2024-01-05T18:06:00+00:00,AP-SOUTH,Manufacturing,LOW,request timeout,STEP,CROSS_PLATFORM,TEAM-0001,True,NOT_CHECKED,Request Timeout affecting Application Service 0001,CLOSED,SYNTHETIC
INC-000403,EP-000403,OBS-000403,SVC-0002,APPLICATION_SERVICE,2024-01-05T18:23:00+00:00,LATAM,Security,LOW,service degradation,STEP,CROSS_PLATFORM,TEAM-0002,False,NOT_CHECKED,Service Degradation affecting Application Service 0002,CLOSED,SYNTHETIC
INC-000404,EP-000404,OBS-000404,SVC-0001,APPLICATION_SERVICE,2024-01-05T18:40:00+00:00,AP-SOUTH,Manufacturing,LOW,authentication failure,POST_CHANGE_STEP,CROSS_PLATFORM,TEAM-0001,False,NOT_CHECKED,Authentication Failure affecting Application Service 0001,CLOSED,SYNTHETIC
INC-000405,EP-000405,OBS-000405,SVC-0002,APPLICATION_SERVICE,2024-01-05T18:57:00+00:00,LATAM,Security,MEDIUM,request timeout,GRADUAL,CROSS_PLATFORM,TEAM-0002,True,UNKNOWN,Request Timeout affecting Application Service 0002,CLOSED,SYNTHETIC
INC-000406,EP-000406,OBS-000406,SVC-0001,APPLICATION_SERVICE,2024-01-05T19:14:00+00:00,AP-SOUTH,Manufacturing,MEDIUM,authentication failure,POST_CHANGE_STEP,CROSS_PLATFORM,TEAM-0001,False,UNKNOWN,Authentication Failure affecting Application Service 0001,CLOSED,SYNTHETIC
INC-000407,EP-000407,OBS-000407,SVC-0002,APPLICATION_SERVICE,2024-01-05T19:31:00+00:00,LATAM,Security,LOW,queue delay,BURST,CROSS_PLATFORM,TEAM-0002,False,UNKNOWN,Queue Delay affecting Application Service 0002,CLOSED,SYNTHETIC
INC-000408,EP-000408,OBS-000408,SVC-0001,APPLICATION_SERVICE,2024-01-05T19:48:00+00:00,AP-SOUTH,Manufacturing,HIGH,connection failure,POST_CHANGE_STEP,CROSS_PLATFORM,TEAM-0001,False,NOT_CHECKED,Connection Failure affecting Application Service 0001,CLOSED,SYNTHETIC
INC-000409,EP-000409,OBS-000409,SVC-0002,APPLICATION_SERVICE,2024-01-05T20:05:00+00:00,LATAM,Security,HIGH,latency increase,GRADUAL,CROSS_PLATFORM,TEAM-0002,False,UNKNOWN,Latency Increase affecting Application Service 0002,CLOSED,SYNTHETIC
INC-000410,EP-000410,OBS-000410,SVC-0001,APPLICATION_SERVICE,2024-01-05T20:22:00+00:00,AP-SOUTH,Manufacturing,MEDIUM,queue delay,PERIODIC,CROSS_PLATFORM,TEAM-0001,False,NOT_CHECKED,Queue Delay affecting Application Service 0001,CLOSED,SYNTHETIC
INC-000411,EP-000411,OBS-000411,SVC-0002,APPLICATION_SERVICE,2024-01-05T20:39:00+00:00,LATAM,Security,MEDIUM,connection failure,POST_CHANGE_STEP,CROSS_PLATFORM,TEAM-0002,False,NOT_CHECKED,Connection Failure affecting Application Service 0002,CLOSED,SYNTHETIC
INC-000412,EP-000412,OBS-000412,SVC-0001,APPLICATION_SERVICE,2024-01-05T20:56:00+00:00,AP-SOUTH,Manufacturing,HIGH,request timeout,BURST,CROSS_PLATFORM,TEAM-0001,False,NOT_CHECKED,Request Timeout affecting Application Service 0001,CLOSED,SYNTHETIC
INC-000413,EP-000413,OBS-000413,SVC-0002,APPLICATION_SERVICE,2024-01-05T21:13:00+00:00,LATAM,Security,MEDIUM,request timeout,GRADUAL,CROSS_PLATFORM,TEAM-0002,False,NOT_CHECKED,Request Timeout affecting Application Service 0002,CLOSED,SYNTHETIC
INC-000414,EP-000414,OBS-000414,SVC-0001,APPLICATION_SERVICE,2024-01-05T21:30:00+00:00,AP-SOUTH,Manufacturing,MEDIUM,service degradation,STEP,CROSS_PLATFORM,TEAM-0001,False,UNKNOWN,Service Degradation affecting Application Service 0001,CLOSED,SYNTHETIC
INC-000415,EP-000415,OBS-000415,SVC-0002,APPLICATION_SERVICE,2024-01-05T21:47:00+00:00,LATAM,Security,LOW,request timeout,BURST,CROSS_PLATFORM,TEAM-0002,False,UNKNOWN,Request Timeout affecting Application Service 0002,CLOSED,SYNTHETIC
INC-000416,EP-000416,OBS-000416,SVC-0001,APPLICATION_SERVICE,2024-01-05T22:04:00+00:00,AP-SOUTH,Manufacturing,HIGH,request timeout,BURST,CROSS_PLATFORM,TEAM-0001,True,UNKNOWN,Request Timeout affecting Application Service 0001,CLOSED,SYNTHETIC
INC-000417,EP-000417,OBS-000417,SVC-0002,APPLICATION_SERVICE,2024-01-05T22:21:00+00:00,LATAM,Security,LOW,connection failure,STEP,CROSS_PLATFORM,TEAM-0002,False,UNKNOWN,Connection Failure affecting Application Service 0002,CLOSED,SYNTHETIC
INC-000418,EP-000418,OBS-000418,SVC-0001,APPLICATION_SERVICE,2024-01-05T22:38:00+00:00,AP-SOUTH,Manufacturing,HIGH,queue delay,BURST,CROSS_PLATFORM,TEAM-0001,True,NOT_CHECKED,Queue Delay affecting Application Service 0001,CLOSED,SYNTHETIC
INC-000419,EP-000419,OBS-000419,SVC-0002,APPLICATION_SERVICE,2024-01-05T22:55:00+00:00,LATAM,Security,LOW,queue delay,PERIODIC,CROSS_PLATFORM,TEAM-0002,False,NOT_CHECKED,Queue Delay affecting Application Service 0002,CLOSED,SYNTHETIC
INC-000420,EP-000420,OBS-000420,SVC-0001,APPLICATION_SERVICE,2024-01-05T23:12:00+00:00,AP-SOUTH,Manufacturing,HIGH,authentication failure,BURST,CROSS_PLATFORM,TEAM-0001,False,UNKNOWN,Authentication Failure affecting Application Service 0001,CLOSED,SYNTHETIC
INC-000421,EP-000421,OBS-000421,SVC-0002,APPLICATION_SERVICE,2024-01-05T23:29:00+00:00,LATAM,Security,MEDIUM,transaction failure,GRADUAL,CROSS_PLATFORM,TEAM-0002,True,UNKNOWN,Transaction Failure affecting Application Service 0002,CLOSED,SYNTHETIC
INC-000422,EP-000422,OBS-000422,SVC-0001,APPLICATION_SERVICE,2024-01-05T23:46:00+00:00,AP-SOUTH,Manufacturing,HIGH,connection failure,STEP,CROSS_PLATFORM,TEAM-0001,False,NOT_CHECKED,Connection Failure affecting Application Service 0001,CLOSED,SYNTHETIC
INC-000423,EP-000423,OBS-000423,SVC-0002,APPLICATION_SERVICE,2024-01-06T00:03:00+00:00,LATAM,Security,MEDIUM,transaction failure,STEP,CROSS_PLATFORM,TEAM-0002,False,UNKNOWN,Transaction Failure affecting Application Service 0002,CLOSED,SYNTHETIC
INC-000424,EP-000424,OBS-000424,SVC-0001,APPLICATION_SERVICE,2024-01-06T00:20:00+00:00,AP-SOUTH,Manufacturing,CRITICAL,request timeout,BURST,CROSS_PLATFORM,TEAM-0001,True,NOT_CHECKED,Request Timeout affecting Application Service 0001,CLOSED,SYNTHETIC
INC-000425,EP-000425,OBS-000425,SVC-0002,APPLICATION_SERVICE,2024-01-06T00:37:00+00:00,LATAM,Security,MEDIUM,authentication failure,BURST,CROSS_PLATFORM,TEAM-0002,True,NOT_CHECKED,Authentication Failure affecting Application Service 0002,CLOSED,SYNTHETIC
INC-000426,EP-000426,OBS-000426,SVC-0001,APPLICATION_SERVICE,2024-01-06T00:54:00+00:00,AP-SOUTH,Manufacturing,HIGH,transaction failure,STEP,CROSS_PLATFORM,TEAM-0001,False,UNKNOWN,Transaction Failure affecting Application Service 0001,CLOSED,SYNTHETIC
INC-000427,EP-000427,OBS-000427,SVC-0002,APPLICATION_SERVICE,2024-01-06T01:11:00+00:00,LATAM,Security,LOW,service degradation,STEP,CROSS_PLATFORM,TEAM-0002,False,NOT_CHECKED,Service Degradation affecting Application Service 0002,CLOSED,SYNTHETIC
INC-000428,EP-000428,OBS-000428,SVC-0001,APPLICATION_SERVICE,2024-01-06T01:28:00+00:00,AP-SOUTH,Manufacturing,HIGH,queue delay,GRADUAL,CROSS_PLATFORM,TEAM-0001,False,NOT_CHECKED,Queue Delay affecting Application Service 0001,CLOSED,SYNTHETIC
INC-000429,EP-000429,OBS-000429,SVC-0002,APPLICATION_SERVICE,2024-01-06T01:45:00+00:00,LATAM,Security,LOW,service degradation,GRADUAL,CROSS_PLATFORM,TEAM-0002,False,UNKNOWN,Service Degradation affecting Application Service 0002,CLOSED,SYNTHETIC
INC-000430,EP-000430,OBS-000430,SVC-0001,APPLICATION_SERVICE,2024-01-06T02:02:00+00:00,AP-SOUTH,Manufacturing,MEDIUM,authentication failure,STEP,CROSS_PLATFORM,TEAM-0001,True,NOT_CHECKED,Authentication Failure affecting Application Service 0001,CLOSED,SYNTHETIC
INC-000431,EP-000431,OBS-000431,SVC-0002,APPLICATION_SERVICE,2024-01-06T02:19:00+00:00,LATAM,Security,LOW,transaction failure,STEP,CROSS_PLATFORM,TEAM-0002,False,NOT_CHECKED,Transaction Failure affecting Application Service 0002,CLOSED,SYNTHETIC
INC-000432,EP-000432,OBS-000432,SVC-0001,APPLICATION_SERVICE,2024-01-06T02:36:00+00:00,AP-SOUTH,Manufacturing,MEDIUM,transaction failure,POST_CHANGE_STEP,CROSS_PLATFORM,TEAM-0001,False,NOT_CHECKED,Transaction Failure affecting Application Service 0001,CLOSED,SYNTHETIC
INC-000433,EP-000433,OBS-000433,SVC-0002,APPLICATION_SERVICE,2024-01-06T02:53:00+00:00,LATAM,Security,HIGH,connection failure,STEP,CROSS_PLATFORM,TEAM-0002,True,NOT_CHECKED,Connection Failure affecting Application Service 0002,CLOSED,SYNTHETIC
INC-000434,EP-000434,OBS-000434,SVC-0001,APPLICATION_SERVICE,2024-01-06T03:10:00+00:00,AP-SOUTH,Manufacturing,MEDIUM,request timeout,STEP,CROSS_PLATFORM,TEAM-0001,False,NOT_CHECKED,Request Timeout affecting Application Service 0001,CLOSED,SYNTHETIC
INC-000435,EP-000435,OBS-000435,SVC-0002,APPLICATION_SERVICE,2024-01-06T03:27:00+00:00,LATAM,Security,LOW,transaction failure,STEP,CROSS_PLATFORM,TEAM-0002,False,UNKNOWN,Transaction Failure affecting Application Service 0002,CLOSED,SYNTHETIC
INC-000436,EP-000436,OBS-000436,SVC-0001,APPLICATION_SERVICE,2024-01-06T03:44:00+00:00,AP-SOUTH,Manufacturing,MEDIUM,request timeout,STEP,CROSS_PLATFORM,TEAM-0001,False,NOT_CHECKED,Request Timeout affecting Application Service 0001,CLOSED,SYNTHETIC
INC-000437,EP-000437,OBS-000437,SVC-0002,APPLICATION_SERVICE,2024-01-06T04:01:00+00:00,LATAM,Security,CRITICAL,authentication failure,GRADUAL,CROSS_PLATFORM,TEAM-0002,True,NOT_CHECKED,Authentication Failure affecting Application Service 0002,CLOSED,SYNTHETIC
INC-000438,EP-000438,OBS-000438,SVC-0001,APPLICATION_SERVICE,2024-01-06T04:18:00+00:00,AP-SOUTH,Manufacturing,HIGH,latency increase,BURST,CROSS_PLATFORM,TEAM-0001,False,NOT_CHECKED,Latency Increase affecting Application Service 0001,CLOSED,SYNTHETIC
INC-000439,EP-000439,OBS-000439,SVC-0002,APPLICATION_SERVICE,2024-01-06T04:35:00+00:00,LATAM,Security,LOW,latency increase,POST_CHANGE_STEP,CROSS_PLATFORM,TEAM-0002,False,UNKNOWN,Latency Increase affecting Application Service 0002,CLOSED,SYNTHETIC
INC-000440,EP-000440,OBS-000440,SVC-0001,APPLICATION_SERVICE,2024-01-06T04:52:00+00:00,AP-SOUTH,Manufacturing,LOW,queue delay,STEP,CROSS_PLATFORM,TEAM-0001,False,NOT_CHECKED,Queue Delay affecting Application Service 0001,CLOSED,SYNTHETIC
INC-000441,EP-000441,OBS-000441,SVC-0002,APPLICATION_SERVICE,2024-01-06T05:09:00+00:00,LATAM,Security,MEDIUM,authentication failure,PERIODIC,CROSS_PLATFORM,TEAM-0002,True,UNKNOWN,Authentication Failure affecting Application Service 0002,CLOSED,SYNTHETIC
INC-000442,EP-000442,OBS-000442,SVC-0001,APPLICATION_SERVICE,2024-01-06T05:26:00+00:00,AP-SOUTH,Manufacturing,MEDIUM,latency increase,STEP,CROSS_PLATFORM,TEAM-0001,False,UNKNOWN,Latency Increase affecting Application Service 0001,CLOSED,SYNTHETIC
INC-000443,EP-000443,OBS-000443,SVC-0002,APPLICATION_SERVICE,2024-01-06T05:43:00+00:00,LATAM,Security,MEDIUM,connection failure,GRADUAL,CROSS_PLATFORM,TEAM-0002,True,NOT_CHECKED,Connection Failure affecting Application Service 0002,CLOSED,SYNTHETIC
INC-000444,EP-000444,OBS-000444,SVC-0001,APPLICATION_SERVICE,2024-01-06T06:00:00+00:00,AP-SOUTH,Manufacturing,CRITICAL,queue delay,STEP,CROSS_PLATFORM,TEAM-0001,False,UNKNOWN,Queue Delay affecting Application Service 0001,CLOSED,SYNTHETIC
INC-000445,EP-000445,OBS-000445,SVC-0002,APPLICATION_SERVICE,2024-01-06T06:17:00+00:00,LATAM,Security,MEDIUM,service degradation,PERIODIC,CROSS_PLATFORM,TEAM-0002,False,NOT_CHECKED,Service Degradation affecting Application Service 0002,CLOSED,SYNTHETIC
INC-000446,EP-000446,OBS-000446,SVC-0001,APPLICATION_SERVICE,2024-01-06T06:34:00+00:00,AP-SOUTH,Manufacturing,HIGH,queue delay,STEP,CROSS_PLATFORM,TEAM-0001,False,NOT_CHECKED,Queue Delay affecting Application Service 0001,CLOSED,SYNTHETIC
INC-000447,EP-000447,OBS-000447,SVC-0002,APPLICATION_SERVICE,2024-01-06T06:51:00+00:00,LATAM,Security,MEDIUM,connection failure,STEP,CROSS_PLATFORM,TEAM-0002,False,NOT_CHECKED,Connection Failure affecting Application Service 0002,CLOSED,SYNTHETIC
INC-000448,EP-000448,OBS-000448,SVC-0001,APPLICATION_SERVICE,2024-01-06T07:08:00+00:00,AP-SOUTH,Manufacturing,MEDIUM,service degradation,POST_CHANGE_STEP,CROSS_PLATFORM,TEAM-0001,False,NOT_CHECKED,Service Degradation affecting Application Service 0001,CLOSED,SYNTHETIC
INC-000449,EP-000449,OBS-000449,SVC-0002,APPLICATION_SERVICE,2024-01-06T07:25:00+00:00,LATAM,Security,HIGH,transaction failure,GRADUAL,CROSS_PLATFORM,TEAM-0002,False,UNKNOWN,Transaction Failure affecting Application Service 0002,CLOSED,SYNTHETIC
INC-000450,EP-000450,OBS-000450,SVC-0001,APPLICATION_SERVICE,2024-01-06T07:42:00+00:00,AP-SOUTH,Manufacturing,HIGH,connection failure,BURST,CROSS_PLATFORM,TEAM-0001,False,NOT_CHECKED,Connection Failure affecting Application Service 0001,CLOSED,SYNTHETIC
INC-000451,EP-000451,OBS-000451,SVC-0002,APPLICATION_SERVICE,2024-01-06T07:59:00+00:00,LATAM,Security,MEDIUM,connection failure,BURST,CROSS_PLATFORM,TEAM-0002,True,NOT_CHECKED,Connection Failure affecting Application Service 0002,CLOSED,SYNTHETIC
INC-000452,EP-000452,OBS-000452,SVC-0001,APPLICATION_SERVICE,2024-01-06T08:16:00+00:00,AP-SOUTH,Manufacturing,LOW,latency increase,BURST,CROSS_PLATFORM,TEAM-0001,False,NOT_CHECKED,Latency Increase affecting Application Service 0001,CLOSED,SYNTHETIC
INC-000453,EP-000453,OBS-000453,SVC-0002,APPLICATION_SERVICE,2024-01-06T08:33:00+00:00,LATAM,Security,MEDIUM,queue delay,POST_CHANGE_STEP,CROSS_PLATFORM,TEAM-0002,False,NOT_CHECKED,Queue Delay affecting Application Service 0002,CLOSED,SYNTHETIC
INC-000454,EP-000454,OBS-000454,SVC-0001,APPLICATION_SERVICE,2024-01-06T08:50:00+00:00,AP-SOUTH,Manufacturing,HIGH,authentication failure,POST_CHANGE_STEP,CROSS_PLATFORM,TEAM-0001,False,NOT_CHECKED,Authentication Failure affecting Application Service 0001,CLOSED,SYNTHETIC
INC-000455,EP-000455,OBS-000455,SVC-0002,APPLICATION_SERVICE,2024-01-06T09:07:00+00:00,LATAM,Security,MEDIUM,connection failure,PERIODIC,CROSS_PLATFORM,TEAM-0002,False,NOT_CHECKED,Connection Failure affecting Application Service 0002,CLOSED,SYNTHETIC
INC-000456,EP-000456,OBS-000456,SVC-0001,APPLICATION_SERVICE,2024-01-06T09:24:00+00:00,AP-SOUTH,Manufacturing,MEDIUM,connection failure,STEP,CROSS_PLATFORM,TEAM-0001,True,NOT_CHECKED,Connection Failure affecting Application Service 0001,CLOSED,SYNTHETIC
INC-000457,EP-000457,OBS-000457,SVC-0002,APPLICATION_SERVICE,2024-01-06T09:41:00+00:00,LATAM,Security,MEDIUM,connection failure,POST_CHANGE_STEP,CROSS_PLATFORM,TEAM-0002,False,UNKNOWN,Connection Failure affecting Application Service 0002,CLOSED,SYNTHETIC
INC-000458,EP-000458,OBS-000458,SVC-0001,APPLICATION_SERVICE,2024-01-06T09:58:00+00:00,AP-SOUTH,Manufacturing,CRITICAL,connection failure,GRADUAL,CROSS_PLATFORM,TEAM-0001,True,NOT_CHECKED,Connection Failure affecting Application Service 0001,CLOSED,SYNTHETIC
INC-000459,EP-000459,OBS-000459,SVC-0002,APPLICATION_SERVICE,2024-01-06T10:15:00+00:00,LATAM,Security,LOW,latency increase,PERIODIC,CROSS_PLATFORM,TEAM-0002,True,NOT_CHECKED,Latency Increase affecting Application Service 0002,CLOSED,SYNTHETIC
INC-000460,EP-000460,OBS-000460,SVC-0001,APPLICATION_SERVICE,2024-01-06T10:32:00+00:00,AP-SOUTH,Manufacturing,LOW,request timeout,GRADUAL,CROSS_PLATFORM,TEAM-0001,False,NOT_CHECKED,Request Timeout affecting Application Service 0001,CLOSED,SYNTHETIC
INC-000461,EP-000461,OBS-000461,SVC-0002,APPLICATION_SERVICE,2024-01-06T10:49:00+00:00,LATAM,Security,MEDIUM,authentication failure,PERIODIC,CROSS_PLATFORM,TEAM-0002,True,NOT_CHECKED,Authentication Failure affecting Application Service 0002,CLOSED,SYNTHETIC
INC-000462,EP-000462,OBS-000462,SVC-0001,APPLICATION_SERVICE,2024-01-06T11:06:00+00:00,AP-SOUTH,Manufacturing,CRITICAL,latency increase,PERIODIC,CROSS_PLATFORM,TEAM-0001,True,NOT_CHECKED,Latency Increase affecting Application Service 0001,CLOSED,SYNTHETIC
INC-000463,EP-000463,OBS-000463,SVC-0002,APPLICATION_SERVICE,2024-01-06T11:23:00+00:00,LATAM,Security,LOW,request timeout,STEP,CROSS_PLATFORM,TEAM-0002,False,NOT_CHECKED,Request Timeout affecting Application Service 0002,CLOSED,SYNTHETIC
INC-000464,EP-000464,OBS-000464,SVC-0001,APPLICATION_SERVICE,2024-01-06T11:40:00+00:00,AP-SOUTH,Manufacturing,MEDIUM,transaction failure,BURST,CROSS_PLATFORM,TEAM-0001,False,NOT_CHECKED,Transaction Failure affecting Application Service 0001,CLOSED,SYNTHETIC
INC-000465,EP-000465,OBS-000465,SVC-0002,APPLICATION_SERVICE,2024-01-06T11:57:00+00:00,LATAM,Security,CRITICAL,request timeout,GRADUAL,CROSS_PLATFORM,TEAM-0002,False,NOT_CHECKED,Request Timeout affecting Application Service 0002,CLOSED,SYNTHETIC
INC-000466,EP-000466,OBS-000466,SVC-0001,APPLICATION_SERVICE,2024-01-06T12:14:00+00:00,AP-SOUTH,Manufacturing,LOW,transaction failure,PERIODIC,CROSS_PLATFORM,TEAM-0001,False,NOT_CHECKED,Transaction Failure affecting Application Service 0001,CLOSED,SYNTHETIC
INC-000467,EP-000467,OBS-000467,SVC-0002,APPLICATION_SERVICE,2024-01-06T12:31:00+00:00,LATAM,Security,HIGH,authentication failure,POST_CHANGE_STEP,CROSS_PLATFORM,TEAM-0002,True,NOT_CHECKED,Authentication Failure affecting Application Service 0002,CLOSED,SYNTHETIC
INC-000468,EP-000468,OBS-000468,SVC-0001,APPLICATION_SERVICE,2024-01-06T12:48:00+00:00,AP-SOUTH,Manufacturing,MEDIUM,connection failure,POST_CHANGE_STEP,CROSS_PLATFORM,TEAM-0001,True,NOT_CHECKED,Connection Failure affecting Application Service 0001,CLOSED,SYNTHETIC
INC-000469,EP-000469,OBS-000469,SVC-0002,APPLICATION_SERVICE,2024-01-06T13:05:00+00:00,LATAM,Security,MEDIUM,connection failure,PERIODIC,CROSS_PLATFORM,TEAM-0002,False,NOT_CHECKED,Connection Failure affecting Application Service 0002,CLOSED,SYNTHETIC
INC-000470,EP-000470,OBS-000470,SVC-0001,APPLICATION_SERVICE,2024-01-06T13:22:00+00:00,AP-SOUTH,Manufacturing,HIGH,queue delay,STEP,CROSS_PLATFORM,TEAM-0001,True,UNKNOWN,Queue Delay affecting Application Service 0001,CLOSED,SYNTHETIC
INC-000471,EP-000471,OBS-000471,SVC-0002,APPLICATION_SERVICE,2024-01-06T13:39:00+00:00,LATAM,Security,MEDIUM,service degradation,POST_CHANGE_STEP,CROSS_PLATFORM,TEAM-0002,False,NOT_CHECKED,Service Degradation affecting Application Service 0002,CLOSED,SYNTHETIC
INC-000472,EP-000472,OBS-000472,SVC-0001,APPLICATION_SERVICE,2024-01-06T13:56:00+00:00,AP-SOUTH,Manufacturing,HIGH,transaction failure,GRADUAL,CROSS_PLATFORM,TEAM-0001,False,UNKNOWN,Transaction Failure affecting Application Service 0001,CLOSED,SYNTHETIC
INC-000473,EP-000473,OBS-000473,SVC-0002,APPLICATION_SERVICE,2024-01-06T14:13:00+00:00,LATAM,Security,LOW,service degradation,POST_CHANGE_STEP,CROSS_PLATFORM,TEAM-0002,False,NOT_CHECKED,Service Degradation affecting Application Service 0002,CLOSED,SYNTHETIC
INC-000474,EP-000474,OBS-000474,SVC-0001,APPLICATION_SERVICE,2024-01-06T14:30:00+00:00,AP-SOUTH,Manufacturing,MEDIUM,service degradation,GRADUAL,CROSS_PLATFORM,TEAM-0001,False,NOT_CHECKED,Service Degradation affecting Application Service 0001,CLOSED,SYNTHETIC
INC-000475,EP-000475,OBS-000475,SVC-0002,APPLICATION_SERVICE,2024-01-06T14:47:00+00:00,LATAM,Security,MEDIUM,queue delay,POST_CHANGE_STEP,CROSS_PLATFORM,TEAM-0002,False,NOT_CHECKED,Queue Delay affecting Application Service 0002,CLOSED,SYNTHETIC
INC-000476,EP-000476,OBS-000476,SVC-0001,APPLICATION_SERVICE,2024-01-06T15:04:00+00:00,AP-SOUTH,Manufacturing,MEDIUM,queue delay,PERIODIC,CROSS_PLATFORM,TEAM-0001,False,UNKNOWN,Queue Delay affecting Application Service 0001,CLOSED,SYNTHETIC
INC-000477,EP-000477,OBS-000477,SVC-0002,APPLICATION_SERVICE,2024-01-06T15:21:00+00:00,LATAM,Security,HIGH,connection failure,PERIODIC,CROSS_PLATFORM,TEAM-0002,False,NOT_CHECKED,Connection Failure affecting Application Service 0002,CLOSED,SYNTHETIC
INC-000478,EP-000478,OBS-000478,SVC-0001,APPLICATION_SERVICE,2024-01-06T15:38:00+00:00,AP-SOUTH,Manufacturing,MEDIUM,connection failure,GRADUAL,CROSS_PLATFORM,TEAM-0001,True,UNKNOWN,Connection Failure affecting Application Service 0001,CLOSED,SYNTHETIC
INC-000479,EP-000479,OBS-000479,SVC-0002,APPLICATION_SERVICE,2024-01-06T15:55:00+00:00,LATAM,Security,LOW,transaction failure,BURST,CROSS_PLATFORM,TEAM-0002,False,UNKNOWN,Transaction Failure affecting Application Service 0002,CLOSED,SYNTHETIC
INC-000480,EP-000480,OBS-000480,SVC-0001,APPLICATION_SERVICE,2024-01-06T16:12:00+00:00,AP-SOUTH,Manufacturing,MEDIUM,queue delay,PERIODIC,CROSS_PLATFORM,TEAM-0001,False,UNKNOWN,Queue Delay affecting Application Service 0001,CLOSED,SYNTHETIC
INC-000481,EP-000481,OBS-000481,SVC-0002,APPLICATION_SERVICE,2024-01-06T16:29:00+00:00,LATAM,Security,HIGH,connection failure,BURST,CROSS_PLATFORM,TEAM-0002,False,NOT_CHECKED,Connection Failure affecting Application Service 0002,CLOSED,SYNTHETIC
INC-000482,EP-000482,OBS-000482,SVC-0001,APPLICATION_SERVICE,2024-01-06T16:46:00+00:00,AP-SOUTH,Manufacturing,HIGH,authentication failure,GRADUAL,CROSS_PLATFORM,TEAM-0001,False,NOT_CHECKED,Authentication Failure affecting Application Service 0001,CLOSED,SYNTHETIC
INC-000483,EP-000483,OBS-000483,SVC-0002,APPLICATION_SERVICE,2024-01-06T17:03:00+00:00,LATAM,Security,MEDIUM,latency increase,STEP,CROSS_PLATFORM,TEAM-0002,False,UNKNOWN,Latency Increase affecting Application Service 0002,CLOSED,SYNTHETIC
INC-000484,EP-000484,OBS-000484,SVC-0001,APPLICATION_SERVICE,2024-01-06T17:20:00+00:00,AP-SOUTH,Manufacturing,MEDIUM,transaction failure,STEP,CROSS_PLATFORM,TEAM-0001,False,UNKNOWN,Transaction Failure affecting Application Service 0001,CLOSED,SYNTHETIC
INC-000485,EP-000485,OBS-000485,SVC-0002,APPLICATION_SERVICE,2024-01-06T17:37:00+00:00,LATAM,Security,HIGH,authentication failure,PERIODIC,CROSS_PLATFORM,TEAM-0002,False,UNKNOWN,Authentication Failure affecting Application Service 0002,CLOSED,SYNTHETIC
INC-000486,EP-000486,OBS-000486,SVC-0001,APPLICATION_SERVICE,2024-01-06T17:54:00+00:00,AP-SOUTH,Manufacturing,HIGH,authentication failure,POST_CHANGE_STEP,CROSS_PLATFORM,TEAM-0001,False,NOT_CHECKED,Authentication Failure affecting Application Service 0001,CLOSED,SYNTHETIC
INC-000487,EP-000487,OBS-000487,SVC-0002,APPLICATION_SERVICE,2024-01-06T18:11:00+00:00,LATAM,Security,MEDIUM,request timeout,BURST,CROSS_PLATFORM,TEAM-0002,False,NOT_CHECKED,Request Timeout affecting Application Service 0002,CLOSED,SYNTHETIC
INC-000488,EP-000488,OBS-000488,SVC-0001,APPLICATION_SERVICE,2024-01-06T18:28:00+00:00,AP-SOUTH,Manufacturing,MEDIUM,authentication failure,STEP,CROSS_PLATFORM,TEAM-0001,False,NOT_CHECKED,Authentication Failure affecting Application Service 0001,CLOSED,SYNTHETIC
INC-000489,EP-000489,OBS-000489,SVC-0002,APPLICATION_SERVICE,2024-01-06T18:45:00+00:00,LATAM,Security,MEDIUM,request timeout,POST_CHANGE_STEP,CROSS_PLATFORM,TEAM-0002,False,UNKNOWN,Request Timeout affecting Application Service 0002,CLOSED,SYNTHETIC
INC-000490,EP-000490,OBS-000490,SVC-0001,APPLICATION_SERVICE,2024-01-06T19:02:00+00:00,AP-SOUTH,Manufacturing,LOW,authentication failure,STEP,CROSS_PLATFORM,TEAM-0001,False,NOT_CHECKED,Authentication Failure affecting Application Service 0001,CLOSED,SYNTHETIC
INC-000491,EP-000491,OBS-000491,SVC-0002,APPLICATION_SERVICE,2024-01-06T19:19:00+00:00,LATAM,Security,CRITICAL,queue delay,POST_CHANGE_STEP,CROSS_PLATFORM,TEAM-0002,False,NOT_CHECKED,Queue Delay affecting Application Service 0002,CLOSED,SYNTHETIC
INC-000492,EP-000492,OBS-000492,SVC-0001,APPLICATION_SERVICE,2024-01-06T19:36:00+00:00,AP-SOUTH,Manufacturing,HIGH,service degradation,POST_CHANGE_STEP,CROSS_PLATFORM,TEAM-0001,False,NOT_CHECKED,Service Degradation affecting Application Service 0001,CLOSED,SYNTHETIC
INC-000493,EP-000493,OBS-000493,SVC-0002,APPLICATION_SERVICE,2024-01-06T19:53:00+00:00,LATAM,Security,MEDIUM,service degradation,STEP,CROSS_PLATFORM,TEAM-0002,True,NOT_CHECKED,Service Degradation affecting Application Service 0002,CLOSED,SYNTHETIC
INC-000494,EP-000494,OBS-000494,SVC-0001,APPLICATION_SERVICE,2024-01-06T20:10:00+00:00,AP-SOUTH,Manufacturing,MEDIUM,service degradation,POST_CHANGE_STEP,CROSS_PLATFORM,TEAM-0001,False,UNKNOWN,Service Degradation affecting Application Service 0001,CLOSED,SYNTHETIC
INC-000495,EP-000495,OBS-000495,SVC-0002,APPLICATION_SERVICE,2024-01-06T20:27:00+00:00,LATAM,Security,MEDIUM,latency increase,STEP,CROSS_PLATFORM,TEAM-0002,False,NOT_CHECKED,Latency Increase affecting Application Service 0002,CLOSED,SYNTHETIC
INC-000496,EP-000496,OBS-000496,SVC-0001,APPLICATION_SERVICE,2024-01-06T20:44:00+00:00,AP-SOUTH,Manufacturing,LOW,service degradation,BURST,CROSS_PLATFORM,TEAM-0001,True,NOT_CHECKED,Service Degradation affecting Application Service 0001,CLOSED,SYNTHETIC
INC-000497,EP-000497,OBS-000497,SVC-0002,APPLICATION_SERVICE,2024-01-06T21:01:00+00:00,LATAM,Security,CRITICAL,latency increase,GRADUAL,CROSS_PLATFORM,TEAM-0002,True,UNKNOWN,Latency Increase affecting Application Service 0002,CLOSED,SYNTHETIC
INC-000498,EP-000498,OBS-000498,SVC-0003,APPLICATION_SERVICE,2024-01-06T21:18:00+00:00,EU-CENTRAL,HR,MEDIUM,latency increase,STEP,CROSS_PLATFORM,TEAM-0003,False,UNKNOWN,Latency Increase affecting Application Service 0003,CLOSED,SYNTHETIC
INC-000499,EP-000499,OBS-000499,SVC-0010,APPLICATION_SERVICE,2024-01-06T21:35:00+00:00,LATAM,Manufacturing,MEDIUM,latency increase,PERIODIC,CROSS_PLATFORM,TEAM-0003,False,NOT_CHECKED,Latency Increase affecting Application Service 0010,CLOSED,SYNTHETIC
INC-000500,EP-000500,OBS-000500,SVC-0017,APPLICATION_SERVICE,2024-01-06T21:52:00+00:00,US-WEST,Manufacturing,MEDIUM,transaction failure,BURST,CROSS_PLATFORM,TEAM-0003,False,UNKNOWN,Transaction Failure affecting Application Service 0017,CLOSED,SYNTHETIC
INC-000501,EP-000501,OBS-000501,SVC-0006,APPLICATION_SERVICE,2024-01-06T22:09:00+00:00,US-WEST,Data,MEDIUM,authentication failure,GRADUAL,CROSS_PLATFORM,TEAM-0006,False,NOT_CHECKED,Authentication Failure affecting Application Service 0006,CLOSED,SYNTHETIC
INC-000502,EP-000502,OBS-000502,SVC-0001,APPLICATION_SERVICE,2024-01-06T22:26:00+00:00,AP-SOUTH,Manufacturing,MEDIUM,queue delay,STEP,CROSS_PLATFORM,TEAM-0001,False,NOT_CHECKED,Queue Delay affecting Application Service 0001,CLOSED,SYNTHETIC
INC-000503,EP-000503,OBS-000503,SVC-0008,APPLICATION_SERVICE,2024-01-06T22:43:00+00:00,US-EAST,Commerce,CRITICAL,service degradation,POST_CHANGE_STEP,CROSS_PLATFORM,TEAM-0001,False,NOT_CHECKED,Service Degradation affecting Application Service 0008,CLOSED,SYNTHETIC
INC-000504,EP-000504,OBS-000504,SVC-0015,APPLICATION_SERVICE,2024-01-06T23:00:00+00:00,LATAM,Data,HIGH,transaction failure,POST_CHANGE_STEP,CROSS_PLATFORM,TEAM-0001,False,UNKNOWN,Transaction Failure affecting Application Service 0015,CLOSED,SYNTHETIC
INC-000505,EP-000505,OBS-000505,SVC-0004,APPLICATION_SERVICE,2024-01-06T23:17:00+00:00,AP-NORTHEAST,Finance,LOW,latency increase,STEP,CROSS_PLATFORM,TEAM-0004,False,NOT_CHECKED,Latency Increase affecting Application Service 0004,CLOSED,SYNTHETIC
INC-000506,EP-000506,OBS-000506,SVC-0011,APPLICATION_SERVICE,2024-01-06T23:34:00+00:00,GLOBAL,Manufacturing,CRITICAL,connection failure,BURST,CROSS_PLATFORM,TEAM-0004,False,NOT_CHECKED,Connection Failure affecting Application Service 0011,CLOSED,SYNTHETIC
INC-000507,EP-000507,OBS-000507,SVC-0006,APPLICATION_SERVICE,2024-01-06T23:51:00+00:00,US-WEST,Data,LOW,transaction failure,BURST,CROSS_PLATFORM,TEAM-0006,False,UNKNOWN,Transaction Failure affecting Application Service 0006,CLOSED,SYNTHETIC
INC-000508,EP-000508,OBS-000508,SVC-0013,APPLICATION_SERVICE,2024-01-07T00:08:00+00:00,EU-CENTRAL,HR,MEDIUM,request timeout,STEP,CROSS_PLATFORM,TEAM-0006,False,NOT_CHECKED,Request Timeout affecting Application Service 0013,CLOSED,SYNTHETIC
INC-000509,EP-000509,OBS-000509,SVC-0002,APPLICATION_SERVICE,2024-01-07T00:25:00+00:00,LATAM,Security,HIGH,transaction failure,BURST,CROSS_PLATFORM,TEAM-0002,True,UNKNOWN,Transaction Failure affecting Application Service 0002,CLOSED,SYNTHETIC
INC-000510,EP-000510,OBS-000510,SVC-0009,APPLICATION_SERVICE,2024-01-07T00:42:00+00:00,AP-NORTHEAST,Commerce,CRITICAL,latency increase,BURST,CROSS_PLATFORM,TEAM-0002,False,NOT_CHECKED,Latency Increase affecting Application Service 0009,CLOSED,SYNTHETIC
INC-000511,EP-000511,OBS-000511,SVC-0004,APPLICATION_SERVICE,2024-01-07T00:59:00+00:00,AP-NORTHEAST,Finance,MEDIUM,latency increase,BURST,CROSS_PLATFORM,TEAM-0004,False,NOT_CHECKED,Latency Increase affecting Application Service 0004,CLOSED,SYNTHETIC
INC-000512,EP-000512,OBS-000512,SVC-0011,APPLICATION_SERVICE,2024-01-07T01:16:00+00:00,GLOBAL,Manufacturing,HIGH,connection failure,PERIODIC,CROSS_PLATFORM,TEAM-0004,False,NOT_CHECKED,Connection Failure affecting Application Service 0011,CLOSED,SYNTHETIC
INC-000513,EP-000513,OBS-000513,SVC-0018,APPLICATION_SERVICE,2024-01-07T01:33:00+00:00,LATAM,Support,MEDIUM,connection failure,POST_CHANGE_STEP,CROSS_PLATFORM,TEAM-0004,False,NOT_CHECKED,Connection Failure affecting Application Service 0018,CLOSED,SYNTHETIC
INC-000514,EP-000514,OBS-000514,SVC-0007,APPLICATION_SERVICE,2024-01-07T01:50:00+00:00,EU-WEST,Supply Chain,MEDIUM,authentication failure,STEP,CROSS_PLATFORM,TEAM-0007,False,UNKNOWN,Authentication Failure affecting Application Service 0007,CLOSED,SYNTHETIC
INC-000515,EP-000515,OBS-000515,SVC-0002,APPLICATION_SERVICE,2024-01-07T02:07:00+00:00,LATAM,Security,LOW,request timeout,POST_CHANGE_STEP,CROSS_PLATFORM,TEAM-0002,False,NOT_CHECKED,Request Timeout affecting Application Service 0002,CLOSED,SYNTHETIC
INC-000516,EP-000516,OBS-000516,SVC-0009,APPLICATION_SERVICE,2024-01-07T02:24:00+00:00,AP-NORTHEAST,Commerce,HIGH,latency increase,GRADUAL,CROSS_PLATFORM,TEAM-0002,False,NOT_CHECKED,Latency Increase affecting Application Service 0009,CLOSED,SYNTHETIC
INC-000517,EP-000517,OBS-000517,SVC-0016,APPLICATION_SERVICE,2024-01-07T02:41:00+00:00,AP-SOUTH,HR,HIGH,queue delay,BURST,CROSS_PLATFORM,TEAM-0002,False,NOT_CHECKED,Queue Delay affecting Application Service 0016,CLOSED,SYNTHETIC
INC-000518,EP-000518,OBS-000518,SVC-0005,APPLICATION_SERVICE,2024-01-07T02:58:00+00:00,GLOBAL,Sales,HIGH,connection failure,POST_CHANGE_STEP,CROSS_PLATFORM,TEAM-0005,True,NOT_CHECKED,Connection Failure affecting Application Service 0005,CLOSED,SYNTHETIC
INC-000519,EP-000519,OBS-000519,SVC-0012,APPLICATION_SERVICE,2024-01-07T03:15:00+00:00,AP-SOUTH,Sales,MEDIUM,request timeout,GRADUAL,CROSS_PLATFORM,TEAM-0005,False,NOT_CHECKED,Request Timeout affecting Application Service 0012,CLOSED,SYNTHETIC
INC-000520,EP-000520,OBS-000520,SVC-0007,APPLICATION_SERVICE,2024-01-07T03:32:00+00:00,EU-WEST,Supply Chain,LOW,connection failure,PERIODIC,CROSS_PLATFORM,TEAM-0007,False,NOT_CHECKED,Connection Failure affecting Application Service 0007,CLOSED,SYNTHETIC
INC-000521,EP-000521,OBS-000521,SVC-0014,APPLICATION_SERVICE,2024-01-07T03:49:00+00:00,AP-NORTHEAST,Security,MEDIUM,transaction failure,POST_CHANGE_STEP,CROSS_PLATFORM,TEAM-0007,False,NOT_CHECKED,Transaction Failure affecting Application Service 0014,CLOSED,SYNTHETIC
INC-000522,EP-000522,OBS-000522,SVC-0003,APPLICATION_SERVICE,2024-01-07T04:06:00+00:00,EU-CENTRAL,HR,LOW,latency increase,PERIODIC,CROSS_PLATFORM,TEAM-0003,False,NOT_CHECKED,Latency Increase affecting Application Service 0003,CLOSED,SYNTHETIC
INC-000523,EP-000523,OBS-000523,SVC-0010,APPLICATION_SERVICE,2024-01-07T04:23:00+00:00,LATAM,Manufacturing,MEDIUM,connection failure,PERIODIC,CROSS_PLATFORM,TEAM-0003,True,NOT_CHECKED,Connection Failure affecting Application Service 0010,CLOSED,SYNTHETIC
INC-000524,EP-000524,OBS-000524,SVC-0005,APPLICATION_SERVICE,2024-01-07T04:40:00+00:00,GLOBAL,Sales,HIGH,transaction failure,BURST,CROSS_PLATFORM,TEAM-0005,False,NOT_CHECKED,Transaction Failure affecting Application Service 0005,CLOSED,SYNTHETIC
INC-000525,EP-000525,OBS-000525,SVC-0012,APPLICATION_SERVICE,2024-01-07T04:57:00+00:00,AP-SOUTH,Sales,LOW,latency increase,POST_CHANGE_STEP,CROSS_PLATFORM,TEAM-0005,False,NOT_CHECKED,Latency Increase affecting Application Service 0012,CLOSED,SYNTHETIC
INC-000526,EP-000526,OBS-000526,SVC-0001,APPLICATION_SERVICE,2024-01-07T05:14:00+00:00,AP-SOUTH,Manufacturing,MEDIUM,transaction failure,PERIODIC,CROSS_PLATFORM,TEAM-0001,False,UNKNOWN,Transaction Failure affecting Application Service 0001,CLOSED,SYNTHETIC
INC-000527,EP-000527,OBS-000527,SVC-0008,APPLICATION_SERVICE,2024-01-07T05:31:00+00:00,US-EAST,Commerce,MEDIUM,transaction failure,BURST,CROSS_PLATFORM,TEAM-0001,True,NOT_CHECKED,Transaction Failure affecting Application Service 0008,CLOSED,SYNTHETIC
INC-000528,EP-000528,OBS-000528,SVC-0003,APPLICATION_SERVICE,2024-01-07T05:48:00+00:00,EU-CENTRAL,HR,MEDIUM,transaction failure,POST_CHANGE_STEP,CROSS_PLATFORM,TEAM-0003,False,NOT_CHECKED,Transaction Failure affecting Application Service 0003,CLOSED,SYNTHETIC
INC-000529,EP-000529,OBS-000529,SVC-0010,APPLICATION_SERVICE,2024-01-07T06:05:00+00:00,LATAM,Manufacturing,MEDIUM,latency increase,PERIODIC,CROSS_PLATFORM,TEAM-0003,False,NOT_CHECKED,Latency Increase affecting Application Service 0010,CLOSED,SYNTHETIC
INC-000530,EP-000530,OBS-000530,SVC-0017,APPLICATION_SERVICE,2024-01-07T06:22:00+00:00,US-WEST,Manufacturing,MEDIUM,connection failure,PERIODIC,CROSS_PLATFORM,TEAM-0003,True,NOT_CHECKED,Connection Failure affecting Application Service 0017,CLOSED,SYNTHETIC
INC-000531,EP-000531,OBS-000531,SVC-0006,APPLICATION_SERVICE,2024-01-07T06:39:00+00:00,US-WEST,Data,MEDIUM,service degradation,PERIODIC,CROSS_PLATFORM,TEAM-0006,False,NOT_CHECKED,Service Degradation affecting Application Service 0006,CLOSED,SYNTHETIC
INC-000532,EP-000532,OBS-000532,SVC-0001,APPLICATION_SERVICE,2024-01-07T06:56:00+00:00,AP-SOUTH,Manufacturing,LOW,service degradation,GRADUAL,CROSS_PLATFORM,TEAM-0001,False,UNKNOWN,Service Degradation affecting Application Service 0001,CLOSED,SYNTHETIC
INC-000533,EP-000533,OBS-000533,SVC-0008,APPLICATION_SERVICE,2024-01-07T07:13:00+00:00,US-EAST,Commerce,HIGH,queue delay,BURST,CROSS_PLATFORM,TEAM-0001,True,NOT_CHECKED,Queue Delay affecting Application Service 0008,CLOSED,SYNTHETIC
INC-000534,EP-000534,OBS-000534,SVC-0015,APPLICATION_SERVICE,2024-01-07T07:30:00+00:00,LATAM,Data,LOW,queue delay,STEP,CROSS_PLATFORM,TEAM-0001,False,NOT_CHECKED,Queue Delay affecting Application Service 0015,CLOSED,SYNTHETIC
INC-000535,EP-000535,OBS-000535,SVC-0004,APPLICATION_SERVICE,2024-01-07T07:47:00+00:00,AP-NORTHEAST,Finance,LOW,request timeout,PERIODIC,CROSS_PLATFORM,TEAM-0004,False,UNKNOWN,Request Timeout affecting Application Service 0004,CLOSED,SYNTHETIC
INC-000536,EP-000536,OBS-000536,SVC-0011,APPLICATION_SERVICE,2024-01-07T08:04:00+00:00,GLOBAL,Manufacturing,LOW,service degradation,POST_CHANGE_STEP,CROSS_PLATFORM,TEAM-0004,True,UNKNOWN,Service Degradation affecting Application Service 0011,CLOSED,SYNTHETIC
INC-000537,EP-000537,OBS-000537,SVC-0006,APPLICATION_SERVICE,2024-01-07T08:21:00+00:00,US-WEST,Data,MEDIUM,transaction failure,PERIODIC,CROSS_PLATFORM,TEAM-0006,False,NOT_CHECKED,Transaction Failure affecting Application Service 0006,CLOSED,SYNTHETIC
INC-000538,EP-000538,OBS-000538,SVC-0013,APPLICATION_SERVICE,2024-01-07T08:38:00+00:00,EU-CENTRAL,HR,HIGH,authentication failure,POST_CHANGE_STEP,CROSS_PLATFORM,TEAM-0006,True,NOT_CHECKED,Authentication Failure affecting Application Service 0013,CLOSED,SYNTHETIC
INC-000539,EP-000539,OBS-000539,SVC-0002,APPLICATION_SERVICE,2024-01-07T08:55:00+00:00,LATAM,Security,MEDIUM,request timeout,GRADUAL,CROSS_PLATFORM,TEAM-0002,True,NOT_CHECKED,Request Timeout affecting Application Service 0002,CLOSED,SYNTHETIC
INC-000540,EP-000540,OBS-000540,SVC-0009,APPLICATION_SERVICE,2024-01-07T09:12:00+00:00,AP-NORTHEAST,Commerce,MEDIUM,queue delay,BURST,CROSS_PLATFORM,TEAM-0002,False,UNKNOWN,Queue Delay affecting Application Service 0009,CLOSED,SYNTHETIC
INC-000541,EP-000541,OBS-000541,SVC-0004,APPLICATION_SERVICE,2024-01-07T09:29:00+00:00,AP-NORTHEAST,Finance,MEDIUM,transaction failure,STEP,CROSS_PLATFORM,TEAM-0004,False,UNKNOWN,Transaction Failure affecting Application Service 0004,CLOSED,SYNTHETIC
INC-000542,EP-000542,OBS-000542,SVC-0011,APPLICATION_SERVICE,2024-01-07T09:46:00+00:00,GLOBAL,Manufacturing,HIGH,connection failure,GRADUAL,CROSS_PLATFORM,TEAM-0004,False,NOT_CHECKED,Connection Failure affecting Application Service 0011,CLOSED,SYNTHETIC
INC-000543,EP-000543,OBS-000543,SVC-0018,APPLICATION_SERVICE,2024-01-07T10:03:00+00:00,LATAM,Support,MEDIUM,latency increase,BURST,CROSS_PLATFORM,TEAM-0004,False,NOT_CHECKED,Latency Increase affecting Application Service 0018,CLOSED,SYNTHETIC
INC-000544,EP-000544,OBS-000544,SVC-0007,APPLICATION_SERVICE,2024-01-07T10:20:00+00:00,EU-WEST,Supply Chain,MEDIUM,service degradation,POST_CHANGE_STEP,CROSS_PLATFORM,TEAM-0007,False,UNKNOWN,Service Degradation affecting Application Service 0007,CLOSED,SYNTHETIC
INC-000545,EP-000545,OBS-000545,SVC-0002,APPLICATION_SERVICE,2024-01-07T10:37:00+00:00,LATAM,Security,LOW,service degradation,POST_CHANGE_STEP,CROSS_PLATFORM,TEAM-0002,False,NOT_CHECKED,Service Degradation affecting Application Service 0002,CLOSED,SYNTHETIC
INC-000546,EP-000546,OBS-000546,SVC-0009,APPLICATION_SERVICE,2024-01-07T10:54:00+00:00,AP-NORTHEAST,Commerce,MEDIUM,request timeout,STEP,CROSS_PLATFORM,TEAM-0002,False,NOT_CHECKED,Request Timeout affecting Application Service 0009,CLOSED,SYNTHETIC
INC-000547,EP-000547,OBS-000547,SVC-0016,APPLICATION_SERVICE,2024-01-07T11:11:00+00:00,AP-SOUTH,HR,MEDIUM,queue delay,STEP,CROSS_PLATFORM,TEAM-0002,False,NOT_CHECKED,Queue Delay affecting Application Service 0016,CLOSED,SYNTHETIC
INC-000548,EP-000548,OBS-000548,SVC-0005,APPLICATION_SERVICE,2024-01-07T11:28:00+00:00,GLOBAL,Sales,HIGH,connection failure,BURST,CROSS_PLATFORM,TEAM-0005,False,UNKNOWN,Connection Failure affecting Application Service 0005,CLOSED,SYNTHETIC
INC-000549,EP-000549,OBS-000549,SVC-0012,APPLICATION_SERVICE,2024-01-07T11:45:00+00:00,AP-SOUTH,Sales,CRITICAL,queue delay,STEP,CROSS_PLATFORM,TEAM-0005,False,UNKNOWN,Queue Delay affecting Application Service 0012,CLOSED,SYNTHETIC
INC-000550,EP-000550,OBS-000550,SVC-0007,APPLICATION_SERVICE,2024-01-07T12:02:00+00:00,EU-WEST,Supply Chain,MEDIUM,service degradation,PERIODIC,CROSS_PLATFORM,TEAM-0007,True,UNKNOWN,Service Degradation affecting Application Service 0007,CLOSED,SYNTHETIC
INC-000551,EP-000551,OBS-000551,SVC-0014,APPLICATION_SERVICE,2024-01-07T12:19:00+00:00,AP-NORTHEAST,Security,MEDIUM,connection failure,GRADUAL,CROSS_PLATFORM,TEAM-0007,False,NOT_CHECKED,Connection Failure affecting Application Service 0014,CLOSED,SYNTHETIC
INC-000552,EP-000552,OBS-000552,SVC-0003,APPLICATION_SERVICE,2024-01-07T12:36:00+00:00,EU-CENTRAL,HR,MEDIUM,authentication failure,BURST,CROSS_PLATFORM,TEAM-0003,False,NOT_CHECKED,Authentication Failure affecting Application Service 0003,CLOSED,SYNTHETIC
INC-000553,EP-000553,OBS-000553,SVC-0010,APPLICATION_SERVICE,2024-01-07T12:53:00+00:00,LATAM,Manufacturing,HIGH,service degradation,PERIODIC,CROSS_PLATFORM,TEAM-0003,False,NOT_CHECKED,Service Degradation affecting Application Service 0010,CLOSED,SYNTHETIC
INC-000554,EP-000554,OBS-000554,SVC-0005,APPLICATION_SERVICE,2024-01-07T13:10:00+00:00,GLOBAL,Sales,MEDIUM,connection failure,PERIODIC,CROSS_PLATFORM,TEAM-0005,True,UNKNOWN,Connection Failure affecting Application Service 0005,CLOSED,SYNTHETIC
INC-000555,EP-000555,OBS-000555,SVC-0012,APPLICATION_SERVICE,2024-01-07T13:27:00+00:00,AP-SOUTH,Sales,MEDIUM,transaction failure,GRADUAL,CROSS_PLATFORM,TEAM-0005,True,NOT_CHECKED,Transaction Failure affecting Application Service 0012,CLOSED,SYNTHETIC
INC-000556,EP-000556,OBS-000556,SVC-0001,APPLICATION_SERVICE,2024-01-07T13:44:00+00:00,AP-SOUTH,Manufacturing,MEDIUM,connection failure,GRADUAL,CROSS_PLATFORM,TEAM-0001,False,UNKNOWN,Connection Failure affecting Application Service 0001,CLOSED,SYNTHETIC
INC-000557,EP-000557,OBS-000557,SVC-0008,APPLICATION_SERVICE,2024-01-07T14:01:00+00:00,US-EAST,Commerce,MEDIUM,latency increase,STEP,CROSS_PLATFORM,TEAM-0001,False,NOT_CHECKED,Latency Increase affecting Application Service 0008,CLOSED,SYNTHETIC
INC-000558,EP-000558,OBS-000558,SVC-0003,APPLICATION_SERVICE,2024-01-07T14:18:00+00:00,EU-CENTRAL,HR,MEDIUM,latency increase,STEP,CROSS_PLATFORM,TEAM-0003,True,NOT_CHECKED,Latency Increase affecting Application Service 0003,CLOSED,SYNTHETIC
INC-000559,EP-000559,OBS-000559,SVC-0010,APPLICATION_SERVICE,2024-01-07T14:35:00+00:00,LATAM,Manufacturing,MEDIUM,connection failure,BURST,CROSS_PLATFORM,TEAM-0003,False,NOT_CHECKED,Connection Failure affecting Application Service 0010,CLOSED,SYNTHETIC
INC-000560,EP-000560,OBS-000560,SVC-0017,APPLICATION_SERVICE,2024-01-07T14:52:00+00:00,US-WEST,Manufacturing,MEDIUM,authentication failure,BURST,CROSS_PLATFORM,TEAM-0003,False,NOT_CHECKED,Authentication Failure affecting Application Service 0017,CLOSED,SYNTHETIC
INC-000561,EP-000561,OBS-000561,SVC-0006,APPLICATION_SERVICE,2024-01-07T15:09:00+00:00,US-WEST,Data,MEDIUM,service degradation,GRADUAL,CROSS_PLATFORM,TEAM-0006,False,UNKNOWN,Service Degradation affecting Application Service 0006,CLOSED,SYNTHETIC
INC-000562,EP-000562,OBS-000562,SVC-0001,APPLICATION_SERVICE,2024-01-07T15:26:00+00:00,AP-SOUTH,Manufacturing,LOW,latency increase,GRADUAL,CROSS_PLATFORM,TEAM-0001,False,NOT_CHECKED,Latency Increase affecting Application Service 0001,CLOSED,SYNTHETIC
INC-000563,EP-000563,OBS-000563,SVC-0008,APPLICATION_SERVICE,2024-01-07T15:43:00+00:00,US-EAST,Commerce,HIGH,authentication failure,GRADUAL,CROSS_PLATFORM,TEAM-0001,False,UNKNOWN,Authentication Failure affecting Application Service 0008,CLOSED,SYNTHETIC
INC-000564,EP-000564,OBS-000564,SVC-0015,APPLICATION_SERVICE,2024-01-07T16:00:00+00:00,LATAM,Data,CRITICAL,authentication failure,POST_CHANGE_STEP,CROSS_PLATFORM,TEAM-0001,False,NOT_CHECKED,Authentication Failure affecting Application Service 0015,CLOSED,SYNTHETIC
INC-000565,EP-000565,OBS-000565,SVC-0004,APPLICATION_SERVICE,2024-01-07T16:17:00+00:00,AP-NORTHEAST,Finance,CRITICAL,authentication failure,POST_CHANGE_STEP,CROSS_PLATFORM,TEAM-0004,False,UNKNOWN,Authentication Failure affecting Application Service 0004,CLOSED,SYNTHETIC
INC-000566,EP-000566,OBS-000566,SVC-0011,APPLICATION_SERVICE,2024-01-07T16:34:00+00:00,GLOBAL,Manufacturing,HIGH,service degradation,GRADUAL,CROSS_PLATFORM,TEAM-0004,True,UNKNOWN,Service Degradation affecting Application Service 0011,CLOSED,SYNTHETIC
INC-000567,EP-000567,OBS-000567,SVC-0006,APPLICATION_SERVICE,2024-01-07T16:51:00+00:00,US-WEST,Data,LOW,service degradation,POST_CHANGE_STEP,CROSS_PLATFORM,TEAM-0006,True,UNKNOWN,Service Degradation affecting Application Service 0006,CLOSED,SYNTHETIC
INC-000568,EP-000568,OBS-000568,SVC-0013,APPLICATION_SERVICE,2024-01-07T17:08:00+00:00,EU-CENTRAL,HR,CRITICAL,latency increase,PERIODIC,CROSS_PLATFORM,TEAM-0006,True,NOT_CHECKED,Latency Increase affecting Application Service 0013,CLOSED,SYNTHETIC
INC-000569,EP-000569,OBS-000569,SVC-0002,APPLICATION_SERVICE,2024-01-07T17:25:00+00:00,LATAM,Security,MEDIUM,queue delay,GRADUAL,CROSS_PLATFORM,TEAM-0002,True,UNKNOWN,Queue Delay affecting Application Service 0002,CLOSED,SYNTHETIC
INC-000570,EP-000570,OBS-000570,SVC-0009,APPLICATION_SERVICE,2024-01-07T17:42:00+00:00,AP-NORTHEAST,Commerce,MEDIUM,connection failure,STEP,CROSS_PLATFORM,TEAM-0002,True,NOT_CHECKED,Connection Failure affecting Application Service 0009,CLOSED,SYNTHETIC
INC-000571,EP-000571,OBS-000571,SVC-0004,APPLICATION_SERVICE,2024-01-07T17:59:00+00:00,AP-NORTHEAST,Finance,LOW,transaction failure,POST_CHANGE_STEP,CROSS_PLATFORM,TEAM-0004,False,NOT_CHECKED,Transaction Failure affecting Application Service 0004,CLOSED,SYNTHETIC
INC-000572,EP-000572,OBS-000572,SVC-0011,APPLICATION_SERVICE,2024-01-07T18:16:00+00:00,GLOBAL,Manufacturing,LOW,connection failure,STEP,CROSS_PLATFORM,TEAM-0004,False,NOT_CHECKED,Connection Failure affecting Application Service 0011,CLOSED,SYNTHETIC
INC-000573,EP-000573,OBS-000573,SVC-0018,APPLICATION_SERVICE,2024-01-07T18:33:00+00:00,LATAM,Support,HIGH,connection failure,PERIODIC,CROSS_PLATFORM,TEAM-0004,False,NOT_CHECKED,Connection Failure affecting Application Service 0018,CLOSED,SYNTHETIC
INC-000574,EP-000574,OBS-000574,SVC-0007,APPLICATION_SERVICE,2024-01-07T18:50:00+00:00,EU-WEST,Supply Chain,LOW,request timeout,PERIODIC,CROSS_PLATFORM,TEAM-0007,True,NOT_CHECKED,Request Timeout affecting Application Service 0007,CLOSED,SYNTHETIC
INC-000575,EP-000575,OBS-000575,SVC-0002,APPLICATION_SERVICE,2024-01-07T19:07:00+00:00,LATAM,Security,MEDIUM,connection failure,STEP,CROSS_PLATFORM,TEAM-0002,False,UNKNOWN,Connection Failure affecting Application Service 0002,CLOSED,SYNTHETIC
INC-000576,EP-000576,OBS-000576,SVC-0009,APPLICATION_SERVICE,2024-01-07T19:24:00+00:00,AP-NORTHEAST,Commerce,HIGH,service degradation,POST_CHANGE_STEP,CROSS_PLATFORM,TEAM-0002,False,NOT_CHECKED,Service Degradation affecting Application Service 0009,CLOSED,SYNTHETIC
INC-000577,EP-000577,OBS-000577,SVC-0016,APPLICATION_SERVICE,2024-01-07T19:41:00+00:00,AP-SOUTH,HR,CRITICAL,latency increase,STEP,CROSS_PLATFORM,TEAM-0002,False,NOT_CHECKED,Latency Increase affecting Application Service 0016,CLOSED,SYNTHETIC
INC-000578,EP-000578,OBS-000578,SVC-0005,APPLICATION_SERVICE,2024-01-07T19:58:00+00:00,GLOBAL,Sales,MEDIUM,latency increase,BURST,CROSS_PLATFORM,TEAM-0005,True,UNKNOWN,Latency Increase affecting Application Service 0005,CLOSED,SYNTHETIC
INC-000579,EP-000579,OBS-000579,SVC-0012,APPLICATION_SERVICE,2024-01-07T20:15:00+00:00,AP-SOUTH,Sales,CRITICAL,latency increase,POST_CHANGE_STEP,CROSS_PLATFORM,TEAM-0005,False,NOT_CHECKED,Latency Increase affecting Application Service 0012,CLOSED,SYNTHETIC
INC-000580,EP-000580,OBS-000580,SVC-0007,APPLICATION_SERVICE,2024-01-07T20:32:00+00:00,EU-WEST,Supply Chain,MEDIUM,authentication failure,STEP,CROSS_PLATFORM,TEAM-0007,False,UNKNOWN,Authentication Failure affecting Application Service 0007,CLOSED,SYNTHETIC
INC-000581,EP-000581,OBS-000581,SVC-0014,APPLICATION_SERVICE,2024-01-07T20:49:00+00:00,AP-NORTHEAST,Security,LOW,latency increase,GRADUAL,CROSS_PLATFORM,TEAM-0007,False,UNKNOWN,Latency Increase affecting Application Service 0014,CLOSED,SYNTHETIC
INC-000582,EP-000582,OBS-000582,SVC-0003,APPLICATION_SERVICE,2024-01-07T21:06:00+00:00,EU-CENTRAL,HR,LOW,request timeout,POST_CHANGE_STEP,CROSS_PLATFORM,TEAM-0003,False,NOT_CHECKED,Request Timeout affecting Application Service 0003,CLOSED,SYNTHETIC
INC-000583,EP-000583,OBS-000583,SVC-0010,APPLICATION_SERVICE,2024-01-07T21:23:00+00:00,LATAM,Manufacturing,LOW,request timeout,GRADUAL,CROSS_PLATFORM,TEAM-0003,False,NOT_CHECKED,Request Timeout affecting Application Service 0010,CLOSED,SYNTHETIC
INC-000584,EP-000584,OBS-000584,SVC-0005,APPLICATION_SERVICE,2024-01-07T21:40:00+00:00,GLOBAL,Sales,CRITICAL,connection failure,POST_CHANGE_STEP,CROSS_PLATFORM,TEAM-0005,False,NOT_CHECKED,Connection Failure affecting Application Service 0005,CLOSED,SYNTHETIC
INC-000585,EP-000585,OBS-000585,SVC-0012,APPLICATION_SERVICE,2024-01-07T21:57:00+00:00,AP-SOUTH,Sales,LOW,authentication failure,PERIODIC,CROSS_PLATFORM,TEAM-0005,True,NOT_CHECKED,Authentication Failure affecting Application Service 0012,CLOSED,SYNTHETIC
INC-000586,EP-000586,OBS-000586,SVC-0001,APPLICATION_SERVICE,2024-01-07T22:14:00+00:00,AP-SOUTH,Manufacturing,HIGH,service degradation,PERIODIC,CROSS_PLATFORM,TEAM-0001,True,NOT_CHECKED,Service Degradation affecting Application Service 0001,CLOSED,SYNTHETIC
INC-000587,EP-000587,OBS-000587,SVC-0008,APPLICATION_SERVICE,2024-01-07T22:31:00+00:00,US-EAST,Commerce,HIGH,request timeout,BURST,CROSS_PLATFORM,TEAM-0001,True,NOT_CHECKED,Request Timeout affecting Application Service 0008,CLOSED,SYNTHETIC
INC-000588,EP-000588,OBS-000588,SVC-0003,APPLICATION_SERVICE,2024-01-07T22:48:00+00:00,EU-CENTRAL,HR,MEDIUM,latency increase,BURST,CROSS_PLATFORM,TEAM-0003,False,UNKNOWN,Latency Increase affecting Application Service 0003,CLOSED,SYNTHETIC
INC-000589,EP-000589,OBS-000589,SVC-0010,APPLICATION_SERVICE,2024-01-07T23:05:00+00:00,LATAM,Manufacturing,MEDIUM,authentication failure,BURST,CROSS_PLATFORM,TEAM-0003,False,UNKNOWN,Authentication Failure affecting Application Service 0010,CLOSED,SYNTHETIC
INC-000590,EP-000590,OBS-000590,SVC-0017,APPLICATION_SERVICE,2024-01-07T23:22:00+00:00,US-WEST,Manufacturing,HIGH,connection failure,BURST,CROSS_PLATFORM,TEAM-0003,False,UNKNOWN,Connection Failure affecting Application Service 0017,CLOSED,SYNTHETIC
INC-000591,EP-000591,OBS-000591,SVC-0006,APPLICATION_SERVICE,2024-01-07T23:39:00+00:00,US-WEST,Data,CRITICAL,authentication failure,PERIODIC,CROSS_PLATFORM,TEAM-0006,False,UNKNOWN,Authentication Failure affecting Application Service 0006,CLOSED,SYNTHETIC
INC-000592,EP-000592,OBS-000592,SVC-0001,APPLICATION_SERVICE,2024-01-07T23:56:00+00:00,AP-SOUTH,Manufacturing,HIGH,latency increase,POST_CHANGE_STEP,CROSS_PLATFORM,TEAM-0001,False,UNKNOWN,Latency Increase affecting Application Service 0001,CLOSED,SYNTHETIC
INC-000593,EP-000593,OBS-000593,SVC-0008,APPLICATION_SERVICE,2024-01-08T00:13:00+00:00,US-EAST,Commerce,HIGH,authentication failure,STEP,CROSS_PLATFORM,TEAM-0001,False,NOT_CHECKED,Authentication Failure affecting Application Service 0008,CLOSED,SYNTHETIC
INC-000594,EP-000594,OBS-000594,SVC-0015,APPLICATION_SERVICE,2024-01-08T00:30:00+00:00,LATAM,Data,LOW,request timeout,PERIODIC,CROSS_PLATFORM,TEAM-0001,False,NOT_CHECKED,Request Timeout affecting Application Service 0015,CLOSED,SYNTHETIC
INC-000595,EP-000595,OBS-000595,SVC-0004,APPLICATION_SERVICE,2024-01-08T00:47:00+00:00,AP-NORTHEAST,Finance,MEDIUM,service degradation,POST_CHANGE_STEP,CROSS_PLATFORM,TEAM-0004,False,NOT_CHECKED,Service Degradation affecting Application Service 0004,CLOSED,SYNTHETIC
INC-000596,EP-000596,OBS-000596,SVC-0011,APPLICATION_SERVICE,2024-01-08T01:04:00+00:00,GLOBAL,Manufacturing,MEDIUM,queue delay,POST_CHANGE_STEP,CROSS_PLATFORM,TEAM-0004,False,NOT_CHECKED,Queue Delay affecting Application Service 0011,CLOSED,SYNTHETIC
INC-000597,EP-000597,OBS-000597,SVC-0006,APPLICATION_SERVICE,2024-01-08T01:21:00+00:00,US-WEST,Data,HIGH,queue delay,GRADUAL,CROSS_PLATFORM,TEAM-0006,False,UNKNOWN,Queue Delay affecting Application Service 0006,CLOSED,SYNTHETIC
INC-000598,EP-000598,OBS-000598,SVC-0013,APPLICATION_SERVICE,2024-01-08T01:38:00+00:00,EU-CENTRAL,HR,HIGH,queue delay,STEP,CROSS_PLATFORM,TEAM-0006,False,NOT_CHECKED,Queue Delay affecting Application Service 0013,CLOSED,SYNTHETIC
INC-000599,EP-000599,OBS-000599,SVC-0002,APPLICATION_SERVICE,2024-01-08T01:55:00+00:00,LATAM,Security,MEDIUM,connection failure,BURST,CROSS_PLATFORM,TEAM-0002,True,NOT_CHECKED,Connection Failure affecting Application Service 0002,CLOSED,SYNTHETIC
INC-000600,EP-000600,OBS-000600,SVC-0009,APPLICATION_SERVICE,2024-01-08T02:12:00+00:00,AP-NORTHEAST,Commerce,HIGH,service degradation,POST_CHANGE_STEP,CROSS_PLATFORM,TEAM-0002,False,NOT_CHECKED,Service Degradation affecting Application Service 0009,CLOSED,SYNTHETIC
INC-000601,EP-000601,OBS-000601,SVC-0004,APPLICATION_SERVICE,2024-01-08T02:29:00+00:00,AP-NORTHEAST,Finance,MEDIUM,queue delay,POST_CHANGE_STEP,CROSS_PLATFORM,TEAM-0004,True,NOT_CHECKED,Queue Delay affecting Application Service 0004,CLOSED,SYNTHETIC
INC-000602,EP-000602,OBS-000602,SVC-0011,APPLICATION_SERVICE,2024-01-08T02:46:00+00:00,GLOBAL,Manufacturing,LOW,connection failure,PERIODIC,CROSS_PLATFORM,TEAM-0004,False,NOT_CHECKED,Connection Failure affecting Application Service 0011,CLOSED,SYNTHETIC
INC-000603,EP-000603,OBS-000603,SVC-0018,APPLICATION_SERVICE,2024-01-08T03:03:00+00:00,LATAM,Support,MEDIUM,connection failure,GRADUAL,CROSS_PLATFORM,TEAM-0004,False,UNKNOWN,Connection Failure affecting Application Service 0018,CLOSED,SYNTHETIC
INC-000604,EP-000604,OBS-000604,SVC-0007,APPLICATION_SERVICE,2024-01-08T03:20:00+00:00,EU-WEST,Supply Chain,HIGH,transaction failure,PERIODIC,CROSS_PLATFORM,TEAM-0007,False,UNKNOWN,Transaction Failure affecting Application Service 0007,CLOSED,SYNTHETIC
INC-000605,EP-000605,OBS-000605,SVC-0002,APPLICATION_SERVICE,2024-01-08T03:37:00+00:00,LATAM,Security,CRITICAL,request timeout,BURST,CROSS_PLATFORM,TEAM-0002,True,NOT_CHECKED,Request Timeout affecting Application Service 0002,CLOSED,SYNTHETIC
INC-000606,EP-000606,OBS-000606,SVC-0009,APPLICATION_SERVICE,2024-01-08T03:54:00+00:00,AP-NORTHEAST,Commerce,MEDIUM,transaction failure,BURST,CROSS_PLATFORM,TEAM-0002,False,UNKNOWN,Transaction Failure affecting Application Service 0009,CLOSED,SYNTHETIC
INC-000607,EP-000607,OBS-000607,SVC-0016,APPLICATION_SERVICE,2024-01-08T04:11:00+00:00,AP-SOUTH,HR,HIGH,latency increase,BURST,CROSS_PLATFORM,TEAM-0002,True,NOT_CHECKED,Latency Increase affecting Application Service 0016,CLOSED,SYNTHETIC
INC-000608,EP-000608,OBS-000608,SVC-0005,APPLICATION_SERVICE,2024-01-08T04:28:00+00:00,GLOBAL,Sales,MEDIUM,connection failure,BURST,CROSS_PLATFORM,TEAM-0005,True,UNKNOWN,Connection Failure affecting Application Service 0005,CLOSED,SYNTHETIC
INC-000609,EP-000609,OBS-000609,SVC-0012,APPLICATION_SERVICE,2024-01-08T04:45:00+00:00,AP-SOUTH,Sales,MEDIUM,authentication failure,STEP,CROSS_PLATFORM,TEAM-0005,False,NOT_CHECKED,Authentication Failure affecting Application Service 0012,CLOSED,SYNTHETIC
INC-000610,EP-000610,OBS-000610,SVC-0007,APPLICATION_SERVICE,2024-01-08T05:02:00+00:00,EU-WEST,Supply Chain,HIGH,queue delay,GRADUAL,CROSS_PLATFORM,TEAM-0007,True,NOT_CHECKED,Queue Delay affecting Application Service 0007,CLOSED,SYNTHETIC
INC-000611,EP-000611,OBS-000611,SVC-0014,APPLICATION_SERVICE,2024-01-08T05:19:00+00:00,AP-NORTHEAST,Security,MEDIUM,queue delay,GRADUAL,CROSS_PLATFORM,TEAM-0007,True,NOT_CHECKED,Queue Delay affecting Application Service 0014,CLOSED,SYNTHETIC
INC-000612,EP-000612,OBS-000612,SVC-0003,APPLICATION_SERVICE,2024-01-08T05:36:00+00:00,EU-CENTRAL,HR,MEDIUM,queue delay,BURST,CROSS_PLATFORM,TEAM-0003,False,NOT_CHECKED,Queue Delay affecting Application Service 0003,CLOSED,SYNTHETIC
INC-000613,EP-000613,OBS-000613,SVC-0010,APPLICATION_SERVICE,2024-01-08T05:53:00+00:00,LATAM,Manufacturing,HIGH,service degradation,GRADUAL,CROSS_PLATFORM,TEAM-0003,False,NOT_CHECKED,Service Degradation affecting Application Service 0010,CLOSED,SYNTHETIC
INC-000614,EP-000614,OBS-000614,SVC-0005,APPLICATION_SERVICE,2024-01-08T06:10:00+00:00,GLOBAL,Sales,CRITICAL,service degradation,STEP,CROSS_PLATFORM,TEAM-0005,False,NOT_CHECKED,Service Degradation affecting Application Service 0005,CLOSED,SYNTHETIC
INC-000615,EP-000615,OBS-000615,SVC-0012,APPLICATION_SERVICE,2024-01-08T06:27:00+00:00,AP-SOUTH,Sales,LOW,connection failure,BURST,CROSS_PLATFORM,TEAM-0005,True,UNKNOWN,Connection Failure affecting Application Service 0012,CLOSED,SYNTHETIC
INC-000616,EP-000616,OBS-000616,SVC-0001,APPLICATION_SERVICE,2024-01-08T06:44:00+00:00,AP-SOUTH,Manufacturing,LOW,connection failure,STEP,CROSS_PLATFORM,TEAM-0001,False,NOT_CHECKED,Connection Failure affecting Application Service 0001,CLOSED,SYNTHETIC
INC-000617,EP-000617,OBS-000617,SVC-0008,APPLICATION_SERVICE,2024-01-08T07:01:00+00:00,US-EAST,Commerce,MEDIUM,authentication failure,BURST,CROSS_PLATFORM,TEAM-0001,True,NOT_CHECKED,Authentication Failure affecting Application Service 0008,CLOSED,SYNTHETIC
INC-000618,EP-000618,OBS-000618,SVC-0003,APPLICATION_SERVICE,2024-01-08T07:18:00+00:00,EU-CENTRAL,HR,CRITICAL,request timeout,POST_CHANGE_STEP,CROSS_PLATFORM,TEAM-0003,False,UNKNOWN,Request Timeout affecting Application Service 0003,CLOSED,SYNTHETIC
INC-000619,EP-000619,OBS-000619,SVC-0010,APPLICATION_SERVICE,2024-01-08T07:35:00+00:00,LATAM,Manufacturing,HIGH,service degradation,POST_CHANGE_STEP,CROSS_PLATFORM,TEAM-0003,False,NOT_CHECKED,Service Degradation affecting Application Service 0010,CLOSED,SYNTHETIC
INC-000620,EP-000620,OBS-000620,SVC-0017,APPLICATION_SERVICE,2024-01-08T07:52:00+00:00,US-WEST,Manufacturing,MEDIUM,authentication failure,BURST,CROSS_PLATFORM,TEAM-0003,False,UNKNOWN,Authentication Failure affecting Application Service 0017,CLOSED,SYNTHETIC
INC-000621,EP-000621,OBS-000621,SVC-0006,APPLICATION_SERVICE,2024-01-08T08:09:00+00:00,US-WEST,Data,MEDIUM,queue delay,PERIODIC,CROSS_PLATFORM,TEAM-0006,False,UNKNOWN,Queue Delay affecting Application Service 0006,CLOSED,SYNTHETIC
INC-000622,EP-000622,OBS-000622,SVC-0001,APPLICATION_SERVICE,2024-01-08T08:26:00+00:00,AP-SOUTH,Manufacturing,MEDIUM,request timeout,PERIODIC,CROSS_PLATFORM,TEAM-0001,True,UNKNOWN,Request Timeout affecting Application Service 0001,CLOSED,SYNTHETIC
INC-000623,EP-000623,OBS-000623,SVC-0008,APPLICATION_SERVICE,2024-01-08T08:43:00+00:00,US-EAST,Commerce,HIGH,transaction failure,BURST,CROSS_PLATFORM,TEAM-0001,False,NOT_CHECKED,Transaction Failure affecting Application Service 0008,CLOSED,SYNTHETIC
INC-000624,EP-000624,OBS-000624,SVC-0015,APPLICATION_SERVICE,2024-01-08T09:00:00+00:00,LATAM,Data,MEDIUM,connection failure,POST_CHANGE_STEP,CROSS_PLATFORM,TEAM-0001,True,NOT_CHECKED,Connection Failure affecting Application Service 0015,CLOSED,SYNTHETIC
INC-000625,EP-000625,OBS-000625,SVC-0004,APPLICATION_SERVICE,2024-01-08T09:17:00+00:00,AP-NORTHEAST,Finance,LOW,connection failure,GRADUAL,CROSS_PLATFORM,TEAM-0004,False,NOT_CHECKED,Connection Failure affecting Application Service 0004,CLOSED,SYNTHETIC
INC-000626,EP-000626,OBS-000626,SVC-0011,APPLICATION_SERVICE,2024-01-08T09:34:00+00:00,GLOBAL,Manufacturing,MEDIUM,authentication failure,GRADUAL,CROSS_PLATFORM,TEAM-0004,False,NOT_CHECKED,Authentication Failure affecting Application Service 0011,CLOSED,SYNTHETIC
INC-000627,EP-000627,OBS-000627,SVC-0006,APPLICATION_SERVICE,2024-01-08T09:51:00+00:00,US-WEST,Data,LOW,service degradation,PERIODIC,CROSS_PLATFORM,TEAM-0006,False,NOT_CHECKED,Service Degradation affecting Application Service 0006,CLOSED,SYNTHETIC
INC-000628,EP-000628,OBS-000628,SVC-0013,APPLICATION_SERVICE,2024-01-08T10:08:00+00:00,EU-CENTRAL,HR,HIGH,authentication failure,GRADUAL,CROSS_PLATFORM,TEAM-0006,True,NOT_CHECKED,Authentication Failure affecting Application Service 0013,CLOSED,SYNTHETIC
INC-000629,EP-000629,OBS-000629,SVC-0002,APPLICATION_SERVICE,2024-01-08T10:25:00+00:00,LATAM,Security,HIGH,queue delay,PERIODIC,CROSS_PLATFORM,TEAM-0002,False,NOT_CHECKED,Queue Delay affecting Application Service 0002,CLOSED,SYNTHETIC
INC-000630,EP-000630,OBS-000630,SVC-0009,APPLICATION_SERVICE,2024-01-08T10:42:00+00:00,AP-NORTHEAST,Commerce,MEDIUM,request timeout,BURST,CROSS_PLATFORM,TEAM-0002,False,NOT_CHECKED,Request Timeout affecting Application Service 0009,CLOSED,SYNTHETIC
INC-000631,EP-000631,OBS-000631,SVC-0004,APPLICATION_SERVICE,2024-01-08T10:59:00+00:00,AP-NORTHEAST,Finance,LOW,latency increase,POST_CHANGE_STEP,CROSS_PLATFORM,TEAM-0004,True,UNKNOWN,Latency Increase affecting Application Service 0004,CLOSED,SYNTHETIC
INC-000632,EP-000632,OBS-000632,SVC-0011,APPLICATION_SERVICE,2024-01-08T11:16:00+00:00,GLOBAL,Manufacturing,LOW,transaction failure,GRADUAL,CROSS_PLATFORM,TEAM-0004,True,NOT_CHECKED,Transaction Failure affecting Application Service 0011,CLOSED,SYNTHETIC
INC-000633,EP-000633,OBS-000633,SVC-0018,APPLICATION_SERVICE,2024-01-08T11:33:00+00:00,LATAM,Support,MEDIUM,request timeout,PERIODIC,CROSS_PLATFORM,TEAM-0004,True,NOT_CHECKED,Request Timeout affecting Application Service 0018,CLOSED,SYNTHETIC
INC-000634,EP-000634,OBS-000634,SVC-0007,APPLICATION_SERVICE,2024-01-08T11:50:00+00:00,EU-WEST,Supply Chain,HIGH,latency increase,BURST,CROSS_PLATFORM,TEAM-0007,True,UNKNOWN,Latency Increase affecting Application Service 0007,CLOSED,SYNTHETIC
INC-000635,EP-000635,OBS-000635,SVC-0002,APPLICATION_SERVICE,2024-01-08T12:07:00+00:00,LATAM,Security,HIGH,service degradation,POST_CHANGE_STEP,CROSS_PLATFORM,TEAM-0002,False,NOT_CHECKED,Service Degradation affecting Application Service 0002,CLOSED,SYNTHETIC
INC-000636,EP-000636,OBS-000636,SVC-0009,APPLICATION_SERVICE,2024-01-08T12:24:00+00:00,AP-NORTHEAST,Commerce,MEDIUM,latency increase,BURST,CROSS_PLATFORM,TEAM-0002,True,NOT_CHECKED,Latency Increase affecting Application Service 0009,CLOSED,SYNTHETIC
INC-000637,EP-000637,OBS-000637,SVC-0016,APPLICATION_SERVICE,2024-01-08T12:41:00+00:00,AP-SOUTH,HR,LOW,service degradation,POST_CHANGE_STEP,CROSS_PLATFORM,TEAM-0002,False,NOT_CHECKED,Service Degradation affecting Application Service 0016,CLOSED,SYNTHETIC
INC-000638,EP-000638,OBS-000638,SVC-0005,APPLICATION_SERVICE,2024-01-08T12:58:00+00:00,GLOBAL,Sales,CRITICAL,connection failure,STEP,CROSS_PLATFORM,TEAM-0005,False,NOT_CHECKED,Connection Failure affecting Application Service 0005,CLOSED,SYNTHETIC
INC-000639,EP-000639,OBS-000639,SVC-0012,APPLICATION_SERVICE,2024-01-08T13:15:00+00:00,AP-SOUTH,Sales,MEDIUM,transaction failure,POST_CHANGE_STEP,CROSS_PLATFORM,TEAM-0005,True,UNKNOWN,Transaction Failure affecting Application Service 0012,CLOSED,SYNTHETIC
INC-000640,EP-000640,OBS-000640,SVC-0007,APPLICATION_SERVICE,2024-01-08T13:32:00+00:00,EU-WEST,Supply Chain,LOW,service degradation,POST_CHANGE_STEP,CROSS_PLATFORM,TEAM-0007,False,UNKNOWN,Service Degradation affecting Application Service 0007,CLOSED,SYNTHETIC
INC-000641,EP-000641,OBS-000641,SVC-0014,APPLICATION_SERVICE,2024-01-08T13:49:00+00:00,AP-NORTHEAST,Security,HIGH,latency increase,BURST,CROSS_PLATFORM,TEAM-0007,True,NOT_CHECKED,Latency Increase affecting Application Service 0014,CLOSED,SYNTHETIC
INC-000642,EP-000642,OBS-000642,SVC-0003,APPLICATION_SERVICE,2024-01-08T14:06:00+00:00,EU-CENTRAL,HR,LOW,service degradation,STEP,CROSS_PLATFORM,TEAM-0003,False,UNKNOWN,Service Degradation affecting Application Service 0003,CLOSED,SYNTHETIC
INC-000643,EP-000643,OBS-000643,SVC-0010,APPLICATION_SERVICE,2024-01-08T14:23:00+00:00,LATAM,Manufacturing,HIGH,request timeout,BURST,CROSS_PLATFORM,TEAM-0003,False,NOT_CHECKED,Request Timeout affecting Application Service 0010,CLOSED,SYNTHETIC
INC-000644,EP-000644,OBS-000644,SVC-0005,APPLICATION_SERVICE,2024-01-08T14:40:00+00:00,GLOBAL,Sales,HIGH,latency increase,BURST,CROSS_PLATFORM,TEAM-0005,True,UNKNOWN,Latency Increase affecting Application Service 0005,CLOSED,SYNTHETIC
INC-000645,EP-000645,OBS-000645,SVC-0012,APPLICATION_SERVICE,2024-01-08T14:57:00+00:00,AP-SOUTH,Sales,LOW,transaction failure,PERIODIC,CROSS_PLATFORM,TEAM-0005,False,NOT_CHECKED,Transaction Failure affecting Application Service 0012,CLOSED,SYNTHETIC
INC-000646,EP-000646,OBS-000646,SVC-0001,APPLICATION_SERVICE,2024-01-08T15:14:00+00:00,AP-SOUTH,Manufacturing,CRITICAL,latency increase,POST_CHANGE_STEP,CROSS_PLATFORM,TEAM-0001,False,UNKNOWN,Latency Increase affecting Application Service 0001,CLOSED,SYNTHETIC
INC-000647,EP-000647,OBS-000647,SVC-0008,APPLICATION_SERVICE,2024-01-08T15:31:00+00:00,US-EAST,Commerce,MEDIUM,authentication failure,BURST,CROSS_PLATFORM,TEAM-0001,False,NOT_CHECKED,Authentication Failure affecting Application Service 0008,CLOSED,SYNTHETIC
INC-000648,EP-000648,OBS-000648,SVC-0003,APPLICATION_SERVICE,2024-01-08T15:48:00+00:00,EU-CENTRAL,HR,CRITICAL,transaction failure,GRADUAL,CROSS_PLATFORM,TEAM-0003,False,UNKNOWN,Transaction Failure affecting Application Service 0003,CLOSED,SYNTHETIC
INC-000649,EP-000649,OBS-000649,SVC-0010,APPLICATION_SERVICE,2024-01-08T16:05:00+00:00,LATAM,Manufacturing,MEDIUM,request timeout,POST_CHANGE_STEP,CROSS_PLATFORM,TEAM-0003,False,NOT_CHECKED,Request Timeout affecting Application Service 0010,CLOSED,SYNTHETIC
INC-000650,EP-000650,OBS-000650,SVC-0017,APPLICATION_SERVICE,2024-01-08T16:22:00+00:00,US-WEST,Manufacturing,MEDIUM,authentication failure,STEP,CROSS_PLATFORM,TEAM-0003,False,NOT_CHECKED,Authentication Failure affecting Application Service 0017,CLOSED,SYNTHETIC
INC-000651,EP-000651,OBS-000651,SVC-0006,APPLICATION_SERVICE,2024-01-08T16:39:00+00:00,US-WEST,Data,MEDIUM,connection failure,STEP,CROSS_PLATFORM,TEAM-0006,True,NOT_CHECKED,Connection Failure affecting Application Service 0006,CLOSED,SYNTHETIC
INC-000652,EP-000652,OBS-000652,SVC-0001,APPLICATION_SERVICE,2024-01-08T16:56:00+00:00,AP-SOUTH,Manufacturing,HIGH,connection failure,PERIODIC,CROSS_PLATFORM,TEAM-0001,True,UNKNOWN,Connection Failure affecting Application Service 0001,CLOSED,SYNTHETIC
INC-000653,EP-000653,OBS-000653,SVC-0008,APPLICATION_SERVICE,2024-01-08T17:13:00+00:00,US-EAST,Commerce,MEDIUM,latency increase,POST_CHANGE_STEP,CROSS_PLATFORM,TEAM-0001,False,UNKNOWN,Latency Increase affecting Application Service 0008,CLOSED,SYNTHETIC
INC-000654,EP-000654,OBS-000654,SVC-0015,APPLICATION_SERVICE,2024-01-08T17:30:00+00:00,LATAM,Data,MEDIUM,authentication failure,BURST,CROSS_PLATFORM,TEAM-0001,False,NOT_CHECKED,Authentication Failure affecting Application Service 0015,CLOSED,SYNTHETIC
INC-000655,EP-000655,OBS-000655,SVC-0002,APPLICATION_SERVICE,2024-01-08T17:47:00+00:00,LATAM,Security,CRITICAL,authentication failure,BURST,CROSS_PLATFORM,TEAM-0002,True,UNKNOWN,Authentication Failure affecting Application Service 0002,CLOSED,SYNTHETIC
INC-000656,EP-000656,OBS-000656,SVC-0001,APPLICATION_SERVICE,2024-01-08T18:04:00+00:00,AP-SOUTH,Manufacturing,HIGH,transaction failure,BURST,CROSS_PLATFORM,TEAM-0001,False,UNKNOWN,Transaction Failure affecting Application Service 0001,CLOSED,SYNTHETIC
INC-000657,EP-000657,OBS-000657,SVC-0012,APPLICATION_SERVICE,2024-01-08T18:21:00+00:00,AP-SOUTH,Sales,MEDIUM,queue delay,POST_CHANGE_STEP,CROSS_PLATFORM,TEAM-0005,False,UNKNOWN,Queue Delay affecting Application Service 0012,CLOSED,SYNTHETIC
INC-000658,EP-000658,OBS-000658,SVC-0001,APPLICATION_SERVICE,2024-01-08T18:38:00+00:00,AP-SOUTH,Manufacturing,HIGH,transaction failure,BURST,CROSS_PLATFORM,TEAM-0001,False,NOT_CHECKED,Transaction Failure affecting Application Service 0001,CLOSED,SYNTHETIC
INC-000659,EP-000659,OBS-000659,SVC-0005,APPLICATION_SERVICE,2024-01-08T18:55:00+00:00,GLOBAL,Sales,MEDIUM,service degradation,POST_CHANGE_STEP,CROSS_PLATFORM,TEAM-0005,False,UNKNOWN,Service Degradation affecting Application Service 0005,CLOSED,SYNTHETIC
INC-000660,EP-000660,OBS-000660,SVC-0005,APPLICATION_SERVICE,2024-01-08T19:12:00+00:00,GLOBAL,Sales,MEDIUM,authentication failure,PERIODIC,CROSS_PLATFORM,TEAM-0005,True,UNKNOWN,Authentication Failure affecting Application Service 0005,CLOSED,SYNTHETIC
INC-000661,EP-000661,OBS-000661,SVC-0008,APPLICATION_SERVICE,2024-01-08T19:29:00+00:00,US-EAST,Commerce,MEDIUM,transaction failure,PERIODIC,CROSS_PLATFORM,TEAM-0001,False,UNKNOWN,Transaction Failure affecting Application Service 0008,CLOSED,SYNTHETIC
INC-000662,EP-000662,OBS-000662,SVC-0003,APPLICATION_SERVICE,2024-01-08T19:46:00+00:00,EU-CENTRAL,HR,CRITICAL,transaction failure,POST_CHANGE_STEP,CROSS_PLATFORM,TEAM-0003,False,NOT_CHECKED,Transaction Failure affecting Application Service 0003,CLOSED,SYNTHETIC
INC-000663,EP-000663,OBS-000663,SVC-0001,APPLICATION_SERVICE,2024-01-08T20:03:00+00:00,AP-SOUTH,Manufacturing,MEDIUM,connection failure,GRADUAL,CROSS_PLATFORM,TEAM-0001,False,UNKNOWN,Connection Failure affecting Application Service 0001,CLOSED,SYNTHETIC
INC-000664,EP-000664,OBS-000664,SVC-0003,APPLICATION_SERVICE,2024-01-08T20:20:00+00:00,EU-CENTRAL,HR,LOW,connection failure,POST_CHANGE_STEP,CROSS_PLATFORM,TEAM-0003,False,UNKNOWN,Connection Failure affecting Application Service 0003,CLOSED,SYNTHETIC
INC-000665,EP-000665,OBS-000665,SVC-0002,APPLICATION_SERVICE,2024-01-08T20:37:00+00:00,LATAM,Security,LOW,connection failure,POST_CHANGE_STEP,CROSS_PLATFORM,TEAM-0002,False,UNKNOWN,Connection Failure affecting Application Service 0002,CLOSED,SYNTHETIC
INC-000666,EP-000666,OBS-000666,SVC-0001,APPLICATION_SERVICE,2024-01-08T20:54:00+00:00,AP-SOUTH,Manufacturing,LOW,request timeout,POST_CHANGE_STEP,CROSS_PLATFORM,TEAM-0001,False,UNKNOWN,Request Timeout affecting Application Service 0001,CLOSED,SYNTHETIC
INC-000667,EP-000667,OBS-000667,SVC-0012,APPLICATION_SERVICE,2024-01-08T21:11:00+00:00,AP-SOUTH,Sales,HIGH,request timeout,GRADUAL,CROSS_PLATFORM,TEAM-0005,False,NOT_CHECKED,Request Timeout affecting Application Service 0012,CLOSED,SYNTHETIC
INC-000668,EP-000668,OBS-000668,SVC-0001,APPLICATION_SERVICE,2024-01-08T21:28:00+00:00,AP-SOUTH,Manufacturing,LOW,authentication failure,POST_CHANGE_STEP,CROSS_PLATFORM,TEAM-0001,False,UNKNOWN,Authentication Failure affecting Application Service 0001,CLOSED,SYNTHETIC
INC-000669,EP-000669,OBS-000669,SVC-0005,APPLICATION_SERVICE,2024-01-08T21:45:00+00:00,GLOBAL,Sales,LOW,authentication failure,POST_CHANGE_STEP,CROSS_PLATFORM,TEAM-0005,False,NOT_CHECKED,Authentication Failure affecting Application Service 0005,CLOSED,SYNTHETIC
INC-000670,EP-000670,OBS-000670,SVC-0005,APPLICATION_SERVICE,2024-01-08T22:02:00+00:00,GLOBAL,Sales,MEDIUM,queue delay,BURST,CROSS_PLATFORM,TEAM-0005,True,NOT_CHECKED,Queue Delay affecting Application Service 0005,CLOSED,SYNTHETIC
INC-000671,EP-000671,OBS-000671,SVC-0008,APPLICATION_SERVICE,2024-01-08T22:19:00+00:00,US-EAST,Commerce,MEDIUM,transaction failure,STEP,CROSS_PLATFORM,TEAM-0001,False,NOT_CHECKED,Transaction Failure affecting Application Service 0008,CLOSED,SYNTHETIC
INC-000672,EP-000672,OBS-000672,SVC-0003,APPLICATION_SERVICE,2024-01-08T22:36:00+00:00,EU-CENTRAL,HR,MEDIUM,latency increase,STEP,CROSS_PLATFORM,TEAM-0003,False,NOT_CHECKED,Latency Increase affecting Application Service 0003,CLOSED,SYNTHETIC
INC-000673,EP-000673,OBS-000673,SVC-0001,APPLICATION_SERVICE,2024-01-08T22:53:00+00:00,AP-SOUTH,Manufacturing,HIGH,service degradation,GRADUAL,CROSS_PLATFORM,TEAM-0001,False,NOT_CHECKED,Service Degradation affecting Application Service 0001,CLOSED,SYNTHETIC
INC-000674,EP-000674,OBS-000674,SVC-0003,APPLICATION_SERVICE,2024-01-08T23:10:00+00:00,EU-CENTRAL,HR,MEDIUM,latency increase,PERIODIC,CROSS_PLATFORM,TEAM-0003,False,NOT_CHECKED,Latency Increase affecting Application Service 0003,CLOSED,SYNTHETIC
INC-000675,EP-000675,OBS-000675,SVC-0002,APPLICATION_SERVICE,2024-01-08T23:27:00+00:00,LATAM,Security,HIGH,connection failure,POST_CHANGE_STEP,CROSS_PLATFORM,TEAM-0002,False,NOT_CHECKED,Connection Failure affecting Application Service 0002,CLOSED,SYNTHETIC
INC-000676,EP-000676,OBS-000676,SVC-0001,APPLICATION_SERVICE,2024-01-08T23:44:00+00:00,AP-SOUTH,Manufacturing,HIGH,transaction failure,POST_CHANGE_STEP,CROSS_PLATFORM,TEAM-0001,False,NOT_CHECKED,Transaction Failure affecting Application Service 0001,CLOSED,SYNTHETIC
INC-000677,EP-000677,OBS-000677,SVC-0012,APPLICATION_SERVICE,2024-01-09T00:01:00+00:00,AP-SOUTH,Sales,MEDIUM,transaction failure,POST_CHANGE_STEP,CROSS_PLATFORM,TEAM-0005,True,UNKNOWN,Transaction Failure affecting Application Service 0012,CLOSED,SYNTHETIC
INC-000678,EP-000678,OBS-000678,SVC-0001,APPLICATION_SERVICE,2024-01-09T00:18:00+00:00,AP-SOUTH,Manufacturing,MEDIUM,authentication failure,PERIODIC,CROSS_PLATFORM,TEAM-0001,False,NOT_CHECKED,Authentication Failure affecting Application Service 0001,CLOSED,SYNTHETIC
INC-000679,EP-000679,OBS-000679,SVC-0005,APPLICATION_SERVICE,2024-01-09T00:35:00+00:00,GLOBAL,Sales,CRITICAL,transaction failure,STEP,CROSS_PLATFORM,TEAM-0005,False,UNKNOWN,Transaction Failure affecting Application Service 0005,CLOSED,SYNTHETIC
INC-000680,EP-000680,OBS-000680,SVC-0005,APPLICATION_SERVICE,2024-01-09T00:52:00+00:00,GLOBAL,Sales,MEDIUM,connection failure,STEP,CROSS_PLATFORM,TEAM-0005,False,NOT_CHECKED,Connection Failure affecting Application Service 0005,CLOSED,SYNTHETIC
INC-000681,EP-000681,OBS-000681,SVC-0008,APPLICATION_SERVICE,2024-01-09T01:09:00+00:00,US-EAST,Commerce,LOW,latency increase,GRADUAL,CROSS_PLATFORM,TEAM-0001,False,NOT_CHECKED,Latency Increase affecting Application Service 0008,CLOSED,SYNTHETIC
INC-000682,EP-000682,OBS-000682,SVC-0003,APPLICATION_SERVICE,2024-01-09T01:26:00+00:00,EU-CENTRAL,HR,MEDIUM,queue delay,PERIODIC,CROSS_PLATFORM,TEAM-0003,False,NOT_CHECKED,Queue Delay affecting Application Service 0003,CLOSED,SYNTHETIC
INC-000683,EP-000683,OBS-000683,SVC-0001,APPLICATION_SERVICE,2024-01-09T01:43:00+00:00,AP-SOUTH,Manufacturing,HIGH,connection failure,POST_CHANGE_STEP,CROSS_PLATFORM,TEAM-0001,False,NOT_CHECKED,Connection Failure affecting Application Service 0001,CLOSED,SYNTHETIC
INC-000684,EP-000684,OBS-000684,SVC-0003,APPLICATION_SERVICE,2024-01-09T02:00:00+00:00,EU-CENTRAL,HR,HIGH,connection failure,GRADUAL,CROSS_PLATFORM,TEAM-0003,True,UNKNOWN,Connection Failure affecting Application Service 0003,CLOSED,SYNTHETIC
INC-000685,EP-000685,OBS-000685,SVC-0002,APPLICATION_SERVICE,2024-01-09T02:17:00+00:00,LATAM,Security,CRITICAL,queue delay,STEP,CROSS_PLATFORM,TEAM-0002,False,NOT_CHECKED,Queue Delay affecting Application Service 0002,CLOSED,SYNTHETIC
INC-000686,EP-000686,OBS-000686,SVC-0001,APPLICATION_SERVICE,2024-01-09T02:34:00+00:00,AP-SOUTH,Manufacturing,LOW,authentication failure,STEP,CROSS_PLATFORM,TEAM-0001,False,NOT_CHECKED,Authentication Failure affecting Application Service 0001,CLOSED,SYNTHETIC
INC-000687,EP-000687,OBS-000687,SVC-0012,APPLICATION_SERVICE,2024-01-09T02:51:00+00:00,AP-SOUTH,Sales,LOW,transaction failure,GRADUAL,CROSS_PLATFORM,TEAM-0005,True,NOT_CHECKED,Transaction Failure affecting Application Service 0012,CLOSED,SYNTHETIC
INC-000688,EP-000688,OBS-000688,SVC-0001,APPLICATION_SERVICE,2024-01-09T03:08:00+00:00,AP-SOUTH,Manufacturing,CRITICAL,request timeout,STEP,CROSS_PLATFORM,TEAM-0001,False,NOT_CHECKED,Request Timeout affecting Application Service 0001,CLOSED,SYNTHETIC
INC-000689,EP-000689,OBS-000689,SVC-0005,APPLICATION_SERVICE,2024-01-09T03:25:00+00:00,GLOBAL,Sales,CRITICAL,connection failure,GRADUAL,CROSS_PLATFORM,TEAM-0005,False,NOT_CHECKED,Connection Failure affecting Application Service 0005,CLOSED,SYNTHETIC
INC-000690,EP-000690,OBS-000690,SVC-0005,APPLICATION_SERVICE,2024-01-09T03:42:00+00:00,GLOBAL,Sales,MEDIUM,connection failure,BURST,CROSS_PLATFORM,TEAM-0005,False,NOT_CHECKED,Connection Failure affecting Application Service 0005,CLOSED,SYNTHETIC
INC-000691,EP-000691,OBS-000691,SVC-0008,APPLICATION_SERVICE,2024-01-09T03:59:00+00:00,US-EAST,Commerce,MEDIUM,request timeout,BURST,CROSS_PLATFORM,TEAM-0001,False,NOT_CHECKED,Request Timeout affecting Application Service 0008,CLOSED,SYNTHETIC
INC-000692,EP-000692,OBS-000692,SVC-0003,APPLICATION_SERVICE,2024-01-09T04:16:00+00:00,EU-CENTRAL,HR,HIGH,queue delay,BURST,CROSS_PLATFORM,TEAM-0003,False,NOT_CHECKED,Queue Delay affecting Application Service 0003,CLOSED,SYNTHETIC
INC-000693,EP-000693,OBS-000693,SVC-0001,APPLICATION_SERVICE,2024-01-09T04:33:00+00:00,AP-SOUTH,Manufacturing,HIGH,connection failure,STEP,CROSS_PLATFORM,TEAM-0001,False,UNKNOWN,Connection Failure affecting Application Service 0001,CLOSED,SYNTHETIC
INC-000694,EP-000694,OBS-000694,SVC-0003,APPLICATION_SERVICE,2024-01-09T04:50:00+00:00,EU-CENTRAL,HR,MEDIUM,service degradation,GRADUAL,CROSS_PLATFORM,TEAM-0003,False,NOT_CHECKED,Service Degradation affecting Application Service 0003,CLOSED,SYNTHETIC
INC-000695,EP-000695,OBS-000695,SVC-0002,APPLICATION_SERVICE,2024-01-09T05:07:00+00:00,LATAM,Security,HIGH,latency increase,BURST,CROSS_PLATFORM,TEAM-0002,False,UNKNOWN,Latency Increase affecting Application Service 0002,CLOSED,SYNTHETIC
INC-000696,EP-000696,OBS-000696,SVC-0001,APPLICATION_SERVICE,2024-01-09T05:24:00+00:00,AP-SOUTH,Manufacturing,HIGH,latency increase,PERIODIC,CROSS_PLATFORM,TEAM-0001,False,NOT_CHECKED,Latency Increase affecting Application Service 0001,CLOSED,SYNTHETIC
INC-000697,EP-000697,OBS-000697,SVC-0012,APPLICATION_SERVICE,2024-01-09T05:41:00+00:00,AP-SOUTH,Sales,LOW,request timeout,POST_CHANGE_STEP,CROSS_PLATFORM,TEAM-0005,True,UNKNOWN,Request Timeout affecting Application Service 0012,CLOSED,SYNTHETIC
INC-000698,EP-000698,OBS-000698,SVC-0001,APPLICATION_SERVICE,2024-01-09T05:58:00+00:00,AP-SOUTH,Manufacturing,MEDIUM,connection failure,BURST,CROSS_PLATFORM,TEAM-0001,False,NOT_CHECKED,Connection Failure affecting Application Service 0001,CLOSED,SYNTHETIC
INC-000699,EP-000699,OBS-000699,SVC-0005,APPLICATION_SERVICE,2024-01-09T06:15:00+00:00,GLOBAL,Sales,MEDIUM,latency increase,BURST,CROSS_PLATFORM,TEAM-0005,False,NOT_CHECKED,Latency Increase affecting Application Service 0005,CLOSED,SYNTHETIC
INC-000700,EP-000700,OBS-000700,SVC-0005,APPLICATION_SERVICE,2024-01-09T06:32:00+00:00,GLOBAL,Sales,MEDIUM,transaction failure,GRADUAL,CROSS_PLATFORM,TEAM-0005,False,NOT_CHECKED,Transaction Failure affecting Application Service 0005,CLOSED,SYNTHETIC
INC-000701,EP-000701,OBS-000701,SVC-0008,APPLICATION_SERVICE,2024-01-09T06:49:00+00:00,US-EAST,Commerce,MEDIUM,latency increase,PERIODIC,CROSS_PLATFORM,TEAM-0001,False,UNKNOWN,Latency Increase affecting Application Service 0008,CLOSED,SYNTHETIC
INC-000702,EP-000702,OBS-000702,SVC-0003,APPLICATION_SERVICE,2024-01-09T07:06:00+00:00,EU-CENTRAL,HR,CRITICAL,queue delay,PERIODIC,CROSS_PLATFORM,TEAM-0003,False,NOT_CHECKED,Queue Delay affecting Application Service 0003,CLOSED,SYNTHETIC
INC-000703,EP-000703,OBS-000703,SVC-0001,APPLICATION_SERVICE,2024-01-09T07:23:00+00:00,AP-SOUTH,Manufacturing,HIGH,service degradation,PERIODIC,CROSS_PLATFORM,TEAM-0001,False,NOT_CHECKED,Service Degradation affecting Application Service 0001,CLOSED,SYNTHETIC
INC-000704,EP-000704,OBS-000704,SVC-0003,APPLICATION_SERVICE,2024-01-09T07:40:00+00:00,EU-CENTRAL,HR,MEDIUM,service degradation,GRADUAL,CROSS_PLATFORM,TEAM-0003,False,NOT_CHECKED,Service Degradation affecting Application Service 0003,CLOSED,SYNTHETIC
INC-000705,EP-000705,OBS-000705,SVC-0002,APPLICATION_SERVICE,2024-01-09T07:57:00+00:00,LATAM,Security,HIGH,connection failure,GRADUAL,CROSS_PLATFORM,TEAM-0002,False,NOT_CHECKED,Connection Failure affecting Application Service 0002,CLOSED,SYNTHETIC
INC-000706,EP-000706,OBS-000706,SVC-0001,APPLICATION_SERVICE,2024-01-09T08:14:00+00:00,AP-SOUTH,Manufacturing,MEDIUM,authentication failure,POST_CHANGE_STEP,CROSS_PLATFORM,TEAM-0001,False,UNKNOWN,Authentication Failure affecting Application Service 0001,CLOSED,SYNTHETIC
INC-000707,EP-000707,OBS-000707,SVC-0012,APPLICATION_SERVICE,2024-01-09T08:31:00+00:00,AP-SOUTH,Sales,MEDIUM,authentication failure,BURST,CROSS_PLATFORM,TEAM-0005,False,NOT_CHECKED,Authentication Failure affecting Application Service 0012,CLOSED,SYNTHETIC
INC-000708,EP-000708,OBS-000708,SVC-0001,APPLICATION_SERVICE,2024-01-09T08:48:00+00:00,AP-SOUTH,Manufacturing,MEDIUM,connection failure,STEP,CROSS_PLATFORM,TEAM-0001,False,NOT_CHECKED,Connection Failure affecting Application Service 0001,CLOSED,SYNTHETIC
INC-000709,EP-000709,OBS-000709,SVC-0005,APPLICATION_SERVICE,2024-01-09T09:05:00+00:00,GLOBAL,Sales,MEDIUM,request timeout,PERIODIC,CROSS_PLATFORM,TEAM-0005,False,NOT_CHECKED,Request Timeout affecting Application Service 0005,CLOSED,SYNTHETIC
INC-000710,EP-000710,OBS-000710,SVC-0005,APPLICATION_SERVICE,2024-01-09T09:22:00+00:00,GLOBAL,Sales,HIGH,latency increase,POST_CHANGE_STEP,CROSS_PLATFORM,TEAM-0005,False,NOT_CHECKED,Latency Increase affecting Application Service 0005,CLOSED,SYNTHETIC
INC-000711,EP-000711,OBS-000711,SVC-0008,APPLICATION_SERVICE,2024-01-09T09:39:00+00:00,US-EAST,Commerce,LOW,connection failure,GRADUAL,CROSS_PLATFORM,TEAM-0001,False,UNKNOWN,Connection Failure affecting Application Service 0008,CLOSED,SYNTHETIC
INC-000712,EP-000712,OBS-000712,SVC-0003,APPLICATION_SERVICE,2024-01-09T09:56:00+00:00,EU-CENTRAL,HR,HIGH,queue delay,GRADUAL,CROSS_PLATFORM,TEAM-0003,False,NOT_CHECKED,Queue Delay affecting Application Service 0003,CLOSED,SYNTHETIC
INC-000713,EP-000713,OBS-000713,SVC-0001,APPLICATION_SERVICE,2024-01-09T10:13:00+00:00,AP-SOUTH,Manufacturing,HIGH,connection failure,BURST,CROSS_PLATFORM,TEAM-0001,False,NOT_CHECKED,Connection Failure affecting Application Service 0001,CLOSED,SYNTHETIC
INC-000714,EP-000714,OBS-000714,SVC-0003,APPLICATION_SERVICE,2024-01-09T10:30:00+00:00,EU-CENTRAL,HR,MEDIUM,authentication failure,BURST,CROSS_PLATFORM,TEAM-0003,True,NOT_CHECKED,Authentication Failure affecting Application Service 0003,CLOSED,SYNTHETIC
INC-000715,EP-000715,OBS-000715,SVC-0002,APPLICATION_SERVICE,2024-01-09T10:47:00+00:00,LATAM,Security,LOW,connection failure,PERIODIC,CROSS_PLATFORM,TEAM-0002,False,UNKNOWN,Connection Failure affecting Application Service 0002,CLOSED,SYNTHETIC
INC-000716,EP-000716,OBS-000716,SVC-0001,APPLICATION_SERVICE,2024-01-09T11:04:00+00:00,AP-SOUTH,Manufacturing,HIGH,connection failure,GRADUAL,CROSS_PLATFORM,TEAM-0001,True,NOT_CHECKED,Connection Failure affecting Application Service 0001,CLOSED,SYNTHETIC
INC-000717,EP-000717,OBS-000717,SVC-0012,APPLICATION_SERVICE,2024-01-09T11:21:00+00:00,AP-SOUTH,Sales,HIGH,request timeout,BURST,CROSS_PLATFORM,TEAM-0005,False,UNKNOWN,Request Timeout affecting Application Service 0012,CLOSED,SYNTHETIC
INC-000718,EP-000718,OBS-000718,SVC-0001,APPLICATION_SERVICE,2024-01-09T11:38:00+00:00,AP-SOUTH,Manufacturing,HIGH,queue delay,PERIODIC,CROSS_PLATFORM,TEAM-0001,False,NOT_CHECKED,Queue Delay affecting Application Service 0001,CLOSED,SYNTHETIC
INC-000719,EP-000719,OBS-000719,SVC-0005,APPLICATION_SERVICE,2024-01-09T11:55:00+00:00,GLOBAL,Sales,CRITICAL,authentication failure,STEP,CROSS_PLATFORM,TEAM-0005,True,UNKNOWN,Authentication Failure affecting Application Service 0005,CLOSED,SYNTHETIC
INC-000720,EP-000720,OBS-000720,SVC-0005,APPLICATION_SERVICE,2024-01-09T12:12:00+00:00,GLOBAL,Sales,MEDIUM,authentication failure,POST_CHANGE_STEP,CROSS_PLATFORM,TEAM-0005,False,UNKNOWN,Authentication Failure affecting Application Service 0005,CLOSED,SYNTHETIC
INC-000721,EP-000721,OBS-000721,SVC-0008,APPLICATION_SERVICE,2024-01-09T12:29:00+00:00,US-EAST,Commerce,MEDIUM,queue delay,STEP,CROSS_PLATFORM,TEAM-0001,True,UNKNOWN,Queue Delay affecting Application Service 0008,CLOSED,SYNTHETIC
INC-000722,EP-000722,OBS-000722,SVC-0003,APPLICATION_SERVICE,2024-01-09T12:46:00+00:00,EU-CENTRAL,HR,MEDIUM,transaction failure,GRADUAL,CROSS_PLATFORM,TEAM-0003,False,UNKNOWN,Transaction Failure affecting Application Service 0003,CLOSED,SYNTHETIC
INC-000723,EP-000723,OBS-000723,SVC-0001,APPLICATION_SERVICE,2024-01-09T13:03:00+00:00,AP-SOUTH,Manufacturing,LOW,authentication failure,POST_CHANGE_STEP,CROSS_PLATFORM,TEAM-0001,True,NOT_CHECKED,Authentication Failure affecting Application Service 0001,CLOSED,SYNTHETIC
INC-000724,EP-000724,OBS-000724,SVC-0003,APPLICATION_SERVICE,2024-01-09T13:20:00+00:00,EU-CENTRAL,HR,CRITICAL,connection failure,BURST,CROSS_PLATFORM,TEAM-0003,False,UNKNOWN,Connection Failure affecting Application Service 0003,CLOSED,SYNTHETIC
INC-000725,EP-000725,OBS-000725,SVC-0002,APPLICATION_SERVICE,2024-01-09T13:37:00+00:00,LATAM,Security,MEDIUM,latency increase,POST_CHANGE_STEP,CROSS_PLATFORM,TEAM-0002,False,UNKNOWN,Latency Increase affecting Application Service 0002,CLOSED,SYNTHETIC
INC-000726,EP-000726,OBS-000726,SVC-0001,APPLICATION_SERVICE,2024-01-09T13:54:00+00:00,AP-SOUTH,Manufacturing,HIGH,request timeout,STEP,CROSS_PLATFORM,TEAM-0001,False,NOT_CHECKED,Request Timeout affecting Application Service 0001,CLOSED,SYNTHETIC
INC-000727,EP-000727,OBS-000727,SVC-0012,APPLICATION_SERVICE,2024-01-09T14:11:00+00:00,AP-SOUTH,Sales,MEDIUM,service degradation,GRADUAL,CROSS_PLATFORM,TEAM-0005,False,NOT_CHECKED,Service Degradation affecting Application Service 0012,CLOSED,SYNTHETIC
INC-000728,EP-000728,OBS-000728,SVC-0001,APPLICATION_SERVICE,2024-01-09T14:28:00+00:00,AP-SOUTH,Manufacturing,MEDIUM,request timeout,GRADUAL,CROSS_PLATFORM,TEAM-0001,False,NOT_CHECKED,Request Timeout affecting Application Service 0001,CLOSED,SYNTHETIC
INC-000729,EP-000729,OBS-000729,SVC-0005,APPLICATION_SERVICE,2024-01-09T14:45:00+00:00,GLOBAL,Sales,MEDIUM,service degradation,PERIODIC,CROSS_PLATFORM,TEAM-0005,True,NOT_CHECKED,Service Degradation affecting Application Service 0005,CLOSED,SYNTHETIC
INC-000730,EP-000730,OBS-000730,SVC-0005,APPLICATION_SERVICE,2024-01-09T15:02:00+00:00,GLOBAL,Sales,MEDIUM,latency increase,BURST,CROSS_PLATFORM,TEAM-0005,True,UNKNOWN,Latency Increase affecting Application Service 0005,CLOSED,SYNTHETIC
INC-000731,EP-000731,OBS-000731,SVC-0008,APPLICATION_SERVICE,2024-01-09T15:19:00+00:00,US-EAST,Commerce,MEDIUM,transaction failure,BURST,CROSS_PLATFORM,TEAM-0001,False,NOT_CHECKED,Transaction Failure affecting Application Service 0008,CLOSED,SYNTHETIC
INC-000732,EP-000732,OBS-000732,SVC-0003,APPLICATION_SERVICE,2024-01-09T15:36:00+00:00,EU-CENTRAL,HR,LOW,latency increase,POST_CHANGE_STEP,CROSS_PLATFORM,TEAM-0003,False,NOT_CHECKED,Latency Increase affecting Application Service 0003,CLOSED,SYNTHETIC
INC-000733,EP-000733,OBS-000733,SVC-0001,APPLICATION_SERVICE,2024-01-09T15:53:00+00:00,AP-SOUTH,Manufacturing,HIGH,queue delay,BURST,CROSS_PLATFORM,TEAM-0001,False,UNKNOWN,Queue Delay affecting Application Service 0001,CLOSED,SYNTHETIC
INC-000734,EP-000734,OBS-000734,SVC-0003,APPLICATION_SERVICE,2024-01-09T16:10:00+00:00,EU-CENTRAL,HR,MEDIUM,request timeout,BURST,CROSS_PLATFORM,TEAM-0003,False,NOT_CHECKED,Request Timeout affecting Application Service 0003,CLOSED,SYNTHETIC
INC-000735,EP-000735,OBS-000735,SVC-0002,APPLICATION_SERVICE,2024-01-09T16:27:00+00:00,LATAM,Security,MEDIUM,authentication failure,PERIODIC,CROSS_PLATFORM,TEAM-0002,False,NOT_CHECKED,Authentication Failure affecting Application Service 0002,CLOSED,SYNTHETIC
INC-000736,EP-000736,OBS-000736,SVC-0001,APPLICATION_SERVICE,2024-01-09T16:44:00+00:00,AP-SOUTH,Manufacturing,LOW,transaction failure,GRADUAL,CROSS_PLATFORM,TEAM-0001,False,UNKNOWN,Transaction Failure affecting Application Service 0001,CLOSED,SYNTHETIC
INC-000737,EP-000737,OBS-000737,SVC-0012,APPLICATION_SERVICE,2024-01-09T17:01:00+00:00,AP-SOUTH,Sales,HIGH,transaction failure,BURST,CROSS_PLATFORM,TEAM-0005,False,NOT_CHECKED,Transaction Failure affecting Application Service 0012,CLOSED,SYNTHETIC
INC-000738,EP-000738,OBS-000738,SVC-0001,APPLICATION_SERVICE,2024-01-09T17:18:00+00:00,AP-SOUTH,Manufacturing,MEDIUM,connection failure,GRADUAL,CROSS_PLATFORM,TEAM-0001,False,NOT_CHECKED,Connection Failure affecting Application Service 0001,CLOSED,SYNTHETIC
INC-000739,EP-000739,OBS-000739,SVC-0005,APPLICATION_SERVICE,2024-01-09T17:35:00+00:00,GLOBAL,Sales,HIGH,connection failure,GRADUAL,CROSS_PLATFORM,TEAM-0005,False,UNKNOWN,Connection Failure affecting Application Service 0005,CLOSED,SYNTHETIC
INC-000740,EP-000740,OBS-000740,SVC-0005,APPLICATION_SERVICE,2024-01-09T17:52:00+00:00,GLOBAL,Sales,HIGH,transaction failure,PERIODIC,CROSS_PLATFORM,TEAM-0005,False,NOT_CHECKED,Transaction Failure affecting Application Service 0005,CLOSED,SYNTHETIC
INC-000741,EP-000741,OBS-000741,SVC-0008,APPLICATION_SERVICE,2024-01-09T18:09:00+00:00,US-EAST,Commerce,HIGH,service degradation,PERIODIC,CROSS_PLATFORM,TEAM-0001,True,UNKNOWN,Service Degradation affecting Application Service 0008,CLOSED,SYNTHETIC
INC-000742,EP-000742,OBS-000742,SVC-0003,APPLICATION_SERVICE,2024-01-09T18:26:00+00:00,EU-CENTRAL,HR,LOW,queue delay,PERIODIC,CROSS_PLATFORM,TEAM-0003,False,UNKNOWN,Queue Delay affecting Application Service 0003,CLOSED,SYNTHETIC
INC-000743,EP-000743,OBS-000743,SVC-0001,APPLICATION_SERVICE,2024-01-09T18:43:00+00:00,AP-SOUTH,Manufacturing,MEDIUM,connection failure,GRADUAL,CROSS_PLATFORM,TEAM-0001,False,NOT_CHECKED,Connection Failure affecting Application Service 0001,CLOSED,SYNTHETIC
INC-000744,EP-000744,OBS-000744,SVC-0003,APPLICATION_SERVICE,2024-01-09T19:00:00+00:00,EU-CENTRAL,HR,MEDIUM,request timeout,PERIODIC,CROSS_PLATFORM,TEAM-0003,True,NOT_CHECKED,Request Timeout affecting Application Service 0003,CLOSED,SYNTHETIC
INC-000745,EP-000745,OBS-000745,SVC-0002,APPLICATION_SERVICE,2024-01-09T19:17:00+00:00,LATAM,Security,LOW,service degradation,GRADUAL,CROSS_PLATFORM,TEAM-0002,False,NOT_CHECKED,Service Degradation affecting Application Service 0002,CLOSED,SYNTHETIC
INC-000746,EP-000746,OBS-000746,SVC-0001,APPLICATION_SERVICE,2024-01-09T19:34:00+00:00,AP-SOUTH,Manufacturing,CRITICAL,connection failure,PERIODIC,CROSS_PLATFORM,TEAM-0001,False,NOT_CHECKED,Connection Failure affecting Application Service 0001,CLOSED,SYNTHETIC
INC-000747,EP-000747,OBS-000747,SVC-0012,APPLICATION_SERVICE,2024-01-09T19:51:00+00:00,AP-SOUTH,Sales,MEDIUM,connection failure,BURST,CROSS_PLATFORM,TEAM-0005,True,UNKNOWN,Connection Failure affecting Application Service 0012,CLOSED,SYNTHETIC
INC-000748,EP-000748,OBS-000748,SVC-0001,APPLICATION_SERVICE,2024-01-09T20:08:00+00:00,AP-SOUTH,Manufacturing,MEDIUM,request timeout,BURST,CROSS_PLATFORM,TEAM-0001,True,UNKNOWN,Request Timeout affecting Application Service 0001,CLOSED,SYNTHETIC
INC-000749,EP-000749,OBS-000749,SVC-0005,APPLICATION_SERVICE,2024-01-09T20:25:00+00:00,GLOBAL,Sales,LOW,service degradation,STEP,CROSS_PLATFORM,TEAM-0005,False,NOT_CHECKED,Service Degradation affecting Application Service 0005,CLOSED,SYNTHETIC
INC-000750,EP-000750,OBS-000750,SVC-0005,APPLICATION_SERVICE,2024-01-09T20:42:00+00:00,GLOBAL,Sales,MEDIUM,authentication failure,STEP,CROSS_PLATFORM,TEAM-0005,False,NOT_CHECKED,Authentication Failure affecting Application Service 0005,CLOSED,SYNTHETIC
INC-000751,EP-000751,OBS-000751,SVC-0008,APPLICATION_SERVICE,2024-01-09T20:59:00+00:00,US-EAST,Commerce,MEDIUM,request timeout,STEP,CROSS_PLATFORM,TEAM-0001,False,NOT_CHECKED,Request Timeout affecting Application Service 0008,CLOSED,SYNTHETIC
INC-000752,EP-000752,OBS-000752,SVC-0003,APPLICATION_SERVICE,2024-01-09T21:16:00+00:00,EU-CENTRAL,HR,MEDIUM,queue delay,STEP,CROSS_PLATFORM,TEAM-0003,False,NOT_CHECKED,Queue Delay affecting Application Service 0003,CLOSED,SYNTHETIC
INC-000753,EP-000753,OBS-000753,SVC-0001,APPLICATION_SERVICE,2024-01-09T21:33:00+00:00,AP-SOUTH,Manufacturing,CRITICAL,transaction failure,PERIODIC,CROSS_PLATFORM,TEAM-0001,True,NOT_CHECKED,Transaction Failure affecting Application Service 0001,CLOSED,SYNTHETIC
INC-000754,EP-000754,OBS-000754,SVC-0003,APPLICATION_SERVICE,2024-01-09T21:50:00+00:00,EU-CENTRAL,HR,MEDIUM,queue delay,PERIODIC,CROSS_PLATFORM,TEAM-0003,False,NOT_CHECKED,Queue Delay affecting Application Service 0003,CLOSED,SYNTHETIC
INC-000755,EP-000755,OBS-000755,SVC-0002,APPLICATION_SERVICE,2024-01-09T22:07:00+00:00,LATAM,Security,HIGH,request timeout,STEP,CROSS_PLATFORM,TEAM-0002,True,UNKNOWN,Request Timeout affecting Application Service 0002,CLOSED,SYNTHETIC
INC-000756,EP-000756,OBS-000756,SVC-0001,APPLICATION_SERVICE,2024-01-09T22:24:00+00:00,AP-SOUTH,Manufacturing,HIGH,queue delay,BURST,CROSS_PLATFORM,TEAM-0001,False,NOT_CHECKED,Queue Delay affecting Application Service 0001,CLOSED,SYNTHETIC
INC-000757,EP-000757,OBS-000757,SVC-0012,APPLICATION_SERVICE,2024-01-09T22:41:00+00:00,AP-SOUTH,Sales,LOW,transaction failure,STEP,CROSS_PLATFORM,TEAM-0005,True,NOT_CHECKED,Transaction Failure affecting Application Service 0012,CLOSED,SYNTHETIC
INC-000758,EP-000758,OBS-000758,SVC-0001,APPLICATION_SERVICE,2024-01-09T22:58:00+00:00,AP-SOUTH,Manufacturing,CRITICAL,latency increase,GRADUAL,CROSS_PLATFORM,TEAM-0001,False,NOT_CHECKED,Latency Increase affecting Application Service 0001,CLOSED,SYNTHETIC
INC-000759,EP-000759,OBS-000759,SVC-0005,APPLICATION_SERVICE,2024-01-09T23:15:00+00:00,GLOBAL,Sales,MEDIUM,connection failure,BURST,CROSS_PLATFORM,TEAM-0005,True,UNKNOWN,Connection Failure affecting Application Service 0005,CLOSED,SYNTHETIC
INC-000760,EP-000760,OBS-000760,SVC-0005,APPLICATION_SERVICE,2024-01-09T23:32:00+00:00,GLOBAL,Sales,CRITICAL,authentication failure,PERIODIC,CROSS_PLATFORM,TEAM-0005,False,NOT_CHECKED,Authentication Failure affecting Application Service 0005,CLOSED,SYNTHETIC
INC-000761,EP-000761,OBS-000761,SVC-0008,APPLICATION_SERVICE,2024-01-09T23:49:00+00:00,US-EAST,Commerce,HIGH,transaction failure,BURST,CROSS_PLATFORM,TEAM-0001,True,NOT_CHECKED,Transaction Failure affecting Application Service 0008,CLOSED,SYNTHETIC
INC-000762,EP-000762,OBS-000762,SVC-0003,APPLICATION_SERVICE,2024-01-10T00:06:00+00:00,EU-CENTRAL,HR,MEDIUM,queue delay,BURST,CROSS_PLATFORM,TEAM-0003,True,NOT_CHECKED,Queue Delay affecting Application Service 0003,CLOSED,SYNTHETIC
INC-000763,EP-000763,OBS-000763,SVC-0001,APPLICATION_SERVICE,2024-01-10T00:23:00+00:00,AP-SOUTH,Manufacturing,MEDIUM,transaction failure,POST_CHANGE_STEP,CROSS_PLATFORM,TEAM-0001,False,UNKNOWN,Transaction Failure affecting Application Service 0001,CLOSED,SYNTHETIC
INC-000764,EP-000764,OBS-000764,SVC-0003,APPLICATION_SERVICE,2024-01-10T00:40:00+00:00,EU-CENTRAL,HR,HIGH,latency increase,STEP,CROSS_PLATFORM,TEAM-0003,False,NOT_CHECKED,Latency Increase affecting Application Service 0003,CLOSED,SYNTHETIC
INC-000765,EP-000765,OBS-000765,SVC-0002,APPLICATION_SERVICE,2024-01-10T00:57:00+00:00,LATAM,Security,LOW,authentication failure,STEP,CROSS_PLATFORM,TEAM-0002,False,UNKNOWN,Authentication Failure affecting Application Service 0002,CLOSED,SYNTHETIC
INC-000766,EP-000766,OBS-000766,SVC-0001,APPLICATION_SERVICE,2024-01-10T01:14:00+00:00,AP-SOUTH,Manufacturing,LOW,request timeout,STEP,CROSS_PLATFORM,TEAM-0001,False,NOT_CHECKED,Request Timeout affecting Application Service 0001,CLOSED,SYNTHETIC
INC-000767,EP-000767,OBS-000767,SVC-0012,APPLICATION_SERVICE,2024-01-10T01:31:00+00:00,AP-SOUTH,Sales,MEDIUM,connection failure,STEP,CROSS_PLATFORM,TEAM-0005,False,NOT_CHECKED,Connection Failure affecting Application Service 0012,CLOSED,SYNTHETIC
INC-000768,EP-000768,OBS-000768,SVC-0001,APPLICATION_SERVICE,2024-01-10T01:48:00+00:00,AP-SOUTH,Manufacturing,MEDIUM,authentication failure,GRADUAL,CROSS_PLATFORM,TEAM-0001,False,UNKNOWN,Authentication Failure affecting Application Service 0001,CLOSED,SYNTHETIC
INC-000769,EP-000769,OBS-000769,SVC-0005,APPLICATION_SERVICE,2024-01-10T02:05:00+00:00,GLOBAL,Sales,LOW,transaction failure,POST_CHANGE_STEP,CROSS_PLATFORM,TEAM-0005,True,NOT_CHECKED,Transaction Failure affecting Application Service 0005,CLOSED,SYNTHETIC
INC-000770,EP-000770,OBS-000770,SVC-0001,APPLICATION_SERVICE,2024-01-10T02:22:00+00:00,AP-SOUTH,Manufacturing,MEDIUM,connection failure,PERIODIC,CROSS_PLATFORM,TEAM-0001,False,UNKNOWN,Connection Failure affecting Application Service 0001,CLOSED,SYNTHETIC
INC-000771,EP-000771,OBS-000771,SVC-0002,APPLICATION_SERVICE,2024-01-10T02:39:00+00:00,LATAM,Security,MEDIUM,authentication failure,PERIODIC,CROSS_PLATFORM,TEAM-0002,False,NOT_CHECKED,Authentication Failure affecting Application Service 0002,CLOSED,SYNTHETIC
INC-000772,EP-000772,OBS-000772,SVC-0002,APPLICATION_SERVICE,2024-01-10T02:56:00+00:00,LATAM,Security,LOW,connection failure,PERIODIC,CROSS_PLATFORM,TEAM-0002,False,NOT_CHECKED,Connection Failure affecting Application Service 0002,CLOSED,SYNTHETIC
INC-000773,EP-000773,OBS-000773,SVC-0002,APPLICATION_SERVICE,2024-01-10T03:13:00+00:00,LATAM,Security,HIGH,connection failure,STEP,CROSS_PLATFORM,TEAM-0002,False,NOT_CHECKED,Connection Failure affecting Application Service 0002,CLOSED,SYNTHETIC
INC-000774,EP-000774,OBS-000774,SVC-0001,APPLICATION_SERVICE,2024-01-10T03:30:00+00:00,AP-SOUTH,Manufacturing,MEDIUM,request timeout,PERIODIC,CROSS_PLATFORM,TEAM-0001,True,NOT_CHECKED,Request Timeout affecting Application Service 0001,CLOSED,SYNTHETIC
INC-000775,EP-000775,OBS-000775,SVC-0002,APPLICATION_SERVICE,2024-01-10T03:47:00+00:00,LATAM,Security,MEDIUM,transaction failure,BURST,CROSS_PLATFORM,TEAM-0002,True,NOT_CHECKED,Transaction Failure affecting Application Service 0002,CLOSED,SYNTHETIC
INC-000776,EP-000776,OBS-000776,SVC-0002,APPLICATION_SERVICE,2024-01-10T04:04:00+00:00,LATAM,Security,MEDIUM,latency increase,POST_CHANGE_STEP,CROSS_PLATFORM,TEAM-0002,True,NOT_CHECKED,Latency Increase affecting Application Service 0002,CLOSED,SYNTHETIC
INC-000777,EP-000777,OBS-000777,SVC-0002,APPLICATION_SERVICE,2024-01-10T04:21:00+00:00,LATAM,Security,MEDIUM,connection failure,POST_CHANGE_STEP,CROSS_PLATFORM,TEAM-0002,False,NOT_CHECKED,Connection Failure affecting Application Service 0002,CLOSED,SYNTHETIC
INC-000778,EP-000778,OBS-000778,SVC-0001,APPLICATION_SERVICE,2024-01-10T04:38:00+00:00,AP-SOUTH,Manufacturing,LOW,request timeout,BURST,CROSS_PLATFORM,TEAM-0001,False,NOT_CHECKED,Request Timeout affecting Application Service 0001,CLOSED,SYNTHETIC
INC-000779,EP-000779,OBS-000779,SVC-0002,APPLICATION_SERVICE,2024-01-10T04:55:00+00:00,LATAM,Security,MEDIUM,latency increase,PERIODIC,CROSS_PLATFORM,TEAM-0002,False,NOT_CHECKED,Latency Increase affecting Application Service 0002,CLOSED,SYNTHETIC
INC-000780,EP-000780,OBS-000780,SVC-0002,APPLICATION_SERVICE,2024-01-10T05:12:00+00:00,LATAM,Security,MEDIUM,transaction failure,STEP,CROSS_PLATFORM,TEAM-0002,True,UNKNOWN,Transaction Failure affecting Application Service 0002,CLOSED,SYNTHETIC
INC-000781,EP-000781,OBS-000781,SVC-0002,APPLICATION_SERVICE,2024-01-10T05:29:00+00:00,LATAM,Security,LOW,queue delay,BURST,CROSS_PLATFORM,TEAM-0002,False,NOT_CHECKED,Queue Delay affecting Application Service 0002,CLOSED,SYNTHETIC
INC-000782,EP-000782,OBS-000782,SVC-0001,APPLICATION_SERVICE,2024-01-10T05:46:00+00:00,AP-SOUTH,Manufacturing,MEDIUM,connection failure,GRADUAL,CROSS_PLATFORM,TEAM-0001,False,NOT_CHECKED,Connection Failure affecting Application Service 0001,CLOSED,SYNTHETIC
INC-000783,EP-000783,OBS-000783,SVC-0002,APPLICATION_SERVICE,2024-01-10T06:03:00+00:00,LATAM,Security,MEDIUM,connection failure,BURST,CROSS_PLATFORM,TEAM-0002,False,NOT_CHECKED,Connection Failure affecting Application Service 0002,CLOSED,SYNTHETIC
INC-000784,EP-000784,OBS-000784,SVC-0002,APPLICATION_SERVICE,2024-01-10T06:20:00+00:00,LATAM,Security,LOW,authentication failure,PERIODIC,CROSS_PLATFORM,TEAM-0002,False,UNKNOWN,Authentication Failure affecting Application Service 0002,CLOSED,SYNTHETIC
INC-000785,EP-000785,OBS-000785,SVC-0002,APPLICATION_SERVICE,2024-01-10T06:37:00+00:00,LATAM,Security,HIGH,transaction failure,GRADUAL,CROSS_PLATFORM,TEAM-0002,True,NOT_CHECKED,Transaction Failure affecting Application Service 0002,CLOSED,SYNTHETIC
INC-000786,EP-000786,OBS-000786,SVC-0001,APPLICATION_SERVICE,2024-01-10T06:54:00+00:00,AP-SOUTH,Manufacturing,LOW,transaction failure,PERIODIC,CROSS_PLATFORM,TEAM-0001,True,NOT_CHECKED,Transaction Failure affecting Application Service 0001,CLOSED,SYNTHETIC
INC-000787,EP-000787,OBS-000787,SVC-0002,APPLICATION_SERVICE,2024-01-10T07:11:00+00:00,LATAM,Security,HIGH,request timeout,GRADUAL,CROSS_PLATFORM,TEAM-0002,False,NOT_CHECKED,Request Timeout affecting Application Service 0002,CLOSED,SYNTHETIC
INC-000788,EP-000788,OBS-000788,SVC-0002,APPLICATION_SERVICE,2024-01-10T07:28:00+00:00,LATAM,Security,LOW,queue delay,POST_CHANGE_STEP,CROSS_PLATFORM,TEAM-0002,False,NOT_CHECKED,Queue Delay affecting Application Service 0002,CLOSED,SYNTHETIC
INC-000789,EP-000789,OBS-000789,SVC-0001,APPLICATION_SERVICE,2024-01-10T07:45:00+00:00,AP-SOUTH,Manufacturing,HIGH,cross-platform access failure,STEP,CROSS_PLATFORM,TEAM-0001,False,UNKNOWN,Cross-platform access failures affecting Application Service 0001,CLOSED,SYNTHETIC
INC-000790,EP-000790,OBS-000790,SVC-0001,APPLICATION_SERVICE,2024-01-10T07:45:00+00:00,AP-SOUTH,Manufacturing,HIGH,cross-platform access failure,STEP,CROSS_PLATFORM,TEAM-0001,False,UNKNOWN,Cross-platform access failures affecting Application Service 0001,CLOSED,SYNTHETIC
INC-000791,EP-000791,OBS-000791,SVC-0001,APPLICATION_SERVICE,2024-01-10T08:19:00+00:00,AP-SOUTH,Manufacturing,HIGH,authentication failure,STEP,CROSS_PLATFORM,TEAM-0001,False,UNKNOWN,Cross-platform access failures affecting Application Service 0001,CLOSED,SYNTHETIC
INC-000792,EP-000792,OBS-000792,SVC-0001,APPLICATION_SERVICE,2024-01-10T08:19:00+00:00,AP-SOUTH,Manufacturing,HIGH,authentication failure,STEP,CROSS_PLATFORM,TEAM-0001,False,UNKNOWN,Cross-platform access failures affecting Application Service 0001,CLOSED,SYNTHETIC
INC-000793,EP-000793,OBS-000793,SVC-0001,APPLICATION_SERVICE,2024-01-10T08:53:00+00:00,AP-SOUTH,Manufacturing,HIGH,cross-platform access failure,STEP,CROSS_PLATFORM,TEAM-0001,False,UNKNOWN,Cross-platform access failures affecting Application Service 0001,CLOSED,SYNTHETIC
INC-000794,EP-000794,OBS-000794,SVC-0001,APPLICATION_SERVICE,2024-01-10T08:53:00+00:00,AP-SOUTH,Manufacturing,HIGH,cross-platform access failure,STEP,CROSS_PLATFORM,TEAM-0001,False,UNKNOWN,Cross-platform access failures affecting Application Service 0001,CLOSED,SYNTHETIC
INC-000795,EP-000795,OBS-000795,SVC-0001,APPLICATION_SERVICE,2024-01-10T09:27:00+00:00,AP-SOUTH,Manufacturing,HIGH,authentication failure,STEP,CROSS_PLATFORM,TEAM-0001,False,UNKNOWN,Cross-platform access failures affecting Application Service 0001,CLOSED,SYNTHETIC
INC-000796,EP-000796,OBS-000796,SVC-0001,APPLICATION_SERVICE,2024-01-10T09:27:00+00:00,AP-SOUTH,Manufacturing,HIGH,authentication failure,STEP,CROSS_PLATFORM,TEAM-0001,False,UNKNOWN,Cross-platform access failures affecting Application Service 0001,CLOSED,SYNTHETIC
INC-000797,EP-000797,OBS-000797,SVC-0001,APPLICATION_SERVICE,2024-01-10T10:01:00+00:00,AP-SOUTH,Manufacturing,HIGH,cross-platform access failure,STEP,CROSS_PLATFORM,TEAM-0001,False,UNKNOWN,Cross-platform access failures affecting Application Service 0001,CLOSED,SYNTHETIC
INC-000798,EP-000798,OBS-000798,SVC-0001,APPLICATION_SERVICE,2024-01-10T10:01:00+00:00,AP-SOUTH,Manufacturing,HIGH,cross-platform access failure,STEP,CROSS_PLATFORM,TEAM-0001,False,UNKNOWN,Cross-platform access failures affecting Application Service 0001,CLOSED,SYNTHETIC
INC-000799,EP-000799,OBS-000799,SVC-0001,APPLICATION_SERVICE,2024-01-10T10:35:00+00:00,AP-SOUTH,Manufacturing,HIGH,authentication failure,STEP,CROSS_PLATFORM,TEAM-0001,False,UNKNOWN,Cross-platform access failures affecting Application Service 0001,CLOSED,SYNTHETIC
INC-000800,EP-000800,OBS-000800,SVC-0001,APPLICATION_SERVICE,2024-01-10T10:35:00+00:00,AP-SOUTH,Manufacturing,HIGH,authentication failure,STEP,CROSS_PLATFORM,TEAM-0001,False,UNKNOWN,Cross-platform access failures affecting Application Service 0001,CLOSED,SYNTHETIC
