outcome_id,incident_id,episode_id,known_error_id,scenario_pattern,entity_id,recommendation,approval_decision,human_modification,action_performed,outcome,recovery_minutes,recurrence_within_24h,prior_confidence,evidence_usefulness_score,recorded_at,data_classification
OUT-000001,INC-000001,EP-000001,KE-0003,CERTIFICATE_EXPIRY,COMP-0005,RESTART_COMPONENT,APPROVED,,RESTART_COMPONENT,NOT_RESOLVED,569,False,,0.384,2024-01-01T09:58:00+00:00,SYNTHETIC
OUT-000002,INC-000002,EP-000002,KE-0004,IDENTITY_DEGRADATION,VENDOR-0004,RESTORE_IDENTITY_DEPENDENCY,APPROVED,,RESTORE_IDENTITY_DEPENDENCY,RESOLVED,98,False,,0.864,2024-01-01T02:24:00+00:00,SYNTHETIC
OUT-000003,INC-000003,EP-000003,KE-0004,IDENTITY_DEGRADATION,VENDOR-0003,RESTORE_IDENTITY_DEPENDENCY,APPROVED,,RESTORE_IDENTITY_DEPENDENCY,NOT_RESOLVED,581,False,,0.482,2024-01-01T10:44:00+00:00,SYNTHETIC
OUT-000004,INC-000004,EP-000004,KE-0005,NETWORK_PATH_DEGRADATION,INFRA-0005,REROUTE_TRAFFIC,APPROVED,,REROUTE_TRAFFIC,RESOLVED,104,False,,0.881,2024-01-01T03:04:00+00:00,SYNTHETIC
OUT-000005,INC-000005,EP-000005,KE-0005,NETWORK_PATH_DEGRADATION,INFRA-0004,REROUTE_TRAFFIC,APPROVED,,REROUTE_TRAFFIC,RESOLVED,80,False,,0.931,2024-01-01T02:57:00+00:00,SYNTHETIC
OUT-000006,INC-000006,EP-000006,KE-0005,NETWORK_PATH_DEGRADATION,INFRA-0003,REROUTE_TRAFFIC,APPROVED,CHANGED_REMEDIATION,REROUTE_TRAFFIC,RESOLVED,90,True,,0.603,2024-01-01T03:24:00+00:00,SYNTHETIC
OUT-000007,INC-000007,EP-000007,KE-0006,EXTERNAL_VENDOR_OUTAGE,VENDOR-0002,RESTART_INTERNAL_SERVICE,APPROVED,,RESTART_INTERNAL_SERVICE,NOT_RESOLVED,504,False,,0.899,2024-01-01T10:35:00+00:00,SYNTHETIC
OUT-000008,INC-000008,EP-000008,KE-0006,EXTERNAL_VENDOR_OUTAGE,VENDOR-0001,WAIT_AND_FAILOVER,APPROVED,,WAIT_AND_FAILOVER,NOT_RESOLVED,114,False,,0.535,2024-01-01T04:22:00+00:00,SYNTHETIC
OUT-000009,INC-000009,EP-000009,KE-0006,EXTERNAL_VENDOR_OUTAGE,VENDOR-0004,WAIT_AND_FAILOVER,REJECTED,,,NOT_EXECUTED,0,False,,0.0,2024-01-01T03:05:00+00:00,SYNTHETIC
OUT-000010,INC-000010,EP-000010,KE-0006,EXTERNAL_VENDOR_OUTAGE,VENDOR-0003,WAIT_AND_FAILOVER,APPROVED,CHANGED_REMEDIATION,WAIT_AND_FAILOVER,NOT_RESOLVED,142,False,,0.939,2024-01-01T05:24:00+00:00,SYNTHETIC
OUT-000011,INC-000011,EP-000011,KE-0007,SOFTWARE_REGRESSION,COMP-0013,RESTART_COMPONENT,APPROVED,,RESTART_COMPONENT,NOT_RESOLVED,294,False,,0.782,2024-01-01T08:13:00+00:00,SYNTHETIC
OUT-000012,INC-000012,EP-000012,KE-0007,SOFTWARE_REGRESSION,COMP-0020,RESTART_COMPONENT,APPROVED,,RESTART_COMPONENT,NOT_RESOLVED,462,False,,0.475,2024-01-01T11:18:00+00:00,SYNTHETIC
OUT-000013,INC-000013,EP-000013,KE-0007,SOFTWARE_REGRESSION,COMP-0027,ROLLBACK_RELEASE,APPROVED,CHANGED_REMEDIATION,ROLLBACK_RELEASE,RESOLVED,103,False,,0.583,2024-01-01T05:36:00+00:00,SYNTHETIC
OUT-000014,INC-000014,EP-000014,KE-0007,SOFTWARE_REGRESSION,COMP-0004,ROLLBACK_RELEASE,APPROVED,,ROLLBACK_RELEASE,RESOLVED,126,False,,0.502,2024-01-01T06:16:00+00:00,SYNTHETIC
OUT-000015,INC-000015,EP-000015,KE-0007,SOFTWARE_REGRESSION,COMP-0011,ROLLBACK_RELEASE,APPROVED,,ROLLBACK_RELEASE,RESOLVED,113,False,,0.831,2024-01-01T06:20:00+00:00,SYNTHETIC
OUT-000016,INC-000016,EP-000016,KE-0008,DATA_STORE_CONTENTION,DATA-0010,TERMINATE_BLOCKING_WORKLOAD,APPROVED,CHANGED_REMEDIATION,TERMINATE_BLOCKING_WORKLOAD,RESOLVED,142,False,,0.782,2024-01-01T07:06:00+00:00,SYNTHETIC
OUT-000017,INC-000017,EP-000017,KE-0008,DATA_STORE_CONTENTION,DATA-0007,TERMINATE_BLOCKING_WORKLOAD,APPROVED,,TERMINATE_BLOCKING_WORKLOAD,RESOLVED,43,False,,0.421,2024-01-01T05:44:00+00:00,SYNTHETIC
OUT-000018,INC-000018,EP-000018,KE-0008,DATA_STORE_CONTENTION,DATA-0004,TERMINATE_BLOCKING_WORKLOAD,APPROVED,,TERMINATE_BLOCKING_WORKLOAD,RESOLVED,51,False,,0.932,2024-01-01T06:09:00+00:00,SYNTHETIC
OUT-000019,INC-000019,EP-000019,KE-0008,DATA_STORE_CONTENTION,DATA-0001,TERMINATE_BLOCKING_WORKLOAD,APPROVED,,TERMINATE_BLOCKING_WORKLOAD,RESOLVED,117,True,,0.468,2024-01-01T07:32:00+00:00,SYNTHETIC
OUT-000020,INC-000020,EP-000020,KE-0008,DATA_STORE_CONTENTION,DATA-0008,RESTART_DATABASE,APPROVED,,RESTART_DATABASE,NOT_RESOLVED,139,False,,0.787,2024-01-01T08:11:00+00:00,SYNTHETIC
OUT-000021,INC-000021,EP-000021,KE-0008,DATA_STORE_CONTENTION,DATA-0005,TERMINATE_BLOCKING_WORKLOAD,APPROVED,,TERMINATE_BLOCKING_WORKLOAD,NOT_RESOLVED,566,False,,0.861,2024-01-01T15:35:00+00:00,SYNTHETIC
OUT-000022,INC-000022,EP-000022,KE-0008,DATA_STORE_CONTENTION,DATA-0002,RESTART_DATABASE,APPROVED,,RESTART_DATABASE,NOT_RESOLVED,143,False,,0.463,2024-01-01T08:49:00+00:00,SYNTHETIC
OUT-000023,INC-000023,EP-000023,KE-0008,DATA_STORE_CONTENTION,DATA-0009,TERMINATE_BLOCKING_WORKLOAD,APPROVED,,TERMINATE_BLOCKING_WORKLOAD,RESOLVED,41,False,,0.683,2024-01-01T07:24:00+00:00,SYNTHETIC
OUT-000024,INC-000024,EP-000024,KE-0009,QUEUE_BACKLOG,DATA-0007,SCALE_CONSUMERS,APPROVED,,SCALE_CONSUMERS,RESOLVED,138,False,,0.504,2024-01-01T09:18:00+00:00,SYNTHETIC
OUT-000025,INC-000025,EP-000025,KE-0009,QUEUE_BACKLOG,DATA-0004,SCALE_CONSUMERS,APPROVED,,SCALE_CONSUMERS,RESOLVED,94,True,,0.562,2024-01-01T08:51:00+00:00,SYNTHETIC
OUT-000026,INC-000026,EP-000026,KE-0009,QUEUE_BACKLOG,DATA-0001,SCALE_CONSUMERS,REJECTED,,,NOT_EXECUTED,0,False,,0.0,2024-01-01T07:54:00+00:00,SYNTHETIC
OUT-000027,INC-000027,EP-000027,KE-0009,QUEUE_BACKLOG,DATA-0008,SCALE_CONSUMERS,APPROVED,,SCALE_CONSUMERS,RESOLVED,41,False,,0.843,2024-01-01T08:32:00+00:00,SYNTHETIC
OUT-000028,INC-000028,EP-000028,KE-0009,QUEUE_BACKLOG,DATA-0005,SCALE_CONSUMERS,APPROVED,,SCALE_CONSUMERS,RESOLVED,51,False,,0.617,2024-01-01T08:59:00+00:00,SYNTHETIC
OUT-000029,INC-000029,EP-000029,KE-0009,QUEUE_BACKLOG,DATA-0002,SCALE_CONSUMERS,APPROVED,,SCALE_CONSUMERS,RESOLVED,118,False,,0.561,2024-01-01T10:23:00+00:00,SYNTHETIC
OUT-000030,INC-000030,EP-000030,KE-0009,QUEUE_BACKLOG,DATA-0009,SCALE_CONSUMERS,APPROVED,CHANGED_REMEDIATION,SCALE_CONSUMERS,RESOLVED,75,False,,0.377,2024-01-01T09:57:00+00:00,SYNTHETIC
OUT-000031,INC-000031,EP-000031,KE-0009,QUEUE_BACKLOG,DATA-0006,SCALE_CONSUMERS,APPROVED,,SCALE_CONSUMERS,RESOLVED,175,True,,0.732,2024-01-01T11:54:00+00:00,SYNTHETIC
OUT-000032,INC-000032,EP-000032,KE-0009,QUEUE_BACKLOG,DATA-0003,SCALE_CONSUMERS,APPROVED,,SCALE_CONSUMERS,RESOLVED,61,False,,0.563,2024-01-01T10:17:00+00:00,SYNTHETIC
OUT-000033,INC-000033,EP-000033,KE-0009,QUEUE_BACKLOG,DATA-0010,SCALE_CONSUMERS,APPROVED,CHANGED_REMEDIATION,SCALE_CONSUMERS,RESOLVED,14,False,,0.642,2024-01-01T09:53:00+00:00,SYNTHETIC
OUT-000034,INC-000034,EP-000034,KE-0009,QUEUE_BACKLOG,DATA-0007,SCALE_CONSUMERS,APPROVED,,SCALE_CONSUMERS,RESOLVED,182,False,,0.366,2024-01-01T12:52:00+00:00,SYNTHETIC
OUT-000035,INC-000035,EP-000035,KE-0010,SECURE_GATEWAY_POLICY,POL-0002,ROLLBACK_GATEWAY_POLICY,APPROVED,,ROLLBACK_GATEWAY_POLICY,RESOLVED,36,False,,0.582,2024-01-01T10:43:00+00:00,SYNTHETIC
OUT-000036,INC-000036,EP-000036,KE-0010,SECURE_GATEWAY_POLICY,POL-0001,ROLLBACK_GATEWAY_POLICY,APPROVED,,ROLLBACK_GATEWAY_POLICY,RESOLVED,98,False,,0.497,2024-01-01T12:02:00+00:00,SYNTHETIC
OUT-000037,INC-000037,EP-000037,KE-0010,SECURE_GATEWAY_POLICY,POL-0004,ROLLBACK_GATEWAY_POLICY,REJECTED,,,NOT_EXECUTED,0,False,,0.0,2024-01-01T11:01:00+00:00,SYNTHETIC
OUT-000038,INC-000038,EP-000038,KE-0010,SECURE_GATEWAY_POLICY,POL-0003,ROLLBACK_GATEWAY_POLICY,APPROVED,CHANGED_REMEDIATION,ROLLBACK_GATEWAY_POLICY,RESOLVED,121,False,,0.506,2024-01-01T12:59:00+00:00,SYNTHETIC
OUT-000039,INC-000039,EP-000039,KE-0010,SECURE_GATEWAY_POLICY,POL-0002,RESTART_GATEWAY,APPROVED,,RESTART_GATEWAY,NOT_RESOLVED,413,False,,0.357,2024-01-01T18:08:00+00:00,SYNTHETIC
OUT-000040,INC-000040,EP-000040,KE-0010,SECURE_GATEWAY_POLICY,POL-0001,ROLLBACK_GATEWAY_POLICY,APPROVED,,ROLLBACK_GATEWAY_POLICY,RESOLVED,14,False,,0.446,2024-01-01T11:52:00+00:00,SYNTHETIC
OUT-000041,INC-000041,EP-000041,KE-0010,SECURE_GATEWAY_POLICY,POL-0004,ROLLBACK_GATEWAY_POLICY,APPROVED,CHANGED_REMEDIATION,ROLLBACK_GATEWAY_POLICY,RESOLVED,89,False,,0.641,2024-01-01T13:18:00+00:00,SYNTHETIC
OUT-000042,INC-000042,EP-000042,KE-0010,SECURE_GATEWAY_POLICY,POL-0003,ROLLBACK_GATEWAY_POLICY,APPROVED,,ROLLBACK_GATEWAY_POLICY,RESOLVED,181,False,,0.727,2024-01-01T15:07:00+00:00,SYNTHETIC
OUT-000043,INC-000043,EP-000043,KE-0010,SECURE_GATEWAY_POLICY,POL-0002,ROLLBACK_GATEWAY_POLICY,APPROVED,,ROLLBACK_GATEWAY_POLICY,RESOLVED,16,False,,0.525,2024-01-01T12:43:00+00:00,SYNTHETIC
OUT-000044,INC-000044,EP-000044,KE-0010,SECURE_GATEWAY_POLICY,POL-0001,ROLLBACK_GATEWAY_POLICY,APPROVED,,ROLLBACK_GATEWAY_POLICY,RESOLVED,91,False,,0.655,2024-01-01T14:11:00+00:00,SYNTHETIC
OUT-000045,INC-000045,EP-000045,KE-0010,SECURE_GATEWAY_POLICY,POL-0004,RESTART_GATEWAY,APPROVED,,RESTART_GATEWAY,NOT_RESOLVED,537,False,,0.822,2024-01-01T21:54:00+00:00,SYNTHETIC
OUT-000046,INC-000046,EP-000046,KE-0010,SECURE_GATEWAY_POLICY,POL-0003,ROLLBACK_GATEWAY_POLICY,APPROVED,,ROLLBACK_GATEWAY_POLICY,RESOLVED,180,False,,0.427,2024-01-01T16:14:00+00:00,SYNTHETIC
OUT-000047,INC-000047,EP-000047,KE-0010,SECURE_GATEWAY_POLICY,POL-0002,RESTART_GATEWAY,APPROVED,,RESTART_GATEWAY,NOT_RESOLVED,462,False,,0.626,2024-01-01T21:13:00+00:00,SYNTHETIC
OUT-000048,INC-000048,EP-000048,KE-0010,SECURE_GATEWAY_POLICY,POL-0001,ROLLBACK_GATEWAY_POLICY,APPROVED,,ROLLBACK_GATEWAY_POLICY,RESOLVED,91,False,,0.53,2024-01-01T15:19:00+00:00,SYNTHETIC
OUT-000049,INC-000049,EP-000049,KE-0011,CONFIGURATION_DRIFT,POL-0003,RESTART_COMPONENT,APPROVED,,RESTART_COMPONENT,NOT_RESOLVED,256,False,,0.791,2024-01-01T18:21:00+00:00,SYNTHETIC
OUT-000050,INC-000050,EP-000050,KE-0011,CONFIGURATION_DRIFT,POL-0002,RESTORE_GOVERNED_CONFIGURATION,APPROVED,,RESTORE_GOVERNED_CONFIGURATION,NOT_RESOLVED,106,False,,0.357,2024-01-01T16:08:00+00:00,SYNTHETIC
OUT-000051,INC-000051,EP-000051,KE-0011,CONFIGURATION_DRIFT,POL-0001,RESTORE_GOVERNED_CONFIGURATION,APPROVED,,RESTORE_GOVERNED_CONFIGURATION,RESOLVED,63,False,,0.396,2024-01-01T15:42:00+00:00,SYNTHETIC
OUT-000052,INC-000052,EP-000052,KE-0011,CONFIGURATION_DRIFT,POL-0004,RESTORE_GOVERNED_CONFIGURATION,APPROVED,,RESTORE_GOVERNED_CONFIGURATION,RESOLVED,151,False,,0.358,2024-01-01T17:27:00+00:00,SYNTHETIC
OUT-000053,INC-000053,EP-000053,KE-0011,CONFIGURATION_DRIFT,POL-0003,RESTORE_GOVERNED_CONFIGURATION,APPROVED,,RESTORE_GOVERNED_CONFIGURATION,RESOLVED,118,False,,0.724,2024-01-01T17:11:00+00:00,SYNTHETIC
OUT-000054,INC-000054,EP-000054,KE-0011,CONFIGURATION_DRIFT,POL-0002,RESTORE_GOVERNED_CONFIGURATION,APPROVED,,RESTORE_GOVERNED_CONFIGURATION,RESOLVED,105,False,,0.759,2024-01-01T17:15:00+00:00,SYNTHETIC
OUT-000055,INC-000055,EP-000055,KE-0011,CONFIGURATION_DRIFT,POL-0001,RESTORE_GOVERNED_CONFIGURATION,APPROVED,,RESTORE_GOVERNED_CONFIGURATION,RESOLVED,108,False,,0.497,2024-01-01T17:35:00+00:00,SYNTHETIC
OUT-000056,INC-000056,EP-000056,KE-0011,CONFIGURATION_DRIFT,POL-0004,RESTORE_GOVERNED_CONFIGURATION,APPROVED,,RESTORE_GOVERNED_CONFIGURATION,RESOLVED,152,False,,0.605,2024-01-01T18:36:00+00:00,SYNTHETIC
OUT-000057,INC-000057,EP-000057,KE-0011,CONFIGURATION_DRIFT,POL-0003,RESTORE_GOVERNED_CONFIGURATION,APPROVED,CHANGED_REMEDIATION,RESTORE_GOVERNED_CONFIGURATION,RESOLVED,43,False,,0.433,2024-01-01T17:04:00+00:00,SYNTHETIC
OUT-000058,INC-000058,EP-000058,KE-0011,CONFIGURATION_DRIFT,POL-0002,RESTORE_GOVERNED_CONFIGURATION,APPROVED,CHANGED_REMEDIATION,RESTORE_GOVERNED_CONFIGURATION,RESOLVED,139,True,,0.938,2024-01-01T18:57:00+00:00,SYNTHETIC
OUT-000059,INC-000059,EP-000059,KE-0011,CONFIGURATION_DRIFT,POL-0001,RESTORE_GOVERNED_CONFIGURATION,APPROVED,,RESTORE_GOVERNED_CONFIGURATION,RESOLVED,105,False,,0.921,2024-01-01T18:40:00+00:00,SYNTHETIC
OUT-000060,INC-000060,EP-000060,KE-0011,CONFIGURATION_DRIFT,POL-0004,RESTART_COMPONENT,APPROVED,,RESTART_COMPONENT,NOT_RESOLVED,386,False,,0.734,2024-01-01T23:38:00+00:00,SYNTHETIC
OUT-000061,INC-000061,EP-000061,KE-0011,CONFIGURATION_DRIFT,POL-0003,RESTORE_GOVERNED_CONFIGURATION,APPROVED,,RESTORE_GOVERNED_CONFIGURATION,RESOLVED,100,False,,0.499,2024-01-01T19:09:00+00:00,SYNTHETIC
OUT-000062,INC-000062,EP-000062,KE-0011,CONFIGURATION_DRIFT,POL-0002,RESTORE_GOVERNED_CONFIGURATION,APPROVED,,RESTORE_GOVERNED_CONFIGURATION,RESOLVED,117,False,,0.496,2024-01-01T19:43:00+00:00,SYNTHETIC
OUT-000063,INC-000063,EP-000063,KE-0011,CONFIGURATION_DRIFT,POL-0001,RESTORE_GOVERNED_CONFIGURATION,APPROVED,,RESTORE_GOVERNED_CONFIGURATION,RESOLVED,39,False,,0.818,2024-01-01T18:42:00+00:00,SYNTHETIC
OUT-000064,INC-000064,EP-000064,KE-0012,CAPACITY_EXHAUSTION,DATA-0008,SCALE_CAPACITY,APPROVED,,SCALE_CAPACITY,RESOLVED,133,False,,0.789,2024-01-01T20:33:00+00:00,SYNTHETIC
OUT-000065,INC-000065,EP-000065,KE-0012,CAPACITY_EXHAUSTION,DATA-0005,SCALE_CAPACITY,APPROVED,,SCALE_CAPACITY,RESOLVED,185,False,,0.663,2024-01-01T21:42:00+00:00,SYNTHETIC
OUT-000066,INC-000066,EP-000066,KE-0012,CAPACITY_EXHAUSTION,DATA-0002,RESTART_COMPONENT,APPROVED,,RESTART_COMPONENT,NOT_RESOLVED,586,False,,0.832,2024-01-02T04:40:00+00:00,SYNTHETIC
OUT-000067,INC-000067,EP-000067,KE-0012,CAPACITY_EXHAUSTION,DATA-0009,SCALE_CAPACITY,APPROVED,CHANGED_REMEDIATION,SCALE_CAPACITY,RESOLVED,149,False,,0.639,2024-01-01T21:40:00+00:00,SYNTHETIC
OUT-000068,INC-000068,EP-000068,KE-0012,CAPACITY_EXHAUSTION,DATA-0006,SCALE_CAPACITY,APPROVED,,SCALE_CAPACITY,RESOLVED,55,False,,0.856,2024-01-01T20:23:00+00:00,SYNTHETIC
OUT-000069,INC-000069,EP-000069,KE-0012,CAPACITY_EXHAUSTION,DATA-0003,SCALE_CAPACITY,APPROVED,,SCALE_CAPACITY,RESOLVED,102,False,,0.731,2024-01-01T21:27:00+00:00,SYNTHETIC
OUT-000070,INC-000070,EP-000070,KE-0012,CAPACITY_EXHAUSTION,DATA-0010,SCALE_CAPACITY,APPROVED,,SCALE_CAPACITY,RESOLVED,56,False,,0.404,2024-01-01T20:58:00+00:00,SYNTHETIC
OUT-000071,INC-000071,EP-000071,KE-0012,CAPACITY_EXHAUSTION,DATA-0007,SCALE_CAPACITY,APPROVED,CHANGED_REMEDIATION,SCALE_CAPACITY,RESOLVED,34,False,,0.524,2024-01-01T20:53:00+00:00,SYNTHETIC
OUT-000072,INC-000072,EP-000072,KE-0012,CAPACITY_EXHAUSTION,DATA-0004,RESTART_COMPONENT,APPROVED,,RESTART_COMPONENT,NOT_RESOLVED,236,False,,0.947,2024-01-02T00:32:00+00:00,SYNTHETIC
OUT-000073,INC-000073,EP-000073,KE-0012,CAPACITY_EXHAUSTION,DATA-0001,SCALE_CAPACITY,APPROVED,,SCALE_CAPACITY,RESOLVED,67,False,,0.707,2024-01-01T22:00:00+00:00,SYNTHETIC
OUT-000074,INC-000074,EP-000074,KE-0012,CAPACITY_EXHAUSTION,DATA-0008,SCALE_CAPACITY,APPROVED,CHANGED_REMEDIATION,SCALE_CAPACITY,RESOLVED,107,False,,0.629,2024-01-01T22:57:00+00:00,SYNTHETIC
OUT-000075,INC-000075,EP-000075,KE-0012,CAPACITY_EXHAUSTION,DATA-0005,SCALE_CAPACITY,APPROVED,,SCALE_CAPACITY,RESOLVED,57,False,,0.764,2024-01-01T22:24:00+00:00,SYNTHETIC
OUT-000076,INC-000076,EP-000076,KE-0012,CAPACITY_EXHAUSTION,DATA-0002,RESTART_COMPONENT,APPROVED,,RESTART_COMPONENT,NOT_RESOLVED,270,False,,0.667,2024-01-02T02:14:00+00:00,SYNTHETIC
OUT-000077,INC-000077,EP-000077,KE-0012,CAPACITY_EXHAUSTION,DATA-0009,SCALE_CAPACITY,APPROVED,,SCALE_CAPACITY,RESOLVED,109,False,,0.936,2024-01-01T23:50:00+00:00,SYNTHETIC
OUT-000078,INC-000078,EP-000078,KE-0012,CAPACITY_EXHAUSTION,DATA-0006,SCALE_CAPACITY,APPROVED,CHANGED_REMEDIATION,SCALE_CAPACITY,RESOLVED,154,False,,0.685,2024-01-02T00:52:00+00:00,SYNTHETIC
OUT-000079,INC-000079,EP-000079,KE-0012,CAPACITY_EXHAUSTION,DATA-0003,SCALE_CAPACITY,APPROVED,CHANGED_REMEDIATION,SCALE_CAPACITY,RESOLVED,82,False,,0.644,2024-01-01T23:57:00+00:00,SYNTHETIC
OUT-000080,INC-000080,EP-000080,KE-0012,CAPACITY_EXHAUSTION,DATA-0010,SCALE_CAPACITY,APPROVED,,SCALE_CAPACITY,RESOLVED,8,False,,0.528,2024-01-01T23:12:00+00:00,SYNTHETIC
OUT-000081,INC-000081,EP-000081,KE-0012,CAPACITY_EXHAUSTION,DATA-0007,SCALE_CAPACITY,APPROVED,,SCALE_CAPACITY,RESOLVED,79,True,,0.437,2024-01-02T00:28:00+00:00,SYNTHETIC
OUT-000082,INC-000082,EP-000082,KE-0012,CAPACITY_EXHAUSTION,DATA-0004,SCALE_CAPACITY,REJECTED,,,NOT_EXECUTED,0,False,,0.0,2024-01-01T23:46:00+00:00,SYNTHETIC
OUT-000083,INC-000083,EP-000083,KE-0012,CAPACITY_EXHAUSTION,DATA-0001,SCALE_CAPACITY,APPROVED,CHANGED_REMEDIATION,SCALE_CAPACITY,RESOLVED,24,False,,0.535,2024-01-02T00:07:00+00:00,SYNTHETIC
OUT-000084,INC-000084,EP-000084,KE-0012,CAPACITY_EXHAUSTION,DATA-0008,SCALE_CAPACITY,APPROVED,,SCALE_CAPACITY,RESOLVED,60,False,,0.365,2024-01-02T01:00:00+00:00,SYNTHETIC
OUT-000085,INC-000085,EP-000085,KE-0012,CAPACITY_EXHAUSTION,DATA-0005,SCALE_CAPACITY,APPROVED,,SCALE_CAPACITY,RESOLVED,66,False,,0.575,2024-01-02T01:23:00+00:00,SYNTHETIC
OUT-000086,INC-000086,EP-000086,KE-0012,CAPACITY_EXHAUSTION,DATA-0002,RESTART_COMPONENT,APPROVED,,RESTART_COMPONENT,NOT_RESOLVED,371,False,,0.515,2024-01-02T06:45:00+00:00,SYNTHETIC
OUT-000087,INC-000087,EP-000087,KE-0012,CAPACITY_EXHAUSTION,DATA-0009,SCALE_CAPACITY,APPROVED,,SCALE_CAPACITY,NOT_RESOLVED,348,False,,0.64,2024-01-02T06:39:00+00:00,SYNTHETIC
OUT-000088,INC-000088,EP-000088,KE-0012,CAPACITY_EXHAUSTION,DATA-0006,SCALE_CAPACITY,APPROVED,,SCALE_CAPACITY,RESOLVED,39,False,,0.562,2024-01-02T01:47:00+00:00,SYNTHETIC
OUT-000089,INC-000089,EP-000089,KE-0012,CAPACITY_EXHAUSTION,DATA-0003,SCALE_CAPACITY,APPROVED,CHANGED_REMEDIATION,SCALE_CAPACITY,RESOLVED,75,False,,0.757,2024-01-02T02:40:00+00:00,SYNTHETIC
OUT-000090,INC-000090,EP-000090,KE-0012,CAPACITY_EXHAUSTION,DATA-0010,RESTART_COMPONENT,APPROVED,,RESTART_COMPONENT,NOT_RESOLVED,547,False,,0.611,2024-01-02T10:49:00+00:00,SYNTHETIC
OUT-000091,INC-000091,EP-000091,KE-0012,CAPACITY_EXHAUSTION,DATA-0007,SCALE_CAPACITY,APPROVED,,SCALE_CAPACITY,RESOLVED,80,False,,0.596,2024-01-02T03:19:00+00:00,SYNTHETIC
OUT-000092,INC-000092,EP-000092,KE-0013,CERTIFICATE_EXPIRY,POL-0001,ROTATE_CERTIFICATE,APPROVED,,ROTATE_CERTIFICATE,RESOLVED,85,False,,0.931,2024-01-02T03:41:00+00:00,SYNTHETIC
OUT-000093,INC-000093,EP-000093,KE-0013,CERTIFICATE_EXPIRY,POL-0004,ROTATE_CERTIFICATE,APPROVED,CHANGED_REMEDIATION,ROTATE_CERTIFICATE,RESOLVED,165,False,,0.84,2024-01-02T05:18:00+00:00,SYNTHETIC
OUT-000094,INC-000094,EP-000094,KE-0013,CERTIFICATE_EXPIRY,POL-0003,ROTATE_CERTIFICATE,APPROVED,,ROTATE_CERTIFICATE,RESOLVED,168,False,,0.526,2024-01-02T05:38:00+00:00,SYNTHETIC
OUT-000095,INC-000095,EP-000095,KE-0013,CERTIFICATE_EXPIRY,POL-0002,ROTATE_CERTIFICATE,APPROVED,CHANGED_REMEDIATION,ROTATE_CERTIFICATE,RESOLVED,85,False,,0.476,2024-01-02T04:32:00+00:00,SYNTHETIC
OUT-000096,INC-000096,EP-000096,KE-0013,CERTIFICATE_EXPIRY,POL-0001,ROTATE_CERTIFICATE,APPROVED,,ROTATE_CERTIFICATE,RESOLVED,45,False,,0.359,2024-01-02T04:09:00+00:00,SYNTHETIC
OUT-000097,INC-000097,EP-000097,KE-0013,CERTIFICATE_EXPIRY,POL-0004,ROTATE_CERTIFICATE,APPROVED,,ROTATE_CERTIFICATE,RESOLVED,18,False,,0.945,2024-01-02T04:01:00+00:00,SYNTHETIC
OUT-000098,INC-000098,EP-000098,KE-0013,CERTIFICATE_EXPIRY,POL-0003,ROTATE_CERTIFICATE,APPROVED,,ROTATE_CERTIFICATE,RESOLVED,29,True,,0.743,2024-01-02T04:27:00+00:00,SYNTHETIC
OUT-000099,INC-000099,EP-000099,KE-0013,CERTIFICATE_EXPIRY,POL-0002,ROTATE_CERTIFICATE,APPROVED,,ROTATE_CERTIFICATE,RESOLVED,15,False,,0.674,2024-01-02T04:35:00+00:00,SYNTHETIC
OUT-000100,INC-000100,EP-000100,KE-0013,CERTIFICATE_EXPIRY,POL-0001,ROTATE_CERTIFICATE,APPROVED,,ROTATE_CERTIFICATE,RESOLVED,84,False,,0.495,2024-01-02T05:56:00+00:00,SYNTHETIC
OUT-000101,INC-000101,EP-000101,KE-0013,CERTIFICATE_EXPIRY,POL-0004,ROTATE_CERTIFICATE,APPROVED,,ROTATE_CERTIFICATE,RESOLVED,115,False,,0.719,2024-01-02T06:44:00+00:00,SYNTHETIC
OUT-000102,INC-000102,EP-000102,KE-0013,CERTIFICATE_EXPIRY,POL-0003,ROTATE_CERTIFICATE,APPROVED,,ROTATE_CERTIFICATE,RESOLVED,170,False,,0.782,2024-01-02T07:56:00+00:00,SYNTHETIC
OUT-000103,INC-000103,EP-000103,KE-0013,CERTIFICATE_EXPIRY,POL-0002,RESTART_COMPONENT,APPROVED,,RESTART_COMPONENT,RESOLVED,120,False,,0.812,2024-01-02T07:23:00+00:00,SYNTHETIC
OUT-000104,INC-000104,EP-000104,KE-0013,CERTIFICATE_EXPIRY,POL-0001,ROTATE_CERTIFICATE,APPROVED,CHANGED_REMEDIATION,ROTATE_CERTIFICATE,RESOLVED,170,False,,0.843,2024-01-02T08:30:00+00:00,SYNTHETIC
OUT-000105,INC-000105,EP-000105,KE-0013,CERTIFICATE_EXPIRY,POL-0004,ROTATE_CERTIFICATE,APPROVED,,ROTATE_CERTIFICATE,NOT_RESOLVED,571,False,,0.896,2024-01-02T15:28:00+00:00,SYNTHETIC
OUT-000106,INC-000106,EP-000106,KE-0013,CERTIFICATE_EXPIRY,POL-0003,ROTATE_CERTIFICATE,APPROVED,CHANGED_REMEDIATION,ROTATE_CERTIFICATE,RESOLVED,117,False,,0.548,2024-01-02T08:11:00+00:00,SYNTHETIC
OUT-000107,INC-000107,EP-000107,KE-0013,CERTIFICATE_EXPIRY,POL-0002,RESTART_COMPONENT,APPROVED,,RESTART_COMPONENT,NOT_RESOLVED,192,False,,0.649,2024-01-02T09:43:00+00:00,SYNTHETIC
OUT-000108,INC-000108,EP-000108,KE-0013,CERTIFICATE_EXPIRY,POL-0001,ROTATE_CERTIFICATE,APPROVED,CHANGED_REMEDIATION,ROTATE_CERTIFICATE,RESOLVED,66,False,,0.493,2024-01-02T07:54:00+00:00,SYNTHETIC
OUT-000109,INC-000109,EP-000109,KE-0013,CERTIFICATE_EXPIRY,POL-0004,ROTATE_CERTIFICATE,APPROVED,,ROTATE_CERTIFICATE,RESOLVED,126,False,,0.781,2024-01-02T09:11:00+00:00,SYNTHETIC
OUT-000110,INC-000110,EP-000110,KE-0013,CERTIFICATE_EXPIRY,POL-0003,ROTATE_CERTIFICATE,APPROVED,,ROTATE_CERTIFICATE,RESOLVED,173,False,,0.644,2024-01-02T10:15:00+00:00,SYNTHETIC
OUT-000111,INC-000111,EP-000111,KE-0013,CERTIFICATE_EXPIRY,POL-0002,ROTATE_CERTIFICATE,APPROVED,CHANGED_REMEDIATION,ROTATE_CERTIFICATE,NOT_RESOLVED,390,False,,0.509,2024-01-02T14:09:00+00:00,SYNTHETIC
OUT-000112,INC-000112,EP-000112,KE-0013,CERTIFICATE_EXPIRY,POL-0001,ROTATE_CERTIFICATE,APPROVED,CHANGED_REMEDIATION,ROTATE_CERTIFICATE,RESOLVED,113,False,,0.653,2024-01-02T09:49:00+00:00,SYNTHETIC
OUT-000113,INC-000113,EP-000113,KE-0013,CERTIFICATE_EXPIRY,POL-0004,ROTATE_CERTIFICATE,REJECTED,,,NOT_EXECUTED,0,False,,0.0,2024-01-02T08:33:00+00:00,SYNTHETIC
OUT-000114,INC-000114,EP-000114,KE-0013,CERTIFICATE_EXPIRY,POL-0003,ROTATE_CERTIFICATE,APPROVED,,ROTATE_CERTIFICATE,RESOLVED,74,False,,0.43,2024-01-02T09:44:00+00:00,SYNTHETIC
OUT-000115,INC-000115,EP-000115,KE-0013,CERTIFICATE_EXPIRY,POL-0002,ROTATE_CERTIFICATE,APPROVED,,ROTATE_CERTIFICATE,RESOLVED,54,False,,0.504,2024-01-02T09:41:00+00:00,SYNTHETIC
OUT-000116,INC-000116,EP-000116,KE-0013,CERTIFICATE_EXPIRY,POL-0001,RESTART_COMPONENT,REJECTED,,,NOT_EXECUTED,0,False,,0.0,2024-01-02T09:24:00+00:00,SYNTHETIC
OUT-000117,INC-000117,EP-000117,KE-0013,CERTIFICATE_EXPIRY,POL-0004,ROTATE_CERTIFICATE,APPROVED,CHANGED_REMEDIATION,ROTATE_CERTIFICATE,RESOLVED,152,False,,0.557,2024-01-02T11:53:00+00:00,SYNTHETIC
OUT-000118,INC-000118,EP-000118,KE-0013,CERTIFICATE_EXPIRY,POL-0003,ROTATE_CERTIFICATE,APPROVED,,ROTATE_CERTIFICATE,RESOLVED,149,False,,0.902,2024-01-02T12:07:00+00:00,SYNTHETIC
OUT-000119,INC-000119,EP-000119,KE-0013,CERTIFICATE_EXPIRY,POL-0002,ROTATE_CERTIFICATE,APPROVED,CHANGED_REMEDIATION,ROTATE_CERTIFICATE,RESOLVED,145,False,,0.369,2024-01-02T12:20:00+00:00,SYNTHETIC
OUT-000120,INC-000120,EP-000120,KE-0013,CERTIFICATE_EXPIRY,POL-0001,ROTATE_CERTIFICATE,APPROVED,CHANGED_REMEDIATION,ROTATE_CERTIFICATE,RESOLVED,87,False,,0.821,2024-01-02T11:39:00+00:00,SYNTHETIC
OUT-000121,INC-000121,EP-000121,KE-0013,CERTIFICATE_EXPIRY,POL-0004,ROTATE_CERTIFICATE,APPROVED,,ROTATE_CERTIFICATE,RESOLVED,49,False,,0.708,2024-01-02T11:18:00+00:00,SYNTHETIC
OUT-000122,INC-000122,EP-000122,KE-0013,CERTIFICATE_EXPIRY,POL-0003,ROTATE_CERTIFICATE,APPROVED,,ROTATE_CERTIFICATE,RESOLVED,59,False,,0.757,2024-01-02T11:45:00+00:00,SYNTHETIC
OUT-000123,INC-000123,EP-000123,KE-0013,CERTIFICATE_EXPIRY,POL-0002,ROTATE_CERTIFICATE,APPROVED,,ROTATE_CERTIFICATE,RESOLVED,10,False,,0.382,2024-01-02T11:23:00+00:00,SYNTHETIC
OUT-000124,INC-000124,EP-000124,KE-0013,CERTIFICATE_EXPIRY,POL-0001,ROTATE_CERTIFICATE,APPROVED,CHANGED_REMEDIATION,ROTATE_CERTIFICATE,RESOLVED,147,False,,0.441,2024-01-02T13:47:00+00:00,SYNTHETIC
OUT-000125,INC-000125,EP-000125,KE-0013,CERTIFICATE_EXPIRY,POL-0004,ROTATE_CERTIFICATE,REJECTED,,,NOT_EXECUTED,0,False,,0.0,2024-01-02T11:57:00+00:00,SYNTHETIC
OUT-000126,INC-000126,EP-000126,KE-0013,CERTIFICATE_EXPIRY,POL-0003,ROTATE_CERTIFICATE,APPROVED,,ROTATE_CERTIFICATE,RESOLVED,45,False,,0.441,2024-01-02T12:39:00+00:00,SYNTHETIC
OUT-000127,INC-000127,EP-000127,KE-0013,CERTIFICATE_EXPIRY,POL-0002,ROTATE_CERTIFICATE,APPROVED,CHANGED_REMEDIATION,ROTATE_CERTIFICATE,NOT_RESOLVED,484,False,,0.699,2024-01-02T20:15:00+00:00,SYNTHETIC
OUT-000128,INC-000128,EP-000128,KE-0013,CERTIFICATE_EXPIRY,POL-0001,ROTATE_CERTIFICATE,APPROVED,,ROTATE_CERTIFICATE,RESOLVED,185,False,,0.465,2024-01-02T15:33:00+00:00,SYNTHETIC
OUT-000129,INC-000129,EP-000129,KE-0013,CERTIFICATE_EXPIRY,POL-0004,ROTATE_CERTIFICATE,APPROVED,,ROTATE_CERTIFICATE,RESOLVED,96,False,,0.366,2024-01-02T14:21:00+00:00,SYNTHETIC
OUT-000130,INC-000130,EP-000130,KE-0013,CERTIFICATE_EXPIRY,POL-0003,ROTATE_CERTIFICATE,APPROVED,CHANGED_REMEDIATION,ROTATE_CERTIFICATE,NOT_RESOLVED,410,False,,0.824,2024-01-02T19:52:00+00:00,SYNTHETIC
OUT-000131,INC-000131,EP-000131,KE-0013,CERTIFICATE_EXPIRY,POL-0002,RESTART_COMPONENT,APPROVED,,RESTART_COMPONENT,RESOLVED,82,False,,0.863,2024-01-02T14:41:00+00:00,SYNTHETIC
OUT-000132,INC-000132,EP-000132,KE-0013,CERTIFICATE_EXPIRY,POL-0001,ROTATE_CERTIFICATE,APPROVED,CHANGED_REMEDIATION,ROTATE_CERTIFICATE,RESOLVED,62,False,,0.609,2024-01-02T14:38:00+00:00,SYNTHETIC
OUT-000133,INC-000133,EP-000133,KE-0014,IDENTITY_DEGRADATION,VENDOR-0002,RESTORE_IDENTITY_DEPENDENCY,REJECTED,,,NOT_EXECUTED,0,False,,0.0,2024-01-02T14:13:00+00:00,SYNTHETIC
OUT-000134,INC-000134,EP-000134,KE-0014,IDENTITY_DEGRADATION,VENDOR-0001,CLEAR_CLIENT_CACHE,APPROVED,,CLEAR_CLIENT_CACHE,RESOLVED,41,False,,0.737,2024-01-02T14:51:00+00:00,SYNTHETIC
OUT-000135,INC-000135,EP-000135,KE-0014,IDENTITY_DEGRADATION,VENDOR-0004,RESTORE_IDENTITY_DEPENDENCY,APPROVED,CHANGED_REMEDIATION,RESTORE_IDENTITY_DEPENDENCY,RESOLVED,125,False,,0.932,2024-01-02T16:32:00+00:00,SYNTHETIC
OUT-000136,INC-000136,EP-000136,KE-0014,IDENTITY_DEGRADATION,VENDOR-0003,RESTORE_IDENTITY_DEPENDENCY,APPROVED,,RESTORE_IDENTITY_DEPENDENCY,RESOLVED,48,False,,0.819,2024-01-02T15:32:00+00:00,SYNTHETIC
OUT-000137,INC-000137,EP-000137,KE-0014,IDENTITY_DEGRADATION,VENDOR-0002,RESTORE_IDENTITY_DEPENDENCY,APPROVED,CHANGED_REMEDIATION,RESTORE_IDENTITY_DEPENDENCY,RESOLVED,25,False,,0.525,2024-01-02T15:26:00+00:00,SYNTHETIC
OUT-000138,INC-000138,EP-000138,KE-0014,IDENTITY_DEGRADATION,VENDOR-0001,CLEAR_CLIENT_CACHE,APPROVED,,CLEAR_CLIENT_CACHE,NOT_RESOLVED,458,False,,0.801,2024-01-02T22:56:00+00:00,SYNTHETIC
OUT-000139,INC-000139,EP-000139,KE-0014,IDENTITY_DEGRADATION,VENDOR-0004,CLEAR_CLIENT_CACHE,APPROVED,,CLEAR_CLIENT_CACHE,NOT_RESOLVED,555,False,,0.683,2024-01-03T00:50:00+00:00,SYNTHETIC
OUT-000140,INC-000140,EP-000140,KE-0014,IDENTITY_DEGRADATION,VENDOR-0003,RESTORE_IDENTITY_DEPENDENCY,APPROVED,,RESTORE_IDENTITY_DEPENDENCY,RESOLVED,165,False,,0.839,2024-01-02T18:37:00+00:00,SYNTHETIC
OUT-000141,INC-000141,EP-000141,KE-0014,IDENTITY_DEGRADATION,VENDOR-0002,RESTORE_IDENTITY_DEPENDENCY,APPROVED,CHANGED_REMEDIATION,RESTORE_IDENTITY_DEPENDENCY,RESOLVED,14,False,,0.832,2024-01-02T16:29:00+00:00,SYNTHETIC
OUT-000142,INC-000142,EP-000142,KE-0014,IDENTITY_DEGRADATION,VENDOR-0001,CLEAR_CLIENT_CACHE,APPROVED,,CLEAR_CLIENT_CACHE,RESOLVED,90,False,,0.575,2024-01-02T17:56:00+00:00,SYNTHETIC
OUT-000143,INC-000143,EP-000143,KE-0014,IDENTITY_DEGRADATION,VENDOR-0004,RESTORE_IDENTITY_DEPENDENCY,APPROVED,,RESTORE_IDENTITY_DEPENDENCY,RESOLVED,162,False,,0.422,2024-01-02T19:25:00+00:00,SYNTHETIC
OUT-000144,INC-000144,EP-000144,KE-0014,IDENTITY_DEGRADATION,VENDOR-0003,RESTORE_IDENTITY_DEPENDENCY,APPROVED,,RESTORE_IDENTITY_DEPENDENCY,RESOLVED,118,False,,0.645,2024-01-02T18:58:00+00:00,SYNTHETIC
OUT-000145,INC-000145,EP-000145,KE-0014,IDENTITY_DEGRADATION,VENDOR-0002,RESTORE_IDENTITY_DEPENDENCY,REJECTED,,,NOT_EXECUTED,0,False,,0.0,2024-01-02T17:37:00+00:00,SYNTHETIC
OUT-000146,INC-000146,EP-000146,KE-0014,IDENTITY_DEGRADATION,VENDOR-0001,RESTORE_IDENTITY_DEPENDENCY,REJECTED,,,NOT_EXECUTED,0,False,,0.0,2024-01-02T17:54:00+00:00,SYNTHETIC
OUT-000147,INC-000147,EP-000147,KE-0014,IDENTITY_DEGRADATION,VENDOR-0004,RESTORE_IDENTITY_DEPENDENCY,REJECTED,,,NOT_EXECUTED,0,False,,0.0,2024-01-02T18:11:00+00:00,SYNTHETIC
OUT-000148,INC-000148,EP-000148,KE-0014,IDENTITY_DEGRADATION,VENDOR-0003,CLEAR_CLIENT_CACHE,APPROVED,,CLEAR_CLIENT_CACHE,RESOLVED,148,False,,0.763,2024-01-02T20:36:00+00:00,SYNTHETIC
OUT-000149,INC-000149,EP-000149,KE-0014,IDENTITY_DEGRADATION,VENDOR-0002,RESTORE_IDENTITY_DEPENDENCY,APPROVED,,RESTORE_IDENTITY_DEPENDENCY,RESOLVED,177,False,,0.927,2024-01-02T21:22:00+00:00,SYNTHETIC
OUT-000150,INC-000150,EP-000150,KE-0014,IDENTITY_DEGRADATION,VENDOR-0001,RESTORE_IDENTITY_DEPENDENCY,APPROVED,CHANGED_REMEDIATION,RESTORE_IDENTITY_DEPENDENCY,RESOLVED,177,False,,0.91,2024-01-02T21:39:00+00:00,SYNTHETIC
OUT-000151,INC-000151,EP-000151,KE-0014,IDENTITY_DEGRADATION,VENDOR-0004,RESTORE_IDENTITY_DEPENDENCY,APPROVED,,RESTORE_IDENTITY_DEPENDENCY,RESOLVED,187,False,,0.891,2024-01-02T22:06:00+00:00,SYNTHETIC
OUT-000152,INC-000152,EP-000152,KE-0014,IDENTITY_DEGRADATION,VENDOR-0003,RESTORE_IDENTITY_DEPENDENCY,REJECTED,,,NOT_EXECUTED,0,False,,0.0,2024-01-02T19:36:00+00:00,SYNTHETIC
OUT-000153,INC-000153,EP-000153,KE-0014,IDENTITY_DEGRADATION,VENDOR-0002,RESTORE_IDENTITY_DEPENDENCY,APPROVED,,RESTORE_IDENTITY_DEPENDENCY,RESOLVED,158,False,,0.595,2024-01-02T22:11:00+00:00,SYNTHETIC
OUT-000154,INC-000154,EP-000154,KE-0014,IDENTITY_DEGRADATION,VENDOR-0001,CLEAR_CLIENT_CACHE,APPROVED,,CLEAR_CLIENT_CACHE,NOT_RESOLVED,375,False,,0.383,2024-01-03T02:05:00+00:00,SYNTHETIC
OUT-000155,INC-000155,EP-000155,KE-0014,IDENTITY_DEGRADATION,VENDOR-0004,RESTORE_IDENTITY_DEPENDENCY,APPROVED,,RESTORE_IDENTITY_DEPENDENCY,RESOLVED,165,False,,0.904,2024-01-02T22:52:00+00:00,SYNTHETIC
OUT-000156,INC-000156,EP-000156,KE-0014,IDENTITY_DEGRADATION,VENDOR-0003,RESTORE_IDENTITY_DEPENDENCY,APPROVED,,RESTORE_IDENTITY_DEPENDENCY,RESOLVED,174,False,,0.645,2024-01-02T23:18:00+00:00,SYNTHETIC
OUT-000157,INC-000157,EP-000157,KE-0014,IDENTITY_DEGRADATION,VENDOR-0002,RESTORE_IDENTITY_DEPENDENCY,APPROVED,,RESTORE_IDENTITY_DEPENDENCY,RESOLVED,184,False,,0.449,2024-01-02T23:45:00+00:00,SYNTHETIC
OUT-000158,INC-000158,EP-000158,KE-0014,IDENTITY_DEGRADATION,VENDOR-0001,RESTORE_IDENTITY_DEPENDENCY,APPROVED,CHANGED_REMEDIATION,RESTORE_IDENTITY_DEPENDENCY,RESOLVED,26,False,,0.944,2024-01-02T21:24:00+00:00,SYNTHETIC
OUT-000159,INC-000159,EP-000159,KE-0014,IDENTITY_DEGRADATION,VENDOR-0004,RESTORE_IDENTITY_DEPENDENCY,APPROVED,,RESTORE_IDENTITY_DEPENDENCY,RESOLVED,75,False,,0.709,2024-01-02T22:30:00+00:00,SYNTHETIC
OUT-000160,INC-000160,EP-000160,KE-0014,IDENTITY_DEGRADATION,VENDOR-0003,RESTORE_IDENTITY_DEPENDENCY,APPROVED,,RESTORE_IDENTITY_DEPENDENCY,NOT_RESOLVED,189,False,,0.856,2024-01-03T00:41:00+00:00,SYNTHETIC
OUT-000161,INC-000161,EP-000161,KE-0014,IDENTITY_DEGRADATION,VENDOR-0002,RESTORE_IDENTITY_DEPENDENCY,REJECTED,,,NOT_EXECUTED,0,False,,0.0,2024-01-02T22:09:00+00:00,SYNTHETIC
OUT-000162,INC-000162,EP-000162,KE-0014,IDENTITY_DEGRADATION,VENDOR-0001,RESTORE_IDENTITY_DEPENDENCY,APPROVED,,RESTORE_IDENTITY_DEPENDENCY,RESOLVED,169,False,,0.929,2024-01-03T00:55:00+00:00,SYNTHETIC
OUT-000163,INC-000163,EP-000163,KE-0014,IDENTITY_DEGRADATION,VENDOR-0004,CLEAR_CLIENT_CACHE,APPROVED,,CLEAR_CLIENT_CACHE,NOT_RESOLVED,395,False,,0.464,2024-01-03T04:58:00+00:00,SYNTHETIC
OUT-000164,INC-000164,EP-000164,KE-0014,IDENTITY_DEGRADATION,VENDOR-0003,RESTORE_IDENTITY_DEPENDENCY,APPROVED,CHANGED_REMEDIATION,RESTORE_IDENTITY_DEPENDENCY,RESOLVED,170,False,,0.857,2024-01-03T01:30:00+00:00,SYNTHETIC
OUT-000165,INC-000165,EP-000165,KE-0014,IDENTITY_DEGRADATION,VENDOR-0002,RESTORE_IDENTITY_DEPENDENCY,APPROVED,,RESTORE_IDENTITY_DEPENDENCY,RESOLVED,113,False,,0.584,2024-01-03T00:50:00+00:00,SYNTHETIC
OUT-000166,INC-000166,EP-000166,KE-0014,IDENTITY_DEGRADATION,VENDOR-0001,RESTORE_IDENTITY_DEPENDENCY,APPROVED,,RESTORE_IDENTITY_DEPENDENCY,RESOLVED,21,False,,0.422,2024-01-02T23:35:00+00:00,SYNTHETIC
OUT-000167,INC-000167,EP-000167,KE-0014,IDENTITY_DEGRADATION,VENDOR-0004,RESTORE_IDENTITY_DEPENDENCY,APPROVED,,RESTORE_IDENTITY_DEPENDENCY,RESOLVED,122,True,,0.385,2024-01-03T01:33:00+00:00,SYNTHETIC
OUT-000168,INC-000168,EP-000168,KE-0014,IDENTITY_DEGRADATION,VENDOR-0003,RESTORE_IDENTITY_DEPENDENCY,APPROVED,,RESTORE_IDENTITY_DEPENDENCY,NOT_RESOLVED,327,False,,0.808,2024-01-03T05:15:00+00:00,SYNTHETIC
OUT-000169,INC-000169,EP-000169,KE-0014,IDENTITY_DEGRADATION,VENDOR-0002,RESTORE_IDENTITY_DEPENDENCY,APPROVED,CHANGED_REMEDIATION,RESTORE_IDENTITY_DEPENDENCY,RESOLVED,146,False,,0.636,2024-01-03T02:31:00+00:00,SYNTHETIC
OUT-000170,INC-000170,EP-000170,KE-0014,IDENTITY_DEGRADATION,VENDOR-0001,RESTORE_IDENTITY_DEPENDENCY,APPROVED,,RESTORE_IDENTITY_DEPENDENCY,NOT_RESOLVED,435,False,,0.759,2024-01-03T07:37:00+00:00,SYNTHETIC
OUT-000171,INC-000171,EP-000171,KE-0014,IDENTITY_DEGRADATION,VENDOR-0004,RESTORE_IDENTITY_DEPENDENCY,APPROVED,,RESTORE_IDENTITY_DEPENDENCY,NOT_RESOLVED,562,False,,0.835,2024-01-03T10:01:00+00:00,SYNTHETIC
OUT-000172,INC-000172,EP-000172,KE-0014,IDENTITY_DEGRADATION,VENDOR-0003,RESTORE_IDENTITY_DEPENDENCY,APPROVED,CHANGED_REMEDIATION,RESTORE_IDENTITY_DEPENDENCY,RESOLVED,54,False,,0.938,2024-01-03T01:50:00+00:00,SYNTHETIC
OUT-000173,INC-000173,EP-000173,KE-0014,IDENTITY_DEGRADATION,VENDOR-0002,CLEAR_CLIENT_CACHE,APPROVED,,CLEAR_CLIENT_CACHE,NOT_RESOLVED,419,False,,0.527,2024-01-03T08:12:00+00:00,SYNTHETIC
OUT-000174,INC-000174,EP-000174,KE-0014,IDENTITY_DEGRADATION,VENDOR-0001,RESTORE_IDENTITY_DEPENDENCY,APPROVED,,RESTORE_IDENTITY_DEPENDENCY,RESOLVED,184,False,,0.717,2024-01-03T04:34:00+00:00,SYNTHETIC
OUT-000175,INC-000175,EP-000175,KE-0014,IDENTITY_DEGRADATION,VENDOR-0004,RESTORE_IDENTITY_DEPENDENCY,REJECTED,,,NOT_EXECUTED,0,False,,0.0,2024-01-03T02:07:00+00:00,SYNTHETIC
OUT-000176,INC-000176,EP-000176,KE-0014,IDENTITY_DEGRADATION,VENDOR-0003,RESTORE_IDENTITY_DEPENDENCY,APPROVED,,RESTORE_IDENTITY_DEPENDENCY,RESOLVED,46,False,,0.357,2024-01-03T02:50:00+00:00,SYNTHETIC
OUT-000177,INC-000177,EP-000177,KE-0014,IDENTITY_DEGRADATION,VENDOR-0002,RESTORE_IDENTITY_DEPENDENCY,APPROVED,,RESTORE_IDENTITY_DEPENDENCY,RESOLVED,50,False,,0.719,2024-01-03T03:11:00+00:00,SYNTHETIC
OUT-000178,INC-000178,EP-000178,KE-0014,IDENTITY_DEGRADATION,VENDOR-0001,RESTORE_IDENTITY_DEPENDENCY,APPROVED,CHANGED_REMEDIATION,RESTORE_IDENTITY_DEPENDENCY,RESOLVED,141,False,,0.529,2024-01-03T04:59:00+00:00,SYNTHETIC
OUT-000179,INC-000179,EP-000179,KE-0014,IDENTITY_DEGRADATION,VENDOR-0004,RESTORE_IDENTITY_DEPENDENCY,APPROVED,,RESTORE_IDENTITY_DEPENDENCY,RESOLVED,9,False,,0.443,2024-01-03T03:15:00+00:00,SYNTHETIC
OUT-000180,INC-000180,EP-000180,KE-0014,IDENTITY_DEGRADATION,VENDOR-0003,RESTORE_IDENTITY_DEPENDENCY,APPROVED,CHANGED_REMEDIATION,RESTORE_IDENTITY_DEPENDENCY,RESOLVED,29,False,,0.732,2024-01-03T03:41:00+00:00,SYNTHETIC
OUT-000181,INC-000181,EP-000181,KE-0014,IDENTITY_DEGRADATION,VENDOR-0002,RESTORE_IDENTITY_DEPENDENCY,APPROVED,CHANGED_REMEDIATION,RESTORE_IDENTITY_DEPENDENCY,RESOLVED,86,False,,0.597,2024-01-03T04:55:00+00:00,SYNTHETIC
OUT-000182,INC-000182,EP-000182,KE-0014,IDENTITY_DEGRADATION,VENDOR-0001,RESTORE_IDENTITY_DEPENDENCY,APPROVED,,RESTORE_IDENTITY_DEPENDENCY,RESOLVED,158,False,,0.693,2024-01-03T06:24:00+00:00,SYNTHETIC
OUT-000183,INC-000183,EP-000183,KE-0014,IDENTITY_DEGRADATION,VENDOR-0004,RESTORE_IDENTITY_DEPENDENCY,APPROVED,CHANGED_REMEDIATION,RESTORE_IDENTITY_DEPENDENCY,RESOLVED,143,False,,0.45,2024-01-03T06:26:00+00:00,SYNTHETIC
OUT-000184,INC-000184,EP-000184,KE-0014,IDENTITY_DEGRADATION,VENDOR-0003,RESTORE_IDENTITY_DEPENDENCY,APPROVED,,RESTORE_IDENTITY_DEPENDENCY,RESOLVED,136,False,,0.849,2024-01-03T06:36:00+00:00,SYNTHETIC
OUT-000185,INC-000185,EP-000185,KE-0014,IDENTITY_DEGRADATION,VENDOR-0002,RESTORE_IDENTITY_DEPENDENCY,REJECTED,,,NOT_EXECUTED,0,False,,0.0,2024-01-03T04:57:00+00:00,SYNTHETIC
OUT-000186,INC-000186,EP-000186,KE-0014,IDENTITY_DEGRADATION,VENDOR-0001,RESTORE_IDENTITY_DEPENDENCY,REJECTED,,,NOT_EXECUTED,0,False,,0.0,2024-01-03T05:14:00+00:00,SYNTHETIC
OUT-000187,INC-000187,EP-000187,KE-0015,NETWORK_PATH_DEGRADATION,INFRA-0007,REROUTE_TRAFFIC,APPROVED,,REROUTE_TRAFFIC,RESOLVED,148,False,,0.583,2024-01-03T07:39:00+00:00,SYNTHETIC
OUT-000188,INC-000188,EP-000188,KE-0015,NETWORK_PATH_DEGRADATION,INFRA-0006,REROUTE_TRAFFIC,APPROVED,,REROUTE_TRAFFIC,RESOLVED,98,False,,0.551,2024-01-03T07:06:00+00:00,SYNTHETIC
OUT-000189,INC-000189,EP-000189,KE-0015,NETWORK_PATH_DEGRADATION,INFRA-0005,REROUTE_TRAFFIC,APPROVED,CHANGED_REMEDIATION,REROUTE_TRAFFIC,RESOLVED,165,False,,0.56,2024-01-03T08:30:00+00:00,SYNTHETIC
OUT-000190,INC-000190,EP-000190,KE-0015,NETWORK_PATH_DEGRADATION,INFRA-0004,RESTART_APPLICATION,APPROVED,,RESTART_APPLICATION,RESOLVED,129,False,,0.828,2024-01-03T08:11:00+00:00,SYNTHETIC
OUT-000191,INC-000191,EP-000191,KE-0015,NETWORK_PATH_DEGRADATION,INFRA-0003,REROUTE_TRAFFIC,APPROVED,,REROUTE_TRAFFIC,RESOLVED,119,False,,0.902,2024-01-03T08:18:00+00:00,SYNTHETIC
OUT-000192,INC-000192,EP-000192,KE-0015,NETWORK_PATH_DEGRADATION,INFRA-0002,REROUTE_TRAFFIC,APPROVED,CHANGED_REMEDIATION,REROUTE_TRAFFIC,RESOLVED,90,False,,0.702,2024-01-03T08:06:00+00:00,SYNTHETIC
OUT-000193,INC-000193,EP-000193,KE-0015,NETWORK_PATH_DEGRADATION,INFRA-0001,REROUTE_TRAFFIC,APPROVED,CHANGED_REMEDIATION,REROUTE_TRAFFIC,RESOLVED,119,False,,0.495,2024-01-03T08:52:00+00:00,SYNTHETIC
OUT-000194,INC-000194,EP-000194,KE-0015,NETWORK_PATH_DEGRADATION,INFRA-0008,REROUTE_TRAFFIC,APPROVED,,REROUTE_TRAFFIC,RESOLVED,130,False,,0.641,2024-01-03T09:20:00+00:00,SYNTHETIC
OUT-000195,INC-000195,EP-000195,KE-0015,NETWORK_PATH_DEGRADATION,INFRA-0007,REROUTE_TRAFFIC,APPROVED,,REROUTE_TRAFFIC,RESOLVED,138,False,,0.841,2024-01-03T09:45:00+00:00,SYNTHETIC
OUT-000196,INC-000196,EP-000196,KE-0015,NETWORK_PATH_DEGRADATION,INFRA-0006,RESTART_APPLICATION,APPROVED,,RESTART_APPLICATION,NOT_RESOLVED,309,False,,0.358,2024-01-03T12:53:00+00:00,SYNTHETIC
OUT-000197,INC-000197,EP-000197,KE-0015,NETWORK_PATH_DEGRADATION,INFRA-0005,REROUTE_TRAFFIC,REJECTED,,,NOT_EXECUTED,0,False,,0.0,2024-01-03T08:21:00+00:00,SYNTHETIC
OUT-000198,INC-000198,EP-000198,KE-0015,NETWORK_PATH_DEGRADATION,INFRA-0004,REROUTE_TRAFFIC,APPROVED,,REROUTE_TRAFFIC,RESOLVED,121,False,,0.517,2024-01-03T10:19:00+00:00,SYNTHETIC
OUT-000199,INC-000199,EP-000199,KE-0015,NETWORK_PATH_DEGRADATION,INFRA-0003,REROUTE_TRAFFIC,APPROVED,,REROUTE_TRAFFIC,RESOLVED,37,False,,0.463,2024-01-03T09:12:00+00:00,SYNTHETIC
OUT-000200,INC-000200,EP-000200,KE-0015,NETWORK_PATH_DEGRADATION,INFRA-0002,REROUTE_TRAFFIC,APPROVED,,REROUTE_TRAFFIC,NOT_RESOLVED,115,False,,0.621,2024-01-03T10:47:00+00:00,SYNTHETIC
OUT-000201,INC-000201,EP-000201,KE-0015,NETWORK_PATH_DEGRADATION,INFRA-0001,REROUTE_TRAFFIC,APPROVED,,REROUTE_TRAFFIC,RESOLVED,90,False,,0.835,2024-01-03T10:39:00+00:00,SYNTHETIC
OUT-000202,INC-000202,EP-000202,KE-0015,NETWORK_PATH_DEGRADATION,INFRA-0008,REROUTE_TRAFFIC,APPROVED,,REROUTE_TRAFFIC,RESOLVED,171,False,,0.69,2024-01-03T12:17:00+00:00,SYNTHETIC
OUT-000203,INC-000203,EP-000203,KE-0015,NETWORK_PATH_DEGRADATION,INFRA-0007,REROUTE_TRAFFIC,APPROVED,,REROUTE_TRAFFIC,RESOLVED,83,False,,0.686,2024-01-03T11:06:00+00:00,SYNTHETIC
OUT-000204,INC-000204,EP-000204,KE-0015,NETWORK_PATH_DEGRADATION,INFRA-0006,REROUTE_TRAFFIC,APPROVED,,REROUTE_TRAFFIC,RESOLVED,118,False,,0.811,2024-01-03T11:58:00+00:00,SYNTHETIC
OUT-000205,INC-000205,EP-000205,KE-0015,NETWORK_PATH_DEGRADATION,INFRA-0005,REROUTE_TRAFFIC,APPROVED,,REROUTE_TRAFFIC,RESOLVED,55,False,,0.49,2024-01-03T11:12:00+00:00,SYNTHETIC
OUT-000206,INC-000206,EP-000206,KE-0015,NETWORK_PATH_DEGRADATION,INFRA-0004,RESTART_APPLICATION,APPROVED,,RESTART_APPLICATION,NOT_RESOLVED,365,False,,0.682,2024-01-03T16:39:00+00:00,SYNTHETIC
OUT-000207,INC-000207,EP-000207,KE-0015,NETWORK_PATH_DEGRADATION,INFRA-0003,REROUTE_TRAFFIC,APPROVED,CHANGED_REMEDIATION,REROUTE_TRAFFIC,RESOLVED,26,False,,0.878,2024-01-03T11:17:00+00:00,SYNTHETIC
OUT-000208,INC-000208,EP-000208,KE-0015,NETWORK_PATH_DEGRADATION,INFRA-0002,REROUTE_TRAFFIC,APPROVED,,REROUTE_TRAFFIC,RESOLVED,132,False,,0.368,2024-01-03T13:20:00+00:00,SYNTHETIC
OUT-000209,INC-000209,EP-000209,KE-0015,NETWORK_PATH_DEGRADATION,INFRA-0001,RESTART_APPLICATION,APPROVED,,RESTART_APPLICATION,RESOLVED,51,False,,0.79,2024-01-03T12:16:00+00:00,SYNTHETIC
OUT-000210,INC-000210,EP-000210,KE-0015,NETWORK_PATH_DEGRADATION,INFRA-0008,REROUTE_TRAFFIC,APPROVED,,REROUTE_TRAFFIC,RESOLVED,46,False,,0.596,2024-01-03T12:28:00+00:00,SYNTHETIC
OUT-000211,INC-000211,EP-000211,KE-0015,NETWORK_PATH_DEGRADATION,INFRA-0007,REROUTE_TRAFFIC,APPROVED,,REROUTE_TRAFFIC,RESOLVED,119,False,,0.522,2024-01-03T13:58:00+00:00,SYNTHETIC
OUT-000212,INC-000212,EP-000212,KE-0015,NETWORK_PATH_DEGRADATION,INFRA-0006,REROUTE_TRAFFIC,APPROVED,,REROUTE_TRAFFIC,RESOLVED,58,False,,0.687,2024-01-03T13:14:00+00:00,SYNTHETIC
OUT-000213,INC-000213,EP-000213,KE-0015,NETWORK_PATH_DEGRADATION,INFRA-0005,REROUTE_TRAFFIC,APPROVED,,REROUTE_TRAFFIC,RESOLVED,62,False,,0.542,2024-01-03T13:35:00+00:00,SYNTHETIC
OUT-000214,INC-000214,EP-000214,KE-0015,NETWORK_PATH_DEGRADATION,INFRA-0004,REROUTE_TRAFFIC,APPROVED,,REROUTE_TRAFFIC,RESOLVED,183,False,,0.67,2024-01-03T15:53:00+00:00,SYNTHETIC
OUT-000215,INC-000215,EP-000215,KE-0015,NETWORK_PATH_DEGRADATION,INFRA-0003,REROUTE_TRAFFIC,APPROVED,,REROUTE_TRAFFIC,NOT_RESOLVED,247,False,,0.431,2024-01-03T17:14:00+00:00,SYNTHETIC
OUT-000216,INC-000216,EP-000216,KE-0015,NETWORK_PATH_DEGRADATION,INFRA-0002,REROUTE_TRAFFIC,APPROVED,,REROUTE_TRAFFIC,RESOLVED,60,False,,0.55,2024-01-03T14:24:00+00:00,SYNTHETIC
OUT-000217,INC-000217,EP-000217,KE-0015,NETWORK_PATH_DEGRADATION,INFRA-0001,REROUTE_TRAFFIC,REJECTED,,,NOT_EXECUTED,0,False,,0.0,2024-01-03T14:01:00+00:00,SYNTHETIC
OUT-000218,INC-000218,EP-000218,KE-0015,NETWORK_PATH_DEGRADATION,INFRA-0008,REROUTE_TRAFFIC,REJECTED,,,NOT_EXECUTED,0,False,,0.0,2024-01-03T14:18:00+00:00,SYNTHETIC
OUT-000219,INC-000219,EP-000219,KE-0015,NETWORK_PATH_DEGRADATION,INFRA-0007,REROUTE_TRAFFIC,APPROVED,,REROUTE_TRAFFIC,RESOLVED,39,False,,0.475,2024-01-03T14:54:00+00:00,SYNTHETIC
OUT-000220,INC-000220,EP-000220,KE-0015,NETWORK_PATH_DEGRADATION,INFRA-0006,REROUTE_TRAFFIC,APPROVED,CHANGED_REMEDIATION,REROUTE_TRAFFIC,RESOLVED,88,False,,0.754,2024-01-03T16:00:00+00:00,SYNTHETIC
OUT-000221,INC-000221,EP-000221,KE-0015,NETWORK_PATH_DEGRADATION,INFRA-0005,REROUTE_TRAFFIC,APPROVED,,REROUTE_TRAFFIC,RESOLVED,145,False,,0.632,2024-01-03T17:14:00+00:00,SYNTHETIC
OUT-000222,INC-000222,EP-000222,KE-0015,NETWORK_PATH_DEGRADATION,INFRA-0004,RESTART_APPLICATION,APPROVED,,RESTART_APPLICATION,NOT_RESOLVED,577,False,,0.754,2024-01-04T00:43:00+00:00,SYNTHETIC
OUT-000223,INC-000223,EP-000223,KE-0015,NETWORK_PATH_DEGRADATION,INFRA-0003,REROUTE_TRAFFIC,APPROVED,,REROUTE_TRAFFIC,RESOLVED,30,False,,0.542,2024-01-03T15:53:00+00:00,SYNTHETIC
OUT-000224,INC-000224,EP-000224,KE-0015,NETWORK_PATH_DEGRADATION,INFRA-0002,REROUTE_TRAFFIC,APPROVED,,REROUTE_TRAFFIC,RESOLVED,102,False,,0.586,2024-01-03T17:22:00+00:00,SYNTHETIC
OUT-000225,INC-000225,EP-000225,KE-0015,NETWORK_PATH_DEGRADATION,INFRA-0001,REROUTE_TRAFFIC,APPROVED,CHANGED_REMEDIATION,REROUTE_TRAFFIC,RESOLVED,105,False,,0.356,2024-01-03T17:42:00+00:00,SYNTHETIC
OUT-000226,INC-000226,EP-000226,KE-0015,NETWORK_PATH_DEGRADATION,INFRA-0008,REROUTE_TRAFFIC,APPROVED,,REROUTE_TRAFFIC,NOT_RESOLVED,318,False,,0.503,2024-01-03T21:32:00+00:00,SYNTHETIC
OUT-000227,INC-000227,EP-000227,KE-0015,NETWORK_PATH_DEGRADATION,INFRA-0007,REROUTE_TRAFFIC,APPROVED,,REROUTE_TRAFFIC,RESOLVED,58,False,,0.708,2024-01-03T17:29:00+00:00,SYNTHETIC
OUT-000228,INC-000228,EP-000228,KE-0015,NETWORK_PATH_DEGRADATION,INFRA-0006,REROUTE_TRAFFIC,APPROVED,,REROUTE_TRAFFIC,RESOLVED,30,False,,0.706,2024-01-03T17:18:00+00:00,SYNTHETIC
OUT-000229,INC-000229,EP-000229,KE-0015,NETWORK_PATH_DEGRADATION,INFRA-0005,REROUTE_TRAFFIC,REJECTED,,,NOT_EXECUTED,0,False,,0.0,2024-01-03T17:25:00+00:00,SYNTHETIC
OUT-000230,INC-000230,EP-000230,KE-0015,NETWORK_PATH_DEGRADATION,INFRA-0004,REROUTE_TRAFFIC,APPROVED,,REROUTE_TRAFFIC,RESOLVED,128,True,,0.831,2024-01-03T19:30:00+00:00,SYNTHETIC
OUT-000231,INC-000231,EP-000231,KE-0015,NETWORK_PATH_DEGRADATION,INFRA-0003,REROUTE_TRAFFIC,APPROVED,,REROUTE_TRAFFIC,RESOLVED,74,False,,0.814,2024-01-03T18:53:00+00:00,SYNTHETIC
OUT-000232,INC-000232,EP-000232,KE-0015,NETWORK_PATH_DEGRADATION,INFRA-0002,REROUTE_TRAFFIC,APPROVED,,REROUTE_TRAFFIC,RESOLVED,64,False,,0.472,2024-01-03T19:00:00+00:00,SYNTHETIC
OUT-000233,INC-000233,EP-000233,KE-0015,NETWORK_PATH_DEGRADATION,INFRA-0001,RESTART_APPLICATION,APPROVED,,RESTART_APPLICATION,NOT_RESOLVED,205,False,,0.589,2024-01-03T21:38:00+00:00,SYNTHETIC
OUT-000234,INC-000234,EP-000234,KE-0015,NETWORK_PATH_DEGRADATION,INFRA-0008,REROUTE_TRAFFIC,APPROVED,,REROUTE_TRAFFIC,RESOLVED,152,False,,0.607,2024-01-03T21:02:00+00:00,SYNTHETIC
OUT-000235,INC-000235,EP-000235,KE-0015,NETWORK_PATH_DEGRADATION,INFRA-0007,REROUTE_TRAFFIC,APPROVED,,REROUTE_TRAFFIC,RESOLVED,107,False,,0.526,2024-01-03T20:34:00+00:00,SYNTHETIC
OUT-000236,INC-000236,EP-000236,KE-0015,NETWORK_PATH_DEGRADATION,INFRA-0006,REROUTE_TRAFFIC,APPROVED,,REROUTE_TRAFFIC,RESOLVED,140,False,,0.805,2024-01-03T21:24:00+00:00,SYNTHETIC
OUT-000237,INC-000237,EP-000237,KE-0015,NETWORK_PATH_DEGRADATION,INFRA-0005,REROUTE_TRAFFIC,APPROVED,,REROUTE_TRAFFIC,RESOLVED,50,False,,0.875,2024-01-03T20:11:00+00:00,SYNTHETIC
OUT-000238,INC-000238,EP-000238,KE-0015,NETWORK_PATH_DEGRADATION,INFRA-0004,REROUTE_TRAFFIC,APPROVED,CHANGED_REMEDIATION,REROUTE_TRAFFIC,RESOLVED,95,False,,0.559,2024-01-03T21:13:00+00:00,SYNTHETIC
OUT-000239,INC-000239,EP-000239,KE-0015,NETWORK_PATH_DEGRADATION,INFRA-0003,REROUTE_TRAFFIC,APPROVED,,REROUTE_TRAFFIC,RESOLVED,48,False,,0.793,2024-01-03T20:43:00+00:00,SYNTHETIC
OUT-000240,INC-000240,EP-000240,KE-0015,NETWORK_PATH_DEGRADATION,INFRA-0002,RESTART_APPLICATION,APPROVED,,RESTART_APPLICATION,NOT_RESOLVED,327,False,,0.628,2024-01-04T01:39:00+00:00,SYNTHETIC
OUT-000241,INC-000241,EP-000241,KE-0015,NETWORK_PATH_DEGRADATION,INFRA-0001,REROUTE_TRAFFIC,REJECTED,,,NOT_EXECUTED,0,False,,0.0,2024-01-03T20:49:00+00:00,SYNTHETIC
OUT-000242,INC-000242,EP-000242,KE-0015,NETWORK_PATH_DEGRADATION,INFRA-0008,REROUTE_TRAFFIC,APPROVED,CHANGED_REMEDIATION,REROUTE_TRAFFIC,RESOLVED,63,False,,0.818,2024-01-03T21:49:00+00:00,SYNTHETIC
OUT-000243,INC-000243,EP-000243,KE-0015,NETWORK_PATH_DEGRADATION,INFRA-0007,REROUTE_TRAFFIC,APPROVED,,REROUTE_TRAFFIC,NOT_RESOLVED,570,False,,0.666,2024-01-04T06:33:00+00:00,SYNTHETIC
OUT-000244,INC-000244,EP-000244,KE-0015,NETWORK_PATH_DEGRADATION,INFRA-0006,REROUTE_TRAFFIC,APPROVED,,REROUTE_TRAFFIC,RESOLVED,107,False,,0.496,2024-01-03T23:07:00+00:00,SYNTHETIC
OUT-000245,INC-000245,EP-000245,KE-0015,NETWORK_PATH_DEGRADATION,INFRA-0005,REROUTE_TRAFFIC,APPROVED,,REROUTE_TRAFFIC,RESOLVED,84,False,,0.371,2024-01-03T23:01:00+00:00,SYNTHETIC
OUT-000246,INC-000246,EP-000246,KE-0015,NETWORK_PATH_DEGRADATION,INFRA-0004,REROUTE_TRAFFIC,APPROVED,,REROUTE_TRAFFIC,RESOLVED,137,True,,0.434,2024-01-04T00:11:00+00:00,SYNTHETIC
OUT-000247,INC-000247,EP-000247,KE-0015,NETWORK_PATH_DEGRADATION,INFRA-0003,REROUTE_TRAFFIC,APPROVED,CHANGED_REMEDIATION,REROUTE_TRAFFIC,RESOLVED,40,False,,0.774,2024-01-03T22:51:00+00:00,SYNTHETIC
OUT-000248,INC-000248,EP-000248,KE-0015,NETWORK_PATH_DEGRADATION,INFRA-0002,RESTART_APPLICATION,APPROVED,,RESTART_APPLICATION,NOT_RESOLVED,456,False,,0.624,2024-01-04T06:04:00+00:00,SYNTHETIC
OUT-000249,INC-000249,EP-000249,KE-0015,NETWORK_PATH_DEGRADATION,INFRA-0001,REROUTE_TRAFFIC,APPROVED,,REROUTE_TRAFFIC,RESOLVED,133,False,,0.526,2024-01-04T00:58:00+00:00,SYNTHETIC
OUT-000250,INC-000250,EP-000250,KE-0015,NETWORK_PATH_DEGRADATION,INFRA-0008,REROUTE_TRAFFIC,APPROVED,CHANGED_REMEDIATION,REROUTE_TRAFFIC,RESOLVED,50,False,,0.396,2024-01-03T23:52:00+00:00,SYNTHETIC
OUT-000251,INC-000251,EP-000251,KE-0015,NETWORK_PATH_DEGRADATION,INFRA-0007,REROUTE_TRAFFIC,APPROVED,,REROUTE_TRAFFIC,RESOLVED,169,True,,0.362,2024-01-04T02:08:00+00:00,SYNTHETIC
OUT-000252,INC-000252,EP-000252,KE-0015,NETWORK_PATH_DEGRADATION,INFRA-0006,REROUTE_TRAFFIC,APPROVED,,REROUTE_TRAFFIC,RESOLVED,138,False,,0.686,2024-01-04T01:54:00+00:00,SYNTHETIC
OUT-000253,INC-000253,EP-000253,KE-0015,NETWORK_PATH_DEGRADATION,INFRA-0005,REROUTE_TRAFFIC,APPROVED,CHANGED_REMEDIATION,REROUTE_TRAFFIC,RESOLVED,122,False,,0.858,2024-01-04T01:55:00+00:00,SYNTHETIC
OUT-000254,INC-000254,EP-000254,KE-0015,NETWORK_PATH_DEGRADATION,INFRA-0004,REROUTE_TRAFFIC,APPROVED,CHANGED_REMEDIATION,REROUTE_TRAFFIC,RESOLVED,27,False,,0.4,2024-01-04T00:37:00+00:00,SYNTHETIC
OUT-000255,INC-000255,EP-000255,KE-0015,NETWORK_PATH_DEGRADATION,INFRA-0003,REROUTE_TRAFFIC,APPROVED,,REROUTE_TRAFFIC,RESOLVED,97,False,,0.788,2024-01-04T02:04:00+00:00,SYNTHETIC
OUT-000256,INC-000256,EP-000256,KE-0015,NETWORK_PATH_DEGRADATION,INFRA-0002,REROUTE_TRAFFIC,APPROVED,,REROUTE_TRAFFIC,RESOLVED,61,False,,0.838,2024-01-04T01:45:00+00:00,SYNTHETIC
OUT-000257,INC-000257,EP-000257,KE-0015,NETWORK_PATH_DEGRADATION,INFRA-0001,REROUTE_TRAFFIC,APPROVED,,REROUTE_TRAFFIC,RESOLVED,120,True,,0.921,2024-01-04T03:01:00+00:00,SYNTHETIC
OUT-000258,INC-000258,EP-000258,KE-0015,NETWORK_PATH_DEGRADATION,INFRA-0008,REROUTE_TRAFFIC,APPROVED,,REROUTE_TRAFFIC,RESOLVED,127,False,,0.436,2024-01-04T03:25:00+00:00,SYNTHETIC
OUT-000259,INC-000259,EP-000259,KE-0015,NETWORK_PATH_DEGRADATION,INFRA-0007,REROUTE_TRAFFIC,APPROVED,CHANGED_REMEDIATION,REROUTE_TRAFFIC,RESOLVED,116,False,,0.543,2024-01-04T03:31:00+00:00,SYNTHETIC
OUT-000260,INC-000260,EP-000260,KE-0015,NETWORK_PATH_DEGRADATION,INFRA-0006,RESTART_APPLICATION,APPROVED,,RESTART_APPLICATION,NOT_RESOLVED,277,False,,0.809,2024-01-04T06:29:00+00:00,SYNTHETIC
OUT-000261,INC-000261,EP-000261,KE-0015,NETWORK_PATH_DEGRADATION,INFRA-0005,REROUTE_TRAFFIC,REJECTED,,,NOT_EXECUTED,0,False,,0.0,2024-01-04T02:29:00+00:00,SYNTHETIC
OUT-000262,INC-000262,EP-000262,KE-0015,NETWORK_PATH_DEGRADATION,INFRA-0004,REROUTE_TRAFFIC,REJECTED,,,NOT_EXECUTED,0,False,,0.0,2024-01-04T02:46:00+00:00,SYNTHETIC
OUT-000263,INC-000263,EP-000263,KE-0015,NETWORK_PATH_DEGRADATION,INFRA-0003,REROUTE_TRAFFIC,APPROVED,CHANGED_REMEDIATION,REROUTE_TRAFFIC,RESOLVED,144,False,,0.941,2024-01-04T05:07:00+00:00,SYNTHETIC
OUT-000264,INC-000264,EP-000264,KE-0015,NETWORK_PATH_DEGRADATION,INFRA-0002,RESTART_APPLICATION,APPROVED,,RESTART_APPLICATION,NOT_RESOLVED,284,False,,0.69,2024-01-04T07:44:00+00:00,SYNTHETIC
OUT-000265,INC-000265,EP-000265,KE-0015,NETWORK_PATH_DEGRADATION,INFRA-0001,REROUTE_TRAFFIC,APPROVED,CHANGED_REMEDIATION,REROUTE_TRAFFIC,RESOLVED,116,False,,0.885,2024-01-04T05:13:00+00:00,SYNTHETIC
OUT-000266,INC-000266,EP-000266,KE-0015,NETWORK_PATH_DEGRADATION,INFRA-0008,REROUTE_TRAFFIC,REJECTED,,,NOT_EXECUTED,0,False,,0.0,2024-01-04T03:54:00+00:00,SYNTHETIC
OUT-000267,INC-000267,EP-000267,KE-0015,NETWORK_PATH_DEGRADATION,INFRA-0007,REROUTE_TRAFFIC,APPROVED,,REROUTE_TRAFFIC,RESOLVED,164,False,,0.69,2024-01-04T06:35:00+00:00,SYNTHETIC
OUT-000268,INC-000268,EP-000268,KE-0015,NETWORK_PATH_DEGRADATION,INFRA-0006,REROUTE_TRAFFIC,APPROVED,,REROUTE_TRAFFIC,RESOLVED,76,False,,0.859,2024-01-04T05:24:00+00:00,SYNTHETIC
OUT-000269,INC-000269,EP-000269,KE-0015,NETWORK_PATH_DEGRADATION,INFRA-0005,REROUTE_TRAFFIC,APPROVED,,REROUTE_TRAFFIC,NOT_RESOLVED,278,False,,0.444,2024-01-04T09:03:00+00:00,SYNTHETIC
OUT-000270,INC-000270,EP-000270,KE-0015,NETWORK_PATH_DEGRADATION,INFRA-0004,RESTART_APPLICATION,APPROVED,,RESTART_APPLICATION,NOT_RESOLVED,207,False,,0.383,2024-01-04T08:09:00+00:00,SYNTHETIC
OUT-000271,INC-000271,EP-000271,KE-0015,NETWORK_PATH_DEGRADATION,INFRA-0003,REROUTE_TRAFFIC,REJECTED,,,NOT_EXECUTED,0,False,,0.0,2024-01-04T05:19:00+00:00,SYNTHETIC
OUT-000272,INC-000272,EP-000272,KE-0015,NETWORK_PATH_DEGRADATION,INFRA-0002,REROUTE_TRAFFIC,APPROVED,CHANGED_REMEDIATION,REROUTE_TRAFFIC,RESOLVED,78,False,,0.798,2024-01-04T06:34:00+00:00,SYNTHETIC
OUT-000273,INC-000273,EP-000273,KE-0015,NETWORK_PATH_DEGRADATION,INFRA-0001,REROUTE_TRAFFIC,APPROVED,,REROUTE_TRAFFIC,NOT_RESOLVED,96,False,,0.429,2024-01-04T07:09:00+00:00,SYNTHETIC
OUT-000274,INC-000274,EP-000274,KE-0015,NETWORK_PATH_DEGRADATION,INFRA-0008,REROUTE_TRAFFIC,APPROVED,,REROUTE_TRAFFIC,RESOLVED,130,False,,0.615,2024-01-04T08:00:00+00:00,SYNTHETIC
OUT-000275,INC-000275,EP-000275,KE-0015,NETWORK_PATH_DEGRADATION,INFRA-0007,REROUTE_TRAFFIC,APPROVED,,REROUTE_TRAFFIC,RESOLVED,160,False,,0.913,2024-01-04T08:47:00+00:00,SYNTHETIC
OUT-000276,INC-000276,EP-000276,KE-0015,NETWORK_PATH_DEGRADATION,INFRA-0006,REROUTE_TRAFFIC,APPROVED,,REROUTE_TRAFFIC,RESOLVED,26,False,,0.457,2024-01-04T06:50:00+00:00,SYNTHETIC
OUT-000277,INC-000277,EP-000277,KE-0015,NETWORK_PATH_DEGRADATION,INFRA-0005,REROUTE_TRAFFIC,APPROVED,,REROUTE_TRAFFIC,RESOLVED,179,False,,0.55,2024-01-04T09:40:00+00:00,SYNTHETIC
OUT-000278,INC-000278,EP-000278,KE-0015,NETWORK_PATH_DEGRADATION,INFRA-0004,REROUTE_TRAFFIC,APPROVED,,REROUTE_TRAFFIC,RESOLVED,153,True,,0.89,2024-01-04T09:31:00+00:00,SYNTHETIC
OUT-000279,INC-000279,EP-000279,KE-0015,NETWORK_PATH_DEGRADATION,INFRA-0003,RESTART_APPLICATION,APPROVED,,RESTART_APPLICATION,NOT_RESOLVED,210,False,,0.783,2024-01-04T10:45:00+00:00,SYNTHETIC
OUT-000280,INC-000280,EP-000280,KE-0015,NETWORK_PATH_DEGRADATION,INFRA-0002,REROUTE_TRAFFIC,APPROVED,CHANGED_REMEDIATION,REROUTE_TRAFFIC,RESOLVED,11,False,,0.837,2024-01-04T07:52:00+00:00,SYNTHETIC
OUT-000281,INC-000281,EP-000281,KE-0015,NETWORK_PATH_DEGRADATION,INFRA-0001,REROUTE_TRAFFIC,APPROVED,,REROUTE_TRAFFIC,RESOLVED,164,False,,0.578,2024-01-04T10:33:00+00:00,SYNTHETIC
OUT-000282,INC-000282,EP-000282,KE-0015,NETWORK_PATH_DEGRADATION,INFRA-0008,REROUTE_TRAFFIC,REJECTED,,,NOT_EXECUTED,0,False,,0.0,2024-01-04T08:26:00+00:00,SYNTHETIC
OUT-000283,INC-000283,EP-000283,KE-0015,NETWORK_PATH_DEGRADATION,INFRA-0007,REROUTE_TRAFFIC,APPROVED,,REROUTE_TRAFFIC,RESOLVED,136,False,,0.734,2024-01-04T10:39:00+00:00,SYNTHETIC
OUT-000284,INC-000284,EP-000284,KE-0015,NETWORK_PATH_DEGRADATION,INFRA-0006,RESTART_APPLICATION,APPROVED,,RESTART_APPLICATION,NOT_RESOLVED,484,False,,0.507,2024-01-04T16:44:00+00:00,SYNTHETIC
OUT-000285,INC-000285,EP-000285,KE-0015,NETWORK_PATH_DEGRADATION,INFRA-0005,REROUTE_TRAFFIC,APPROVED,,REROUTE_TRAFFIC,RESOLVED,116,False,,0.732,2024-01-04T10:53:00+00:00,SYNTHETIC
OUT-000286,INC-000286,EP-000286,KE-0015,NETWORK_PATH_DEGRADATION,INFRA-0004,REROUTE_TRAFFIC,APPROVED,,REROUTE_TRAFFIC,RESOLVED,68,False,,0.378,2024-01-04T10:22:00+00:00,SYNTHETIC
OUT-000287,INC-000287,EP-000287,KE-0015,NETWORK_PATH_DEGRADATION,INFRA-0003,REROUTE_TRAFFIC,APPROVED,,REROUTE_TRAFFIC,RESOLVED,87,False,,0.789,2024-01-04T10:58:00+00:00,SYNTHETIC
OUT-000288,INC-000288,EP-000288,KE-0015,NETWORK_PATH_DEGRADATION,INFRA-0002,REROUTE_TRAFFIC,APPROVED,CHANGED_REMEDIATION,REROUTE_TRAFFIC,RESOLVED,76,False,,0.709,2024-01-04T11:04:00+00:00,SYNTHETIC
OUT-000289,INC-000289,EP-000289,KE-0015,NETWORK_PATH_DEGRADATION,INFRA-0001,REROUTE_TRAFFIC,APPROVED,,REROUTE_TRAFFIC,RESOLVED,171,False,,0.668,2024-01-04T12:56:00+00:00,SYNTHETIC
OUT-000290,INC-000290,EP-000290,KE-0015,NETWORK_PATH_DEGRADATION,INFRA-0008,REROUTE_TRAFFIC,APPROVED,,REROUTE_TRAFFIC,RESOLVED,114,False,,0.768,2024-01-04T12:16:00+00:00,SYNTHETIC
OUT-000291,INC-000291,EP-000291,KE-0015,NETWORK_PATH_DEGRADATION,INFRA-0007,RESTART_APPLICATION,APPROVED,,RESTART_APPLICATION,RESOLVED,19,False,,0.783,2024-01-04T10:59:00+00:00,SYNTHETIC
OUT-000292,INC-000292,EP-000292,KE-0015,NETWORK_PATH_DEGRADATION,INFRA-0006,RESTART_APPLICATION,APPROVED,,RESTART_APPLICATION,NOT_RESOLVED,185,False,,0.585,2024-01-04T14:01:00+00:00,SYNTHETIC
OUT-000293,INC-000293,EP-000293,KE-0015,NETWORK_PATH_DEGRADATION,INFRA-0005,REROUTE_TRAFFIC,REJECTED,,,NOT_EXECUTED,0,False,,0.0,2024-01-04T11:33:00+00:00,SYNTHETIC
OUT-000294,INC-000294,EP-000294,KE-0015,NETWORK_PATH_DEGRADATION,INFRA-0004,RESTART_APPLICATION,APPROVED,,RESTART_APPLICATION,NOT_RESOLVED,196,False,,0.613,2024-01-04T14:46:00+00:00,SYNTHETIC
OUT-000295,INC-000295,EP-000295,KE-0015,NETWORK_PATH_DEGRADATION,INFRA-0003,REROUTE_TRAFFIC,APPROVED,,REROUTE_TRAFFIC,RESOLVED,68,False,,0.751,2024-01-04T12:55:00+00:00,SYNTHETIC
OUT-000296,INC-000296,EP-000296,KE-0015,NETWORK_PATH_DEGRADATION,INFRA-0002,REROUTE_TRAFFIC,APPROVED,,REROUTE_TRAFFIC,RESOLVED,129,False,,0.585,2024-01-04T14:13:00+00:00,SYNTHETIC
OUT-000297,INC-000297,EP-000297,KE-0015,NETWORK_PATH_DEGRADATION,INFRA-0001,REROUTE_TRAFFIC,APPROVED,,REROUTE_TRAFFIC,RESOLVED,20,False,,0.903,2024-01-04T12:41:00+00:00,SYNTHETIC
OUT-000298,INC-000298,EP-000298,KE-0015,NETWORK_PATH_DEGRADATION,INFRA-0008,REROUTE_TRAFFIC,APPROVED,,REROUTE_TRAFFIC,RESOLVED,48,False,,0.519,2024-01-04T13:26:00+00:00,SYNTHETIC
OUT-000299,INC-000299,EP-000299,KE-0015,NETWORK_PATH_DEGRADATION,INFRA-0007,REROUTE_TRAFFIC,REJECTED,,,NOT_EXECUTED,0,False,,0.0,2024-01-04T13:15:00+00:00,SYNTHETIC
OUT-000300,INC-000300,EP-000300,KE-0015,NETWORK_PATH_DEGRADATION,INFRA-0006,REROUTE_TRAFFIC,APPROVED,,REROUTE_TRAFFIC,RESOLVED,25,False,,0.484,2024-01-04T13:37:00+00:00,SYNTHETIC
OUT-000301,INC-000301,EP-000301,KE-0015,NETWORK_PATH_DEGRADATION,INFRA-0005,REROUTE_TRAFFIC,APPROVED,,REROUTE_TRAFFIC,NOT_RESOLVED,378,False,,0.855,2024-01-04T19:47:00+00:00,SYNTHETIC
OUT-000302,INC-000302,EP-000302,KE-0015,NETWORK_PATH_DEGRADATION,INFRA-0004,REROUTE_TRAFFIC,APPROVED,,REROUTE_TRAFFIC,RESOLVED,157,True,,0.527,2024-01-04T16:23:00+00:00,SYNTHETIC
OUT-000303,INC-000303,EP-000303,KE-0015,NETWORK_PATH_DEGRADATION,INFRA-0003,REROUTE_TRAFFIC,APPROVED,,REROUTE_TRAFFIC,RESOLVED,60,False,,0.432,2024-01-04T15:03:00+00:00,SYNTHETIC
OUT-000304,INC-000304,EP-000304,KE-0015,NETWORK_PATH_DEGRADATION,INFRA-0002,REROUTE_TRAFFIC,APPROVED,CHANGED_REMEDIATION,REROUTE_TRAFFIC,RESOLVED,31,True,,0.785,2024-01-04T14:51:00+00:00,SYNTHETIC
OUT-000305,INC-000305,EP-000305,KE-0015,NETWORK_PATH_DEGRADATION,INFRA-0001,REROUTE_TRAFFIC,APPROVED,,REROUTE_TRAFFIC,RESOLVED,90,False,,0.448,2024-01-04T16:07:00+00:00,SYNTHETIC
OUT-000306,INC-000306,EP-000306,KE-0015,NETWORK_PATH_DEGRADATION,INFRA-0008,REROUTE_TRAFFIC,APPROVED,CHANGED_REMEDIATION,REROUTE_TRAFFIC,RESOLVED,71,False,,0.906,2024-01-04T16:05:00+00:00,SYNTHETIC
OUT-000307,INC-000307,EP-000307,KE-0016,EXTERNAL_VENDOR_OUTAGE,VENDOR-0004,WAIT_AND_FAILOVER,APPROVED,,WAIT_AND_FAILOVER,RESOLVED,41,False,,0.655,2024-01-04T15:52:00+00:00,SYNTHETIC
OUT-000308,INC-000308,EP-000308,KE-0016,EXTERNAL_VENDOR_OUTAGE,VENDOR-0003,WAIT_AND_FAILOVER,REJECTED,,,NOT_EXECUTED,0,False,,0.0,2024-01-04T15:48:00+00:00,SYNTHETIC
OUT-000309,INC-000309,EP-000309,KE-0016,EXTERNAL_VENDOR_OUTAGE,VENDOR-0002,WAIT_AND_FAILOVER,APPROVED,,WAIT_AND_FAILOVER,RESOLVED,65,True,,0.644,2024-01-04T16:50:00+00:00,SYNTHETIC
OUT-000310,INC-000310,EP-000310,KE-0016,EXTERNAL_VENDOR_OUTAGE,VENDOR-0001,WAIT_AND_FAILOVER,APPROVED,CHANGED_REMEDIATION,WAIT_AND_FAILOVER,RESOLVED,114,False,,0.688,2024-01-04T17:56:00+00:00,SYNTHETIC
OUT-000311,INC-000311,EP-000311,KE-0016,EXTERNAL_VENDOR_OUTAGE,VENDOR-0004,WAIT_AND_FAILOVER,REJECTED,,,NOT_EXECUTED,0,False,,0.0,2024-01-04T16:39:00+00:00,SYNTHETIC
OUT-000312,INC-000312,EP-000312,KE-0016,EXTERNAL_VENDOR_OUTAGE,VENDOR-0003,WAIT_AND_FAILOVER,APPROVED,,WAIT_AND_FAILOVER,NOT_RESOLVED,199,False,,0.438,2024-01-04T19:55:00+00:00,SYNTHETIC
OUT-000313,INC-000313,EP-000313,KE-0016,EXTERNAL_VENDOR_OUTAGE,VENDOR-0002,RESTART_INTERNAL_SERVICE,APPROVED,,RESTART_INTERNAL_SERVICE,NOT_RESOLVED,340,False,,0.396,2024-01-04T22:33:00+00:00,SYNTHETIC
OUT-000314,INC-000314,EP-000314,KE-0016,EXTERNAL_VENDOR_OUTAGE,VENDOR-0001,RESTART_INTERNAL_SERVICE,APPROVED,,RESTART_INTERNAL_SERVICE,RESOLVED,83,False,,0.409,2024-01-04T18:33:00+00:00,SYNTHETIC
OUT-000315,INC-000315,EP-000315,KE-0016,EXTERNAL_VENDOR_OUTAGE,VENDOR-0004,WAIT_AND_FAILOVER,APPROVED,,WAIT_AND_FAILOVER,NOT_RESOLVED,481,False,,0.922,2024-01-05T01:28:00+00:00,SYNTHETIC
OUT-000316,INC-000316,EP-000316,KE-0016,EXTERNAL_VENDOR_OUTAGE,VENDOR-0003,WAIT_AND_FAILOVER,APPROVED,,WAIT_AND_FAILOVER,NOT_RESOLVED,231,False,,0.794,2024-01-04T21:35:00+00:00,SYNTHETIC
OUT-000317,INC-000317,EP-000317,KE-0016,EXTERNAL_VENDOR_OUTAGE,VENDOR-0002,WAIT_AND_FAILOVER,APPROVED,,WAIT_AND_FAILOVER,RESOLVED,93,False,,0.366,2024-01-04T19:34:00+00:00,SYNTHETIC
OUT-000318,INC-000318,EP-000318,KE-0016,EXTERNAL_VENDOR_OUTAGE,VENDOR-0001,RESTART_INTERNAL_SERVICE,APPROVED,,RESTART_INTERNAL_SERVICE,NOT_RESOLVED,212,False,,0.446,2024-01-04T21:50:00+00:00,SYNTHETIC
OUT-000319,INC-000319,EP-000319,KE-0016,EXTERNAL_VENDOR_OUTAGE,VENDOR-0004,RESTART_INTERNAL_SERVICE,APPROVED,,RESTART_INTERNAL_SERVICE,NOT_RESOLVED,439,False,,0.852,2024-01-05T01:54:00+00:00,SYNTHETIC
OUT-000320,INC-000320,EP-000320,KE-0016,EXTERNAL_VENDOR_OUTAGE,VENDOR-0003,WAIT_AND_FAILOVER,APPROVED,,WAIT_AND_FAILOVER,RESOLVED,113,False,,0.9,2024-01-04T20:45:00+00:00,SYNTHETIC
OUT-000321,INC-000321,EP-000321,KE-0016,EXTERNAL_VENDOR_OUTAGE,VENDOR-0002,WAIT_AND_FAILOVER,APPROVED,,WAIT_AND_FAILOVER,RESOLVED,82,False,,0.526,2024-01-04T20:31:00+00:00,SYNTHETIC
OUT-000322,INC-000322,EP-000322,KE-0016,EXTERNAL_VENDOR_OUTAGE,VENDOR-0001,WAIT_AND_FAILOVER,APPROVED,CHANGED_REMEDIATION,WAIT_AND_FAILOVER,RESOLVED,160,False,,0.864,2024-01-04T22:06:00+00:00,SYNTHETIC
OUT-000323,INC-000323,EP-000323,KE-0016,EXTERNAL_VENDOR_OUTAGE,VENDOR-0004,RESTART_INTERNAL_SERVICE,APPROVED,,RESTART_INTERNAL_SERVICE,NOT_RESOLVED,322,False,,0.893,2024-01-05T01:05:00+00:00,SYNTHETIC
OUT-000324,INC-000324,EP-000324,KE-0016,EXTERNAL_VENDOR_OUTAGE,VENDOR-0003,WAIT_AND_FAILOVER,APPROVED,,WAIT_AND_FAILOVER,RESOLVED,49,False,,0.487,2024-01-04T20:49:00+00:00,SYNTHETIC
OUT-000325,INC-000325,EP-000325,KE-0016,EXTERNAL_VENDOR_OUTAGE,VENDOR-0002,WAIT_AND_FAILOVER,APPROVED,CHANGED_REMEDIATION,WAIT_AND_FAILOVER,RESOLVED,168,False,,0.628,2024-01-04T23:05:00+00:00,SYNTHETIC
OUT-000326,INC-000326,EP-000326,KE-0016,EXTERNAL_VENDOR_OUTAGE,VENDOR-0001,WAIT_AND_FAILOVER,APPROVED,,WAIT_AND_FAILOVER,RESOLVED,103,False,,0.413,2024-01-04T22:17:00+00:00,SYNTHETIC
OUT-000327,INC-000327,EP-000327,KE-0016,EXTERNAL_VENDOR_OUTAGE,VENDOR-0004,WAIT_AND_FAILOVER,APPROVED,,WAIT_AND_FAILOVER,RESOLVED,21,False,,0.474,2024-01-04T21:12:00+00:00,SYNTHETIC
OUT-000328,INC-000328,EP-000328,KE-0016,EXTERNAL_VENDOR_OUTAGE,VENDOR-0003,RESTART_INTERNAL_SERVICE,APPROVED,,RESTART_INTERNAL_SERVICE,NOT_RESOLVED,283,False,,0.855,2024-01-05T01:51:00+00:00,SYNTHETIC
OUT-000329,INC-000329,EP-000329,KE-0016,EXTERNAL_VENDOR_OUTAGE,VENDOR-0002,WAIT_AND_FAILOVER,APPROVED,,WAIT_AND_FAILOVER,RESOLVED,142,False,,0.681,2024-01-04T23:47:00+00:00,SYNTHETIC
OUT-000330,INC-000330,EP-000330,KE-0016,EXTERNAL_VENDOR_OUTAGE,VENDOR-0001,WAIT_AND_FAILOVER,APPROVED,,WAIT_AND_FAILOVER,NOT_RESOLVED,306,False,,0.443,2024-01-05T02:48:00+00:00,SYNTHETIC
OUT-000331,INC-000331,EP-000331,KE-0016,EXTERNAL_VENDOR_OUTAGE,VENDOR-0004,WAIT_AND_FAILOVER,APPROVED,,WAIT_AND_FAILOVER,RESOLVED,150,False,,0.564,2024-01-05T00:29:00+00:00,SYNTHETIC
OUT-000332,INC-000332,EP-000332,KE-0016,EXTERNAL_VENDOR_OUTAGE,VENDOR-0003,WAIT_AND_FAILOVER,APPROVED,CHANGED_REMEDIATION,WAIT_AND_FAILOVER,RESOLVED,134,False,,0.801,2024-01-05T00:30:00+00:00,SYNTHETIC
OUT-000333,INC-000333,EP-000333,KE-0016,EXTERNAL_VENDOR_OUTAGE,VENDOR-0002,WAIT_AND_FAILOVER,APPROVED,,WAIT_AND_FAILOVER,NOT_RESOLVED,507,False,,0.709,2024-01-05T07:00:00+00:00,SYNTHETIC
OUT-000334,INC-000334,EP-000334,KE-0016,EXTERNAL_VENDOR_OUTAGE,VENDOR-0001,WAIT_AND_FAILOVER,APPROVED,,WAIT_AND_FAILOVER,RESOLVED,155,True,,0.849,2024-01-05T01:25:00+00:00,SYNTHETIC
OUT-000335,INC-000335,EP-000335,KE-0016,EXTERNAL_VENDOR_OUTAGE,VENDOR-0004,WAIT_AND_FAILOVER,APPROVED,,WAIT_AND_FAILOVER,RESOLVED,105,False,,0.665,2024-01-05T00:52:00+00:00,SYNTHETIC
OUT-000336,INC-000336,EP-000336,KE-0016,EXTERNAL_VENDOR_OUTAGE,VENDOR-0003,WAIT_AND_FAILOVER,APPROVED,,WAIT_AND_FAILOVER,NOT_RESOLVED,348,False,,0.53,2024-01-05T05:12:00+00:00,SYNTHETIC
OUT-000337,INC-000337,EP-000337,KE-0016,EXTERNAL_VENDOR_OUTAGE,VENDOR-0002,WAIT_AND_FAILOVER,APPROVED,CHANGED_REMEDIATION,WAIT_AND_FAILOVER,RESOLVED,45,True,,0.641,2024-01-05T00:26:00+00:00,SYNTHETIC
OUT-000338,INC-000338,EP-000338,KE-0016,EXTERNAL_VENDOR_OUTAGE,VENDOR-0001,WAIT_AND_FAILOVER,APPROVED,,WAIT_AND_FAILOVER,NOT_RESOLVED,577,False,,0.464,2024-01-05T09:35:00+00:00,SYNTHETIC
OUT-000339,INC-000339,EP-000339,KE-0016,EXTERNAL_VENDOR_OUTAGE,VENDOR-0004,WAIT_AND_FAILOVER,APPROVED,,WAIT_AND_FAILOVER,RESOLVED,65,True,,0.425,2024-01-05T01:20:00+00:00,SYNTHETIC
OUT-000340,INC-000340,EP-000340,KE-0016,EXTERNAL_VENDOR_OUTAGE,VENDOR-0003,RESTART_INTERNAL_SERVICE,APPROVED,,RESTART_INTERNAL_SERVICE,NOT_RESOLVED,216,False,,0.394,2024-01-05T04:08:00+00:00,SYNTHETIC
OUT-000341,INC-000341,EP-000341,KE-0016,EXTERNAL_VENDOR_OUTAGE,VENDOR-0002,WAIT_AND_FAILOVER,APPROVED,,WAIT_AND_FAILOVER,NOT_RESOLVED,244,False,,0.578,2024-01-05T04:53:00+00:00,SYNTHETIC
OUT-000342,INC-000342,EP-000342,KE-0016,EXTERNAL_VENDOR_OUTAGE,VENDOR-0001,WAIT_AND_FAILOVER,APPROVED,,WAIT_AND_FAILOVER,NOT_RESOLVED,215,False,,0.593,2024-01-05T04:41:00+00:00,SYNTHETIC
OUT-000343,INC-000343,EP-000343,KE-0016,EXTERNAL_VENDOR_OUTAGE,VENDOR-0004,WAIT_AND_FAILOVER,APPROVED,,WAIT_AND_FAILOVER,RESOLVED,27,False,,0.527,2024-01-05T01:50:00+00:00,SYNTHETIC
OUT-000344,INC-000344,EP-000344,KE-0016,EXTERNAL_VENDOR_OUTAGE,VENDOR-0003,WAIT_AND_FAILOVER,APPROVED,,WAIT_AND_FAILOVER,RESOLVED,72,False,,0.718,2024-01-05T02:52:00+00:00,SYNTHETIC
OUT-000345,INC-000345,EP-000345,KE-0016,EXTERNAL_VENDOR_OUTAGE,VENDOR-0002,WAIT_AND_FAILOVER,APPROVED,,WAIT_AND_FAILOVER,RESOLVED,145,False,,0.898,2024-01-05T04:22:00+00:00,SYNTHETIC
OUT-000346,INC-000346,EP-000346,KE-0016,EXTERNAL_VENDOR_OUTAGE,VENDOR-0001,WAIT_AND_FAILOVER,APPROVED,CHANGED_REMEDIATION,WAIT_AND_FAILOVER,RESOLVED,21,False,,0.844,2024-01-05T02:35:00+00:00,SYNTHETIC
OUT-000347,INC-000347,EP-000347,KE-0016,EXTERNAL_VENDOR_OUTAGE,VENDOR-0004,WAIT_AND_FAILOVER,APPROVED,,WAIT_AND_FAILOVER,RESOLVED,81,False,,0.589,2024-01-05T03:52:00+00:00,SYNTHETIC
OUT-000348,INC-000348,EP-000348,KE-0016,EXTERNAL_VENDOR_OUTAGE,VENDOR-0003,WAIT_AND_FAILOVER,APPROVED,,WAIT_AND_FAILOVER,RESOLVED,66,False,,0.579,2024-01-05T03:54:00+00:00,SYNTHETIC
OUT-000349,INC-000349,EP-000349,KE-0016,EXTERNAL_VENDOR_OUTAGE,VENDOR-0002,WAIT_AND_FAILOVER,APPROVED,,WAIT_AND_FAILOVER,RESOLVED,142,False,,0.641,2024-01-05T05:27:00+00:00,SYNTHETIC
OUT-000350,INC-000350,EP-000350,KE-0016,EXTERNAL_VENDOR_OUTAGE,VENDOR-0001,RESTART_INTERNAL_SERVICE,APPROVED,,RESTART_INTERNAL_SERVICE,RESOLVED,167,False,,0.596,2024-01-05T06:09:00+00:00,SYNTHETIC
OUT-000351,INC-000351,EP-000351,KE-0016,EXTERNAL_VENDOR_OUTAGE,VENDOR-0004,WAIT_AND_FAILOVER,APPROVED,,WAIT_AND_FAILOVER,RESOLVED,108,False,,0.358,2024-01-05T05:27:00+00:00,SYNTHETIC
OUT-000352,INC-000352,EP-000352,KE-0016,EXTERNAL_VENDOR_OUTAGE,VENDOR-0003,WAIT_AND_FAILOVER,APPROVED,,WAIT_AND_FAILOVER,RESOLVED,37,False,,0.383,2024-01-05T04:33:00+00:00,SYNTHETIC
OUT-000353,INC-000353,EP-000353,KE-0016,EXTERNAL_VENDOR_OUTAGE,VENDOR-0002,WAIT_AND_FAILOVER,APPROVED,,WAIT_AND_FAILOVER,RESOLVED,108,False,,0.625,2024-01-05T06:01:00+00:00,SYNTHETIC
OUT-000354,INC-000354,EP-000354,KE-0016,EXTERNAL_VENDOR_OUTAGE,VENDOR-0001,WAIT_AND_FAILOVER,APPROVED,,WAIT_AND_FAILOVER,NOT_RESOLVED,293,False,,0.902,2024-01-05T09:23:00+00:00,SYNTHETIC
OUT-000355,INC-000355,EP-000355,KE-0016,EXTERNAL_VENDOR_OUTAGE,VENDOR-0004,WAIT_AND_FAILOVER,APPROVED,,WAIT_AND_FAILOVER,RESOLVED,85,False,,0.401,2024-01-05T06:12:00+00:00,SYNTHETIC
OUT-000356,INC-000356,EP-000356,KE-0016,EXTERNAL_VENDOR_OUTAGE,VENDOR-0003,WAIT_AND_FAILOVER,APPROVED,,WAIT_AND_FAILOVER,RESOLVED,90,False,,0.591,2024-01-05T06:34:00+00:00,SYNTHETIC
OUT-000357,INC-000357,EP-000357,KE-0016,EXTERNAL_VENDOR_OUTAGE,VENDOR-0002,RESTART_INTERNAL_SERVICE,APPROVED,,RESTART_INTERNAL_SERVICE,NOT_RESOLVED,222,False,,0.375,2024-01-05T09:03:00+00:00,SYNTHETIC
OUT-000358,INC-000358,EP-000358,KE-0016,EXTERNAL_VENDOR_OUTAGE,VENDOR-0001,WAIT_AND_FAILOVER,APPROVED,,WAIT_AND_FAILOVER,RESOLVED,38,False,,0.655,2024-01-05T06:16:00+00:00,SYNTHETIC
OUT-000359,INC-000359,EP-000359,KE-0016,EXTERNAL_VENDOR_OUTAGE,VENDOR-0004,RESTART_INTERNAL_SERVICE,APPROVED,,RESTART_INTERNAL_SERVICE,NOT_RESOLVED,484,False,,0.698,2024-01-05T13:59:00+00:00,SYNTHETIC
OUT-000360,INC-000360,EP-000360,KE-0016,EXTERNAL_VENDOR_OUTAGE,VENDOR-0003,WAIT_AND_FAILOVER,APPROVED,,WAIT_AND_FAILOVER,RESOLVED,175,False,,0.912,2024-01-05T09:07:00+00:00,SYNTHETIC
OUT-000361,INC-000361,EP-000361,KE-0016,EXTERNAL_VENDOR_OUTAGE,VENDOR-0002,WAIT_AND_FAILOVER,APPROVED,,WAIT_AND_FAILOVER,RESOLVED,35,False,,0.596,2024-01-05T07:04:00+00:00,SYNTHETIC
OUT-000362,INC-000362,EP-000362,KE-0016,EXTERNAL_VENDOR_OUTAGE,VENDOR-0001,WAIT_AND_FAILOVER,APPROVED,,WAIT_AND_FAILOVER,NOT_RESOLVED,359,False,,0.383,2024-01-05T12:45:00+00:00,SYNTHETIC
OUT-000363,INC-000363,EP-000363,KE-0016,EXTERNAL_VENDOR_OUTAGE,VENDOR-0004,WAIT_AND_FAILOVER,APPROVED,,WAIT_AND_FAILOVER,RESOLVED,17,False,,0.451,2024-01-05T07:23:00+00:00,SYNTHETIC
OUT-000364,INC-000364,EP-000364,KE-0016,EXTERNAL_VENDOR_OUTAGE,VENDOR-0003,WAIT_AND_FAILOVER,APPROVED,,WAIT_AND_FAILOVER,RESOLVED,62,False,,0.723,2024-01-05T08:22:00+00:00,SYNTHETIC
OUT-000365,INC-000365,EP-000365,KE-0016,EXTERNAL_VENDOR_OUTAGE,VENDOR-0002,WAIT_AND_FAILOVER,APPROVED,,WAIT_AND_FAILOVER,NOT_RESOLVED,473,False,,0.759,2024-01-05T15:30:00+00:00,SYNTHETIC
OUT-000366,INC-000366,EP-000366,KE-0016,EXTERNAL_VENDOR_OUTAGE,VENDOR-0001,WAIT_AND_FAILOVER,APPROVED,,WAIT_AND_FAILOVER,RESOLVED,77,False,,0.521,2024-01-05T09:11:00+00:00,SYNTHETIC
OUT-000367,INC-000367,EP-000367,KE-0016,EXTERNAL_VENDOR_OUTAGE,VENDOR-0004,WAIT_AND_FAILOVER,APPROVED,,WAIT_AND_FAILOVER,RESOLVED,60,False,,0.659,2024-01-05T09:11:00+00:00,SYNTHETIC
OUT-000368,INC-000368,EP-000368,KE-0016,EXTERNAL_VENDOR_OUTAGE,VENDOR-0003,WAIT_AND_FAILOVER,APPROVED,,WAIT_AND_FAILOVER,RESOLVED,89,False,,0.807,2024-01-05T09:57:00+00:00,SYNTHETIC
OUT-000369,INC-000369,EP-000369,KE-0016,EXTERNAL_VENDOR_OUTAGE,VENDOR-0002,WAIT_AND_FAILOVER,REJECTED,,,NOT_EXECUTED,0,False,,0.0,2024-01-05T09:05:00+00:00,SYNTHETIC
OUT-000370,INC-000370,EP-000370,KE-0016,EXTERNAL_VENDOR_OUTAGE,VENDOR-0001,WAIT_AND_FAILOVER,REJECTED,,,NOT_EXECUTED,0,False,,0.0,2024-01-05T09:22:00+00:00,SYNTHETIC
OUT-000371,INC-000371,EP-000371,KE-0016,EXTERNAL_VENDOR_OUTAGE,VENDOR-0004,WAIT_AND_FAILOVER,APPROVED,,WAIT_AND_FAILOVER,NOT_RESOLVED,185,False,,0.9,2024-01-05T12:24:00+00:00,SYNTHETIC
OUT-000372,INC-000372,EP-000372,KE-0016,EXTERNAL_VENDOR_OUTAGE,VENDOR-0003,WAIT_AND_FAILOVER,APPROVED,,WAIT_AND_FAILOVER,RESOLVED,112,False,,0.478,2024-01-05T11:28:00+00:00,SYNTHETIC
OUT-000373,INC-000373,EP-000373,KE-0016,EXTERNAL_VENDOR_OUTAGE,VENDOR-0002,WAIT_AND_FAILOVER,APPROVED,,WAIT_AND_FAILOVER,RESOLVED,24,False,,0.48,2024-01-05T10:17:00+00:00,SYNTHETIC
OUT-000374,INC-000374,EP-000374,KE-0016,EXTERNAL_VENDOR_OUTAGE,VENDOR-0001,WAIT_AND_FAILOVER,APPROVED,CHANGED_REMEDIATION,WAIT_AND_FAILOVER,RESOLVED,83,False,,0.712,2024-01-05T11:33:00+00:00,SYNTHETIC
OUT-000375,INC-000375,EP-000375,KE-0016,EXTERNAL_VENDOR_OUTAGE,VENDOR-0004,WAIT_AND_FAILOVER,APPROVED,,WAIT_AND_FAILOVER,RESOLVED,165,False,,0.493,2024-01-05T13:12:00+00:00,SYNTHETIC
OUT-000376,INC-000376,EP-000376,KE-0016,EXTERNAL_VENDOR_OUTAGE,VENDOR-0003,WAIT_AND_FAILOVER,APPROVED,CHANGED_REMEDIATION,WAIT_AND_FAILOVER,NOT_RESOLVED,142,False,,0.776,2024-01-05T13:06:00+00:00,SYNTHETIC
OUT-000377,INC-000377,EP-000377,KE-0016,EXTERNAL_VENDOR_OUTAGE,VENDOR-0002,WAIT_AND_FAILOVER,APPROVED,,WAIT_AND_FAILOVER,RESOLVED,31,True,,0.507,2024-01-05T11:32:00+00:00,SYNTHETIC
OUT-000378,INC-000378,EP-000378,KE-0016,EXTERNAL_VENDOR_OUTAGE,VENDOR-0001,WAIT_AND_FAILOVER,APPROVED,,WAIT_AND_FAILOVER,RESOLVED,144,False,,0.729,2024-01-05T13:42:00+00:00,SYNTHETIC
OUT-000379,INC-000379,EP-000379,KE-0016,EXTERNAL_VENDOR_OUTAGE,VENDOR-0004,WAIT_AND_FAILOVER,APPROVED,,WAIT_AND_FAILOVER,RESOLVED,125,False,,0.819,2024-01-05T13:40:00+00:00,SYNTHETIC
OUT-000380,INC-000380,EP-000380,KE-0016,EXTERNAL_VENDOR_OUTAGE,VENDOR-0003,WAIT_AND_FAILOVER,APPROVED,,WAIT_AND_FAILOVER,RESOLVED,97,True,,0.882,2024-01-05T13:29:00+00:00,SYNTHETIC
OUT-000381,INC-000381,EP-000381,KE-0016,EXTERNAL_VENDOR_OUTAGE,VENDOR-0002,WAIT_AND_FAILOVER,APPROVED,,WAIT_AND_FAILOVER,RESOLVED,54,False,,0.485,2024-01-05T13:03:00+00:00,SYNTHETIC
OUT-000382,INC-000382,EP-000382,KE-0016,EXTERNAL_VENDOR_OUTAGE,VENDOR-0001,WAIT_AND_FAILOVER,APPROVED,,WAIT_AND_FAILOVER,NOT_RESOLVED,148,False,,0.492,2024-01-05T14:54:00+00:00,SYNTHETIC
OUT-000383,INC-000383,EP-000383,KE-0016,EXTERNAL_VENDOR_OUTAGE,VENDOR-0004,WAIT_AND_FAILOVER,APPROVED,,WAIT_AND_FAILOVER,RESOLVED,141,False,,0.541,2024-01-05T15:04:00+00:00,SYNTHETIC
OUT-000384,INC-000384,EP-000384,KE-0016,EXTERNAL_VENDOR_OUTAGE,VENDOR-0003,WAIT_AND_FAILOVER,APPROVED,,WAIT_AND_FAILOVER,RESOLVED,11,False,,0.492,2024-01-05T13:20:00+00:00,SYNTHETIC
OUT-000385,INC-000385,EP-000385,KE-0016,EXTERNAL_VENDOR_OUTAGE,VENDOR-0002,WAIT_AND_FAILOVER,REJECTED,,,NOT_EXECUTED,0,False,,0.0,2024-01-05T13:37:00+00:00,SYNTHETIC
OUT-000386,INC-000386,EP-000386,KE-0016,EXTERNAL_VENDOR_OUTAGE,VENDOR-0001,WAIT_AND_FAILOVER,APPROVED,,WAIT_AND_FAILOVER,RESOLVED,93,False,,0.573,2024-01-05T15:07:00+00:00,SYNTHETIC
OUT-000387,INC-000387,EP-000387,KE-0016,EXTERNAL_VENDOR_OUTAGE,VENDOR-0004,WAIT_AND_FAILOVER,APPROVED,,WAIT_AND_FAILOVER,NOT_RESOLVED,349,False,,0.575,2024-01-05T19:40:00+00:00,SYNTHETIC
OUT-000388,INC-000388,EP-000388,KE-0016,EXTERNAL_VENDOR_OUTAGE,VENDOR-0003,WAIT_AND_FAILOVER,APPROVED,,WAIT_AND_FAILOVER,RESOLVED,124,False,,0.783,2024-01-05T16:12:00+00:00,SYNTHETIC
OUT-000389,INC-000389,EP-000389,KE-0016,EXTERNAL_VENDOR_OUTAGE,VENDOR-0002,WAIT_AND_FAILOVER,APPROVED,,WAIT_AND_FAILOVER,RESOLVED,173,False,,0.702,2024-01-05T17:18:00+00:00,SYNTHETIC
OUT-000390,INC-000390,EP-000390,KE-0016,EXTERNAL_VENDOR_OUTAGE,VENDOR-0001,WAIT_AND_FAILOVER,APPROVED,,WAIT_AND_FAILOVER,NOT_RESOLVED,173,False,,0.889,2024-01-05T17:35:00+00:00,SYNTHETIC
OUT-000391,INC-000391,EP-000391,KE-0016,EXTERNAL_VENDOR_OUTAGE,VENDOR-0004,WAIT_AND_FAILOVER,APPROVED,,WAIT_AND_FAILOVER,RESOLVED,151,False,,0.498,2024-01-05T17:30:00+00:00,SYNTHETIC
OUT-000392,INC-000392,EP-000392,KE-0016,EXTERNAL_VENDOR_OUTAGE,VENDOR-0003,RESTART_INTERNAL_SERVICE,APPROVED,,RESTART_INTERNAL_SERVICE,NOT_RESOLVED,422,False,,0.883,2024-01-05T22:18:00+00:00,SYNTHETIC
OUT-000393,INC-000393,EP-000393,KE-0016,EXTERNAL_VENDOR_OUTAGE,VENDOR-0002,WAIT_AND_FAILOVER,REJECTED,,,NOT_EXECUTED,0,False,,0.0,2024-01-05T15:53:00+00:00,SYNTHETIC
OUT-000394,INC-000394,EP-000394,KE-0016,EXTERNAL_VENDOR_OUTAGE,VENDOR-0001,WAIT_AND_FAILOVER,APPROVED,,WAIT_AND_FAILOVER,RESOLVED,28,False,,0.471,2024-01-05T16:18:00+00:00,SYNTHETIC
OUT-000395,INC-000395,EP-000395,KE-0016,EXTERNAL_VENDOR_OUTAGE,VENDOR-0004,WAIT_AND_FAILOVER,APPROVED,,WAIT_AND_FAILOVER,RESOLVED,50,False,,0.756,2024-01-05T16:57:00+00:00,SYNTHETIC
OUT-000396,INC-000396,EP-000396,KE-0016,EXTERNAL_VENDOR_OUTAGE,VENDOR-0003,WAIT_AND_FAILOVER,APPROVED,CHANGED_REMEDIATION,WAIT_AND_FAILOVER,RESOLVED,29,False,,0.396,2024-01-05T16:53:00+00:00,SYNTHETIC
OUT-000397,INC-000397,EP-000397,KE-0016,EXTERNAL_VENDOR_OUTAGE,VENDOR-0002,WAIT_AND_FAILOVER,APPROVED,,WAIT_AND_FAILOVER,RESOLVED,117,False,,0.431,2024-01-05T18:38:00+00:00,SYNTHETIC
OUT-000398,INC-000398,EP-000398,KE-0016,EXTERNAL_VENDOR_OUTAGE,VENDOR-0001,WAIT_AND_FAILOVER,APPROVED,,WAIT_AND_FAILOVER,RESOLVED,63,False,,0.93,2024-01-05T18:01:00+00:00,SYNTHETIC
OUT-000399,INC-000399,EP-000399,KE-0016,EXTERNAL_VENDOR_OUTAGE,VENDOR-0004,WAIT_AND_FAILOVER,APPROVED,CHANGED_REMEDIATION,WAIT_AND_FAILOVER,RESOLVED,120,False,,0.518,2024-01-05T19:15:00+00:00,SYNTHETIC
OUT-000400,INC-000400,EP-000400,KE-0016,EXTERNAL_VENDOR_OUTAGE,VENDOR-0003,WAIT_AND_FAILOVER,APPROVED,CHANGED_REMEDIATION,WAIT_AND_FAILOVER,RESOLVED,104,False,,0.769,2024-01-05T19:16:00+00:00,SYNTHETIC
OUT-000401,INC-000401,EP-000401,KE-0016,EXTERNAL_VENDOR_OUTAGE,VENDOR-0002,WAIT_AND_FAILOVER,APPROVED,,WAIT_AND_FAILOVER,RESOLVED,34,False,,0.424,2024-01-05T18:23:00+00:00,SYNTHETIC
OUT-000402,INC-000402,EP-000402,KE-0016,EXTERNAL_VENDOR_OUTAGE,VENDOR-0001,RESTART_INTERNAL_SERVICE,APPROVED,,RESTART_INTERNAL_SERVICE,NOT_RESOLVED,515,False,,0.421,2024-01-06T02:41:00+00:00,SYNTHETIC
OUT-000403,INC-000403,EP-000403,KE-0016,EXTERNAL_VENDOR_OUTAGE,VENDOR-0004,RESTART_INTERNAL_SERVICE,APPROVED,,RESTART_INTERNAL_SERVICE,NOT_RESOLVED,262,False,,0.895,2024-01-05T22:45:00+00:00,SYNTHETIC
OUT-000404,INC-000404,EP-000404,KE-0016,EXTERNAL_VENDOR_OUTAGE,VENDOR-0003,WAIT_AND_FAILOVER,APPROVED,,WAIT_AND_FAILOVER,RESOLVED,24,False,,0.489,2024-01-05T19:04:00+00:00,SYNTHETIC
OUT-000405,INC-000405,EP-000405,KE-0016,EXTERNAL_VENDOR_OUTAGE,VENDOR-0002,WAIT_AND_FAILOVER,APPROVED,CHANGED_REMEDIATION,WAIT_AND_FAILOVER,RESOLVED,91,False,,0.684,2024-01-05T20:28:00+00:00,SYNTHETIC
OUT-000406,INC-000406,EP-000406,KE-0016,EXTERNAL_VENDOR_OUTAGE,VENDOR-0001,WAIT_AND_FAILOVER,APPROVED,CHANGED_REMEDIATION,WAIT_AND_FAILOVER,RESOLVED,27,False,,0.708,2024-01-05T19:41:00+00:00,SYNTHETIC
OUT-000407,INC-000407,EP-000407,KE-0016,EXTERNAL_VENDOR_OUTAGE,VENDOR-0004,WAIT_AND_FAILOVER,APPROVED,,WAIT_AND_FAILOVER,RESOLVED,128,False,,0.722,2024-01-05T21:39:00+00:00,SYNTHETIC
OUT-000408,INC-000408,EP-000408,KE-0016,EXTERNAL_VENDOR_OUTAGE,VENDOR-0003,WAIT_AND_FAILOVER,REJECTED,,,NOT_EXECUTED,0,False,,0.0,2024-01-05T20:08:00+00:00,SYNTHETIC
OUT-000409,INC-000409,EP-000409,KE-0016,EXTERNAL_VENDOR_OUTAGE,VENDOR-0002,WAIT_AND_FAILOVER,APPROVED,,WAIT_AND_FAILOVER,RESOLVED,101,False,,0.658,2024-01-05T21:46:00+00:00,SYNTHETIC
OUT-000410,INC-000410,EP-000410,KE-0016,EXTERNAL_VENDOR_OUTAGE,VENDOR-0001,WAIT_AND_FAILOVER,APPROVED,CHANGED_REMEDIATION,WAIT_AND_FAILOVER,RESOLVED,125,False,,0.759,2024-01-05T22:27:00+00:00,SYNTHETIC
OUT-000411,INC-000411,EP-000411,KE-0016,EXTERNAL_VENDOR_OUTAGE,VENDOR-0004,WAIT_AND_FAILOVER,APPROVED,CHANGED_REMEDIATION,WAIT_AND_FAILOVER,RESOLVED,38,False,,0.615,2024-01-05T21:17:00+00:00,SYNTHETIC
OUT-000412,INC-000412,EP-000412,KE-0016,EXTERNAL_VENDOR_OUTAGE,VENDOR-0003,WAIT_AND_FAILOVER,APPROVED,,WAIT_AND_FAILOVER,RESOLVED,103,False,,0.875,2024-01-05T22:39:00+00:00,SYNTHETIC
OUT-000413,INC-000413,EP-000413,KE-0016,EXTERNAL_VENDOR_OUTAGE,VENDOR-0002,WAIT_AND_FAILOVER,APPROVED,CHANGED_REMEDIATION,WAIT_AND_FAILOVER,RESOLVED,164,False,,0.793,2024-01-05T23:57:00+00:00,SYNTHETIC
OUT-000414,INC-000414,EP-000414,KE-0016,EXTERNAL_VENDOR_OUTAGE,VENDOR-0001,WAIT_AND_FAILOVER,APPROVED,,WAIT_AND_FAILOVER,RESOLVED,47,False,,0.868,2024-01-05T22:17:00+00:00,SYNTHETIC
OUT-000415,INC-000415,EP-000415,KE-0016,EXTERNAL_VENDOR_OUTAGE,VENDOR-0004,WAIT_AND_FAILOVER,APPROVED,,WAIT_AND_FAILOVER,RESOLVED,64,False,,0.402,2024-01-05T22:51:00+00:00,SYNTHETIC
OUT-000416,INC-000416,EP-000416,KE-0016,EXTERNAL_VENDOR_OUTAGE,VENDOR-0003,WAIT_AND_FAILOVER,APPROVED,,WAIT_AND_FAILOVER,RESOLVED,182,False,,0.742,2024-01-06T01:06:00+00:00,SYNTHETIC
OUT-000417,INC-000417,EP-000417,KE-0016,EXTERNAL_VENDOR_OUTAGE,VENDOR-0002,WAIT_AND_FAILOVER,APPROVED,,WAIT_AND_FAILOVER,RESOLVED,163,False,,0.578,2024-01-06T01:04:00+00:00,SYNTHETIC
OUT-000418,INC-000418,EP-000418,KE-0016,EXTERNAL_VENDOR_OUTAGE,VENDOR-0001,WAIT_AND_FAILOVER,APPROVED,,WAIT_AND_FAILOVER,RESOLVED,122,False,,0.838,2024-01-06T00:40:00+00:00,SYNTHETIC
OUT-000419,INC-000419,EP-000419,KE-0016,EXTERNAL_VENDOR_OUTAGE,VENDOR-0004,WAIT_AND_FAILOVER,APPROVED,,WAIT_AND_FAILOVER,RESOLVED,183,False,,0.481,2024-01-06T01:58:00+00:00,SYNTHETIC
OUT-000420,INC-000420,EP-000420,KE-0016,EXTERNAL_VENDOR_OUTAGE,VENDOR-0003,WAIT_AND_FAILOVER,APPROVED,,WAIT_AND_FAILOVER,RESOLVED,31,False,,0.803,2024-01-05T23:43:00+00:00,SYNTHETIC
OUT-000421,INC-000421,EP-000421,KE-0016,EXTERNAL_VENDOR_OUTAGE,VENDOR-0002,WAIT_AND_FAILOVER,APPROVED,,WAIT_AND_FAILOVER,RESOLVED,185,False,,0.942,2024-01-06T02:34:00+00:00,SYNTHETIC
OUT-000422,INC-000422,EP-000422,KE-0016,EXTERNAL_VENDOR_OUTAGE,VENDOR-0001,WAIT_AND_FAILOVER,APPROVED,CHANGED_REMEDIATION,WAIT_AND_FAILOVER,RESOLVED,109,False,,0.79,2024-01-06T01:35:00+00:00,SYNTHETIC
OUT-000423,INC-000423,EP-000423,KE-0016,EXTERNAL_VENDOR_OUTAGE,VENDOR-0004,WAIT_AND_FAILOVER,APPROVED,,WAIT_AND_FAILOVER,RESOLVED,169,False,,0.751,2024-01-06T02:52:00+00:00,SYNTHETIC
OUT-000424,INC-000424,EP-000424,KE-0016,EXTERNAL_VENDOR_OUTAGE,VENDOR-0003,WAIT_AND_FAILOVER,APPROVED,,WAIT_AND_FAILOVER,RESOLVED,131,False,,0.653,2024-01-06T02:31:00+00:00,SYNTHETIC
OUT-000425,INC-000425,EP-000425,KE-0016,EXTERNAL_VENDOR_OUTAGE,VENDOR-0002,WAIT_AND_FAILOVER,APPROVED,,WAIT_AND_FAILOVER,RESOLVED,167,False,,0.843,2024-01-06T03:24:00+00:00,SYNTHETIC
OUT-000426,INC-000426,EP-000426,KE-0016,EXTERNAL_VENDOR_OUTAGE,VENDOR-0001,WAIT_AND_FAILOVER,APPROVED,CHANGED_REMEDIATION,WAIT_AND_FAILOVER,RESOLVED,75,False,,0.374,2024-01-06T02:09:00+00:00,SYNTHETIC
OUT-000427,INC-000427,EP-000427,KE-0016,EXTERNAL_VENDOR_OUTAGE,VENDOR-0004,WAIT_AND_FAILOVER,APPROVED,,WAIT_AND_FAILOVER,RESOLVED,24,False,,0.7,2024-01-06T01:35:00+00:00,SYNTHETIC
OUT-000428,INC-000428,EP-000428,KE-0016,EXTERNAL_VENDOR_OUTAGE,VENDOR-0003,WAIT_AND_FAILOVER,APPROVED,,WAIT_AND_FAILOVER,RESOLVED,31,False,,0.385,2024-01-06T01:59:00+00:00,SYNTHETIC
OUT-000429,INC-000429,EP-000429,KE-0016,EXTERNAL_VENDOR_OUTAGE,VENDOR-0002,WAIT_AND_FAILOVER,APPROVED,,WAIT_AND_FAILOVER,NOT_RESOLVED,191,False,,0.621,2024-01-06T04:56:00+00:00,SYNTHETIC
OUT-000430,INC-000430,EP-000430,KE-0016,EXTERNAL_VENDOR_OUTAGE,VENDOR-0001,WAIT_AND_FAILOVER,APPROVED,CHANGED_REMEDIATION,WAIT_AND_FAILOVER,RESOLVED,142,False,,0.901,2024-01-06T04:24:00+00:00,SYNTHETIC
OUT-000431,INC-000431,EP-000431,KE-0016,EXTERNAL_VENDOR_OUTAGE,VENDOR-0004,WAIT_AND_FAILOVER,APPROVED,,WAIT_AND_FAILOVER,RESOLVED,107,False,,0.616,2024-01-06T04:06:00+00:00,SYNTHETIC
OUT-000432,INC-000432,EP-000432,KE-0016,EXTERNAL_VENDOR_OUTAGE,VENDOR-0003,WAIT_AND_FAILOVER,APPROVED,,WAIT_AND_FAILOVER,RESOLVED,126,False,,0.402,2024-01-06T04:42:00+00:00,SYNTHETIC
OUT-000433,INC-000433,EP-000433,KE-0016,EXTERNAL_VENDOR_OUTAGE,VENDOR-0002,WAIT_AND_FAILOVER,REJECTED,,,NOT_EXECUTED,0,False,,0.0,2024-01-06T03:13:00+00:00,SYNTHETIC
OUT-000434,INC-000434,EP-000434,KE-0016,EXTERNAL_VENDOR_OUTAGE,VENDOR-0001,WAIT_AND_FAILOVER,APPROVED,,WAIT_AND_FAILOVER,NOT_RESOLVED,425,False,,0.383,2024-01-06T10:15:00+00:00,SYNTHETIC
OUT-000435,INC-000435,EP-000435,KE-0016,EXTERNAL_VENDOR_OUTAGE,VENDOR-0004,WAIT_AND_FAILOVER,APPROVED,,WAIT_AND_FAILOVER,RESOLVED,142,False,,0.726,2024-01-06T05:49:00+00:00,SYNTHETIC
OUT-000436,INC-000436,EP-000436,KE-0016,EXTERNAL_VENDOR_OUTAGE,VENDOR-0003,WAIT_AND_FAILOVER,APPROVED,,WAIT_AND_FAILOVER,NOT_RESOLVED,502,False,,0.681,2024-01-06T12:06:00+00:00,SYNTHETIC
OUT-000437,INC-000437,EP-000437,KE-0016,EXTERNAL_VENDOR_OUTAGE,VENDOR-0002,RESTART_INTERNAL_SERVICE,APPROVED,,RESTART_INTERNAL_SERVICE,NOT_RESOLVED,149,False,,0.679,2024-01-06T06:30:00+00:00,SYNTHETIC
OUT-000438,INC-000438,EP-000438,KE-0016,EXTERNAL_VENDOR_OUTAGE,VENDOR-0001,WAIT_AND_FAILOVER,APPROVED,CHANGED_REMEDIATION,WAIT_AND_FAILOVER,NOT_RESOLVED,550,False,,0.423,2024-01-06T13:28:00+00:00,SYNTHETIC
OUT-000439,INC-000439,EP-000439,KE-0016,EXTERNAL_VENDOR_OUTAGE,VENDOR-0004,WAIT_AND_FAILOVER,APPROVED,,WAIT_AND_FAILOVER,NOT_RESOLVED,489,False,,0.391,2024-01-06T12:44:00+00:00,SYNTHETIC
OUT-000440,INC-000440,EP-000440,KE-0016,EXTERNAL_VENDOR_OUTAGE,VENDOR-0003,WAIT_AND_FAILOVER,APPROVED,,WAIT_AND_FAILOVER,RESOLVED,136,False,,0.708,2024-01-06T07:08:00+00:00,SYNTHETIC
OUT-000441,INC-000441,EP-000441,KE-0016,EXTERNAL_VENDOR_OUTAGE,VENDOR-0002,WAIT_AND_FAILOVER,APPROVED,CHANGED_REMEDIATION,WAIT_AND_FAILOVER,RESOLVED,111,False,,0.771,2024-01-06T07:00:00+00:00,SYNTHETIC
OUT-000442,INC-000442,EP-000442,KE-0016,EXTERNAL_VENDOR_OUTAGE,VENDOR-0001,WAIT_AND_FAILOVER,APPROVED,,WAIT_AND_FAILOVER,RESOLVED,184,False,,0.712,2024-01-06T08:30:00+00:00,SYNTHETIC
OUT-000443,INC-000443,EP-000443,KE-0016,EXTERNAL_VENDOR_OUTAGE,VENDOR-0004,WAIT_AND_FAILOVER,APPROVED,,WAIT_AND_FAILOVER,RESOLVED,173,False,,0.863,2024-01-06T08:36:00+00:00,SYNTHETIC
OUT-000444,INC-000444,EP-000444,KE-0016,EXTERNAL_VENDOR_OUTAGE,VENDOR-0003,WAIT_AND_FAILOVER,APPROVED,CHANGED_REMEDIATION,WAIT_AND_FAILOVER,RESOLVED,31,False,,0.898,2024-01-06T06:31:00+00:00,SYNTHETIC
OUT-000445,INC-000445,EP-000445,KE-0016,EXTERNAL_VENDOR_OUTAGE,VENDOR-0002,WAIT_AND_FAILOVER,APPROVED,,WAIT_AND_FAILOVER,RESOLVED,169,False,,0.419,2024-01-06T09:06:00+00:00,SYNTHETIC
OUT-000446,INC-000446,EP-000446,KE-0016,EXTERNAL_VENDOR_OUTAGE,VENDOR-0001,WAIT_AND_FAILOVER,APPROVED,CHANGED_REMEDIATION,WAIT_AND_FAILOVER,RESOLVED,15,False,,0.375,2024-01-06T06:54:00+00:00,SYNTHETIC
OUT-000447,INC-000447,EP-000447,KE-0016,EXTERNAL_VENDOR_OUTAGE,VENDOR-0004,WAIT_AND_FAILOVER,APPROVED,,WAIT_AND_FAILOVER,RESOLVED,53,False,,0.866,2024-01-06T07:44:00+00:00,SYNTHETIC
OUT-000448,INC-000448,EP-000448,KE-0016,EXTERNAL_VENDOR_OUTAGE,VENDOR-0003,RESTART_INTERNAL_SERVICE,APPROVED,,RESTART_INTERNAL_SERVICE,NOT_RESOLVED,311,False,,0.686,2024-01-06T12:19:00+00:00,SYNTHETIC
OUT-000449,INC-000449,EP-000449,KE-0016,EXTERNAL_VENDOR_OUTAGE,VENDOR-0002,WAIT_AND_FAILOVER,APPROVED,,WAIT_AND_FAILOVER,RESOLVED,56,False,,0.544,2024-01-06T08:21:00+00:00,SYNTHETIC
OUT-000450,INC-000450,EP-000450,KE-0016,EXTERNAL_VENDOR_OUTAGE,VENDOR-0001,WAIT_AND_FAILOVER,REJECTED,,,NOT_EXECUTED,0,False,,0.0,2024-01-06T08:02:00+00:00,SYNTHETIC
OUT-000451,INC-000451,EP-000451,KE-0016,EXTERNAL_VENDOR_OUTAGE,VENDOR-0004,WAIT_AND_FAILOVER,APPROVED,,WAIT_AND_FAILOVER,RESOLVED,39,False,,0.919,2024-01-06T08:38:00+00:00,SYNTHETIC
OUT-000452,INC-000452,EP-000452,KE-0016,EXTERNAL_VENDOR_OUTAGE,VENDOR-0003,WAIT_AND_FAILOVER,APPROVED,CHANGED_REMEDIATION,WAIT_AND_FAILOVER,RESOLVED,186,False,,0.826,2024-01-06T11:22:00+00:00,SYNTHETIC
OUT-000453,INC-000453,EP-000453,KE-0016,EXTERNAL_VENDOR_OUTAGE,VENDOR-0002,WAIT_AND_FAILOVER,APPROVED,CHANGED_REMEDIATION,WAIT_AND_FAILOVER,RESOLVED,89,True,,0.745,2024-01-06T10:02:00+00:00,SYNTHETIC
OUT-000454,INC-000454,EP-000454,KE-0016,EXTERNAL_VENDOR_OUTAGE,VENDOR-0001,WAIT_AND_FAILOVER,APPROVED,CHANGED_REMEDIATION,WAIT_AND_FAILOVER,RESOLVED,132,False,,0.559,2024-01-06T11:02:00+00:00,SYNTHETIC
OUT-000455,INC-000455,EP-000455,KE-0016,EXTERNAL_VENDOR_OUTAGE,VENDOR-0004,WAIT_AND_FAILOVER,APPROVED,CHANGED_REMEDIATION,WAIT_AND_FAILOVER,RESOLVED,36,False,,0.519,2024-01-06T09:43:00+00:00,SYNTHETIC
OUT-000456,INC-000456,EP-000456,KE-0016,EXTERNAL_VENDOR_OUTAGE,VENDOR-0003,WAIT_AND_FAILOVER,APPROVED,,WAIT_AND_FAILOVER,NOT_RESOLVED,569,False,,0.565,2024-01-06T18:53:00+00:00,SYNTHETIC
OUT-000457,INC-000457,EP-000457,KE-0016,EXTERNAL_VENDOR_OUTAGE,VENDOR-0002,WAIT_AND_FAILOVER,APPROVED,CHANGED_REMEDIATION,WAIT_AND_FAILOVER,RESOLVED,161,False,,0.736,2024-01-06T12:22:00+00:00,SYNTHETIC
OUT-000458,INC-000458,EP-000458,KE-0016,EXTERNAL_VENDOR_OUTAGE,VENDOR-0001,WAIT_AND_FAILOVER,APPROVED,,WAIT_AND_FAILOVER,RESOLVED,135,False,,0.648,2024-01-06T12:13:00+00:00,SYNTHETIC
OUT-000459,INC-000459,EP-000459,KE-0016,EXTERNAL_VENDOR_OUTAGE,VENDOR-0004,RESTART_INTERNAL_SERVICE,APPROVED,,RESTART_INTERNAL_SERVICE,NOT_RESOLVED,500,False,,0.743,2024-01-06T18:35:00+00:00,SYNTHETIC
OUT-000460,INC-000460,EP-000460,KE-0016,EXTERNAL_VENDOR_OUTAGE,VENDOR-0003,RESTART_INTERNAL_SERVICE,APPROVED,,RESTART_INTERNAL_SERVICE,RESOLVED,77,False,,0.837,2024-01-06T11:49:00+00:00,SYNTHETIC
OUT-000461,INC-000461,EP-000461,KE-0016,EXTERNAL_VENDOR_OUTAGE,VENDOR-0002,WAIT_AND_FAILOVER,APPROVED,CHANGED_REMEDIATION,WAIT_AND_FAILOVER,RESOLVED,127,False,,0.659,2024-01-06T12:56:00+00:00,SYNTHETIC
OUT-000462,INC-000462,EP-000462,KE-0016,EXTERNAL_VENDOR_OUTAGE,VENDOR-0001,WAIT_AND_FAILOVER,APPROVED,,WAIT_AND_FAILOVER,RESOLVED,112,False,,0.864,2024-01-06T12:58:00+00:00,SYNTHETIC
OUT-000463,INC-000463,EP-000463,KE-0016,EXTERNAL_VENDOR_OUTAGE,VENDOR-0004,WAIT_AND_FAILOVER,APPROVED,,WAIT_AND_FAILOVER,NOT_RESOLVED,443,False,,0.536,2024-01-06T18:46:00+00:00,SYNTHETIC
OUT-000464,INC-000464,EP-000464,KE-0016,EXTERNAL_VENDOR_OUTAGE,VENDOR-0003,RESTART_INTERNAL_SERVICE,APPROVED,,RESTART_INTERNAL_SERVICE,NOT_RESOLVED,398,False,,0.467,2024-01-06T18:18:00+00:00,SYNTHETIC
OUT-000465,INC-000465,EP-000465,KE-0016,EXTERNAL_VENDOR_OUTAGE,VENDOR-0002,WAIT_AND_FAILOVER,APPROVED,,WAIT_AND_FAILOVER,RESOLVED,94,True,,0.936,2024-01-06T13:31:00+00:00,SYNTHETIC
OUT-000466,INC-000466,EP-000466,KE-0016,EXTERNAL_VENDOR_OUTAGE,VENDOR-0001,WAIT_AND_FAILOVER,APPROVED,,WAIT_AND_FAILOVER,RESOLVED,66,False,,0.947,2024-01-06T13:20:00+00:00,SYNTHETIC
OUT-000467,INC-000467,EP-000467,KE-0016,EXTERNAL_VENDOR_OUTAGE,VENDOR-0004,WAIT_AND_FAILOVER,APPROVED,,WAIT_AND_FAILOVER,RESOLVED,31,False,,0.62,2024-01-06T13:02:00+00:00,SYNTHETIC
OUT-000468,INC-000468,EP-000468,KE-0016,EXTERNAL_VENDOR_OUTAGE,VENDOR-0003,WAIT_AND_FAILOVER,APPROVED,,WAIT_AND_FAILOVER,RESOLVED,95,True,,0.44,2024-01-06T14:23:00+00:00,SYNTHETIC
OUT-000469,INC-000469,EP-000469,KE-0016,EXTERNAL_VENDOR_OUTAGE,VENDOR-0002,WAIT_AND_FAILOVER,APPROVED,CHANGED_REMEDIATION,WAIT_AND_FAILOVER,RESOLVED,187,False,,0.48,2024-01-06T16:12:00+00:00,SYNTHETIC
OUT-000470,INC-000470,EP-000470,KE-0016,EXTERNAL_VENDOR_OUTAGE,VENDOR-0001,WAIT_AND_FAILOVER,APPROVED,,WAIT_AND_FAILOVER,NOT_RESOLVED,380,False,,0.678,2024-01-06T19:42:00+00:00,SYNTHETIC
OUT-000471,INC-000471,EP-000471,KE-0016,EXTERNAL_VENDOR_OUTAGE,VENDOR-0004,WAIT_AND_FAILOVER,APPROVED,,WAIT_AND_FAILOVER,RESOLVED,93,True,,0.398,2024-01-06T15:12:00+00:00,SYNTHETIC
OUT-000472,INC-000472,EP-000472,KE-0016,EXTERNAL_VENDOR_OUTAGE,VENDOR-0003,WAIT_AND_FAILOVER,APPROVED,,WAIT_AND_FAILOVER,RESOLVED,30,False,,0.857,2024-01-06T14:26:00+00:00,SYNTHETIC
OUT-000473,INC-000473,EP-000473,KE-0016,EXTERNAL_VENDOR_OUTAGE,VENDOR-0002,WAIT_AND_FAILOVER,APPROVED,CHANGED_REMEDIATION,WAIT_AND_FAILOVER,RESOLVED,48,True,,0.65,2024-01-06T15:01:00+00:00,SYNTHETIC
OUT-000474,INC-000474,EP-000474,KE-0016,EXTERNAL_VENDOR_OUTAGE,VENDOR-0001,WAIT_AND_FAILOVER,REJECTED,,,NOT_EXECUTED,0,False,,0.0,2024-01-06T14:50:00+00:00,SYNTHETIC
OUT-000475,INC-000475,EP-000475,KE-0016,EXTERNAL_VENDOR_OUTAGE,VENDOR-0004,WAIT_AND_FAILOVER,APPROVED,,WAIT_AND_FAILOVER,RESOLVED,32,False,,0.424,2024-01-06T15:19:00+00:00,SYNTHETIC
OUT-000476,INC-000476,EP-000476,KE-0016,EXTERNAL_VENDOR_OUTAGE,VENDOR-0003,WAIT_AND_FAILOVER,APPROVED,,WAIT_AND_FAILOVER,RESOLVED,173,False,,0.92,2024-01-06T17:57:00+00:00,SYNTHETIC
OUT-000477,INC-000477,EP-000477,KE-0016,EXTERNAL_VENDOR_OUTAGE,VENDOR-0002,WAIT_AND_FAILOVER,APPROVED,,WAIT_AND_FAILOVER,RESOLVED,42,False,,0.944,2024-01-06T16:03:00+00:00,SYNTHETIC
OUT-000478,INC-000478,EP-000478,KE-0016,EXTERNAL_VENDOR_OUTAGE,VENDOR-0001,WAIT_AND_FAILOVER,APPROVED,,WAIT_AND_FAILOVER,RESOLVED,105,False,,0.512,2024-01-06T17:23:00+00:00,SYNTHETIC
OUT-000479,INC-000479,EP-000479,KE-0016,EXTERNAL_VENDOR_OUTAGE,VENDOR-0004,WAIT_AND_FAILOVER,APPROVED,,WAIT_AND_FAILOVER,RESOLVED,185,True,,0.525,2024-01-06T19:00:00+00:00,SYNTHETIC
OUT-000480,INC-000480,EP-000480,KE-0016,EXTERNAL_VENDOR_OUTAGE,VENDOR-0003,WAIT_AND_FAILOVER,APPROVED,,WAIT_AND_FAILOVER,NOT_RESOLVED,190,False,,0.722,2024-01-06T19:22:00+00:00,SYNTHETIC
OUT-000481,INC-000481,EP-000481,KE-0016,EXTERNAL_VENDOR_OUTAGE,VENDOR-0002,WAIT_AND_FAILOVER,APPROVED,,WAIT_AND_FAILOVER,RESOLVED,55,False,,0.403,2024-01-06T17:24:00+00:00,SYNTHETIC
OUT-000482,INC-000482,EP-000482,KE-0016,EXTERNAL_VENDOR_OUTAGE,VENDOR-0001,WAIT_AND_FAILOVER,APPROVED,,WAIT_AND_FAILOVER,RESOLVED,125,False,,0.411,2024-01-06T18:51:00+00:00,SYNTHETIC
OUT-000483,INC-000483,EP-000483,KE-0016,EXTERNAL_VENDOR_OUTAGE,VENDOR-0004,WAIT_AND_FAILOVER,APPROVED,,WAIT_AND_FAILOVER,RESOLVED,75,False,,0.756,2024-01-06T18:18:00+00:00,SYNTHETIC
OUT-000484,INC-000484,EP-000484,KE-0016,EXTERNAL_VENDOR_OUTAGE,VENDOR-0003,WAIT_AND_FAILOVER,REJECTED,,,NOT_EXECUTED,0,False,,0.0,2024-01-06T17:40:00+00:00,SYNTHETIC
OUT-000485,INC-000485,EP-000485,KE-0016,EXTERNAL_VENDOR_OUTAGE,VENDOR-0002,RESTART_INTERNAL_SERVICE,APPROVED,,RESTART_INTERNAL_SERVICE,NOT_RESOLVED,136,False,,0.548,2024-01-06T19:53:00+00:00,SYNTHETIC
OUT-000486,INC-000486,EP-000486,KE-0016,EXTERNAL_VENDOR_OUTAGE,VENDOR-0001,WAIT_AND_FAILOVER,APPROVED,,WAIT_AND_FAILOVER,NOT_RESOLVED,255,False,,0.799,2024-01-06T22:09:00+00:00,SYNTHETIC
OUT-000487,INC-000487,EP-000487,KE-0016,EXTERNAL_VENDOR_OUTAGE,VENDOR-0004,WAIT_AND_FAILOVER,APPROVED,,WAIT_AND_FAILOVER,RESOLVED,149,False,,0.387,2024-01-06T20:40:00+00:00,SYNTHETIC
OUT-000488,INC-000488,EP-000488,KE-0016,EXTERNAL_VENDOR_OUTAGE,VENDOR-0003,WAIT_AND_FAILOVER,APPROVED,,WAIT_AND_FAILOVER,RESOLVED,108,False,,0.871,2024-01-06T20:16:00+00:00,SYNTHETIC
OUT-000489,INC-000489,EP-000489,KE-0016,EXTERNAL_VENDOR_OUTAGE,VENDOR-0002,WAIT_AND_FAILOVER,APPROVED,,WAIT_AND_FAILOVER,RESOLVED,130,False,,0.565,2024-01-06T20:55:00+00:00,SYNTHETIC
OUT-000490,INC-000490,EP-000490,KE-0016,EXTERNAL_VENDOR_OUTAGE,VENDOR-0001,WAIT_AND_FAILOVER,APPROVED,,WAIT_AND_FAILOVER,RESOLVED,23,True,,0.915,2024-01-06T19:25:00+00:00,SYNTHETIC
OUT-000491,INC-000491,EP-000491,KE-0016,EXTERNAL_VENDOR_OUTAGE,VENDOR-0004,RESTART_INTERNAL_SERVICE,APPROVED,,RESTART_INTERNAL_SERVICE,RESOLVED,129,False,,0.624,2024-01-06T21:28:00+00:00,SYNTHETIC
OUT-000492,INC-000492,EP-000492,KE-0016,EXTERNAL_VENDOR_OUTAGE,VENDOR-0003,RESTART_INTERNAL_SERVICE,APPROVED,,RESTART_INTERNAL_SERVICE,NOT_RESOLVED,97,False,,0.362,2024-01-06T21:13:00+00:00,SYNTHETIC
OUT-000493,INC-000493,EP-000493,KE-0016,EXTERNAL_VENDOR_OUTAGE,VENDOR-0002,WAIT_AND_FAILOVER,APPROVED,,WAIT_AND_FAILOVER,RESOLVED,152,False,,0.384,2024-01-06T22:25:00+00:00,SYNTHETIC
OUT-000494,INC-000494,EP-000494,KE-0016,EXTERNAL_VENDOR_OUTAGE,VENDOR-0001,WAIT_AND_FAILOVER,APPROVED,,WAIT_AND_FAILOVER,RESOLVED,8,False,,0.742,2024-01-06T20:30:00+00:00,SYNTHETIC
OUT-000495,INC-000495,EP-000495,KE-0016,EXTERNAL_VENDOR_OUTAGE,VENDOR-0004,WAIT_AND_FAILOVER,APPROVED,,WAIT_AND_FAILOVER,NOT_RESOLVED,173,False,,0.545,2024-01-06T23:20:00+00:00,SYNTHETIC
OUT-000496,INC-000496,EP-000496,KE-0016,EXTERNAL_VENDOR_OUTAGE,VENDOR-0003,WAIT_AND_FAILOVER,APPROVED,,WAIT_AND_FAILOVER,NOT_RESOLVED,336,False,,0.601,2024-01-07T02:20:00+00:00,SYNTHETIC
OUT-000497,INC-000497,EP-000497,KE-0016,EXTERNAL_VENDOR_OUTAGE,VENDOR-0002,WAIT_AND_FAILOVER,APPROVED,,WAIT_AND_FAILOVER,RESOLVED,171,True,,0.912,2024-01-06T23:52:00+00:00,SYNTHETIC
OUT-000498,INC-000498,EP-000498,KE-0017,SOFTWARE_REGRESSION,COMP-0003,RESTART_COMPONENT,APPROVED,,RESTART_COMPONENT,NOT_RESOLVED,334,False,,0.73,2024-01-07T02:52:00+00:00,SYNTHETIC
OUT-000499,INC-000499,EP-000499,KE-0017,SOFTWARE_REGRESSION,COMP-0010,RESTART_COMPONENT,APPROVED,,RESTART_COMPONENT,NOT_RESOLVED,100,False,,0.722,2024-01-06T23:15:00+00:00,SYNTHETIC
OUT-000500,INC-000500,EP-000500,KE-0017,SOFTWARE_REGRESSION,COMP-0017,ROLLBACK_RELEASE,REJECTED,,,NOT_EXECUTED,0,False,,0.0,2024-01-06T22:12:00+00:00,SYNTHETIC
OUT-000501,INC-000501,EP-000501,KE-0017,SOFTWARE_REGRESSION,COMP-0024,ROLLBACK_RELEASE,APPROVED,,ROLLBACK_RELEASE,RESOLVED,166,False,,0.592,2024-01-07T00:55:00+00:00,SYNTHETIC
OUT-000502,INC-000502,EP-000502,KE-0017,SOFTWARE_REGRESSION,COMP-0001,ROLLBACK_RELEASE,APPROVED,CHANGED_REMEDIATION,ROLLBACK_RELEASE,RESOLVED,101,False,,0.375,2024-01-07T00:07:00+00:00,SYNTHETIC
OUT-000503,INC-000503,EP-000503,KE-0017,SOFTWARE_REGRESSION,COMP-0008,ROLLBACK_RELEASE,REJECTED,,,NOT_EXECUTED,0,False,,0.0,2024-01-06T23:03:00+00:00,SYNTHETIC
OUT-000504,INC-000504,EP-000504,KE-0017,SOFTWARE_REGRESSION,COMP-0015,ROLLBACK_RELEASE,APPROVED,CHANGED_REMEDIATION,ROLLBACK_RELEASE,RESOLVED,175,False,,0.478,2024-01-07T01:55:00+00:00,SYNTHETIC
OUT-000505,INC-000505,EP-000505,KE-0017,SOFTWARE_REGRESSION,COMP-0022,RESTART_COMPONENT,APPROVED,,RESTART_COMPONENT,NOT_RESOLVED,222,False,,0.59,2024-01-07T02:59:00+00:00,SYNTHETIC
OUT-000506,INC-000506,EP-000506,KE-0017,SOFTWARE_REGRESSION,COMP-0029,ROLLBACK_RELEASE,APPROVED,,ROLLBACK_RELEASE,RESOLVED,174,False,,0.554,2024-01-07T02:28:00+00:00,SYNTHETIC
OUT-000507,INC-000507,EP-000507,KE-0017,SOFTWARE_REGRESSION,COMP-0006,ROLLBACK_RELEASE,APPROVED,,ROLLBACK_RELEASE,RESOLVED,91,False,,0.43,2024-01-07T01:22:00+00:00,SYNTHETIC
OUT-000508,INC-000508,EP-000508,KE-0017,SOFTWARE_REGRESSION,COMP-0013,ROLLBACK_RELEASE,APPROVED,,ROLLBACK_RELEASE,RESOLVED,179,False,,0.351,2024-01-07T03:07:00+00:00,SYNTHETIC
OUT-000509,INC-000509,EP-000509,KE-0017,SOFTWARE_REGRESSION,COMP-0020,ROLLBACK_RELEASE,APPROVED,,ROLLBACK_RELEASE,RESOLVED,169,False,,0.376,2024-01-07T03:14:00+00:00,SYNTHETIC
OUT-000510,INC-000510,EP-000510,KE-0017,SOFTWARE_REGRESSION,COMP-0027,ROLLBACK_RELEASE,APPROVED,,ROLLBACK_RELEASE,RESOLVED,129,False,,0.851,2024-01-07T02:51:00+00:00,SYNTHETIC
OUT-000511,INC-000511,EP-000511,KE-0017,SOFTWARE_REGRESSION,COMP-0004,ROLLBACK_RELEASE,APPROVED,,ROLLBACK_RELEASE,RESOLVED,170,False,,0.672,2024-01-07T03:49:00+00:00,SYNTHETIC
OUT-000512,INC-000512,EP-000512,KE-0017,SOFTWARE_REGRESSION,COMP-0011,ROLLBACK_RELEASE,APPROVED,,ROLLBACK_RELEASE,RESOLVED,119,False,,0.414,2024-01-07T03:15:00+00:00,SYNTHETIC
OUT-000513,INC-000513,EP-000513,KE-0017,SOFTWARE_REGRESSION,COMP-0018,ROLLBACK_RELEASE,APPROVED,,ROLLBACK_RELEASE,RESOLVED,179,False,,0.865,2024-01-07T04:32:00+00:00,SYNTHETIC
OUT-000514,INC-000514,EP-000514,KE-0017,SOFTWARE_REGRESSION,COMP-0025,ROLLBACK_RELEASE,APPROVED,,ROLLBACK_RELEASE,RESOLVED,56,False,,0.728,2024-01-07T02:46:00+00:00,SYNTHETIC
OUT-000515,INC-000515,EP-000515,KE-0017,SOFTWARE_REGRESSION,COMP-0002,ROLLBACK_RELEASE,APPROVED,,ROLLBACK_RELEASE,RESOLVED,69,False,,0.4,2024-01-07T03:16:00+00:00,SYNTHETIC
OUT-000516,INC-000516,EP-000516,KE-0017,SOFTWARE_REGRESSION,COMP-0009,ROLLBACK_RELEASE,APPROVED,,ROLLBACK_RELEASE,RESOLVED,17,False,,0.592,2024-01-07T02:44:00+00:00,SYNTHETIC
OUT-000517,INC-000517,EP-000517,KE-0017,SOFTWARE_REGRESSION,COMP-0016,RESTART_COMPONENT,APPROVED,,RESTART_COMPONENT,NOT_RESOLVED,95,False,,0.469,2024-01-07T04:16:00+00:00,SYNTHETIC
OUT-000518,INC-000518,EP-000518,KE-0017,SOFTWARE_REGRESSION,COMP-0023,RESTART_COMPONENT,APPROVED,,RESTART_COMPONENT,NOT_RESOLVED,509,False,,0.61,2024-01-07T11:27:00+00:00,SYNTHETIC
OUT-000519,INC-000519,EP-000519,KE-0017,SOFTWARE_REGRESSION,COMP-0030,ROLLBACK_RELEASE,APPROVED,CHANGED_REMEDIATION,ROLLBACK_RELEASE,RESOLVED,70,False,,0.796,2024-01-07T04:25:00+00:00,SYNTHETIC
OUT-000520,INC-000520,EP-000520,KE-0017,SOFTWARE_REGRESSION,COMP-0007,RESTART_COMPONENT,APPROVED,,RESTART_COMPONENT,RESOLVED,87,False,,0.924,2024-01-07T04:59:00+00:00,SYNTHETIC
OUT-000521,INC-000521,EP-000521,KE-0017,SOFTWARE_REGRESSION,COMP-0014,ROLLBACK_RELEASE,APPROVED,CHANGED_REMEDIATION,ROLLBACK_RELEASE,RESOLVED,10,False,,0.876,2024-01-07T04:09:00+00:00,SYNTHETIC
OUT-000522,INC-000522,EP-000522,KE-0017,SOFTWARE_REGRESSION,COMP-0021,ROLLBACK_RELEASE,APPROVED,,ROLLBACK_RELEASE,RESOLVED,145,True,,0.384,2024-01-07T06:31:00+00:00,SYNTHETIC
OUT-000523,INC-000523,EP-000523,KE-0017,SOFTWARE_REGRESSION,COMP-0028,ROLLBACK_RELEASE,APPROVED,CHANGED_REMEDIATION,ROLLBACK_RELEASE,RESOLVED,130,False,,0.406,2024-01-07T06:33:00+00:00,SYNTHETIC
OUT-000524,INC-000524,EP-000524,KE-0017,SOFTWARE_REGRESSION,COMP-0005,ROLLBACK_RELEASE,APPROVED,CHANGED_REMEDIATION,ROLLBACK_RELEASE,RESOLVED,184,False,,0.846,2024-01-07T07:44:00+00:00,SYNTHETIC
OUT-000525,INC-000525,EP-000525,KE-0017,SOFTWARE_REGRESSION,COMP-0012,ROLLBACK_RELEASE,APPROVED,CHANGED_REMEDIATION,ROLLBACK_RELEASE,RESOLVED,75,False,,0.458,2024-01-07T06:12:00+00:00,SYNTHETIC
OUT-000526,INC-000526,EP-000526,KE-0017,SOFTWARE_REGRESSION,COMP-0019,ROLLBACK_RELEASE,APPROVED,,ROLLBACK_RELEASE,RESOLVED,22,False,,0.668,2024-01-07T05:36:00+00:00,SYNTHETIC
OUT-000527,INC-000527,EP-000527,KE-0017,SOFTWARE_REGRESSION,COMP-0026,ROLLBACK_RELEASE,APPROVED,,ROLLBACK_RELEASE,RESOLVED,46,False,,0.914,2024-01-07T06:17:00+00:00,SYNTHETIC
OUT-000528,INC-000528,EP-000528,KE-0017,SOFTWARE_REGRESSION,COMP-0003,ROLLBACK_RELEASE,APPROVED,,ROLLBACK_RELEASE,RESOLVED,33,False,,0.39,2024-01-07T06:21:00+00:00,SYNTHETIC
OUT-000529,INC-000529,EP-000529,KE-0017,SOFTWARE_REGRESSION,COMP-0010,ROLLBACK_RELEASE,APPROVED,,ROLLBACK_RELEASE,RESOLVED,117,True,,0.459,2024-01-07T08:02:00+00:00,SYNTHETIC
OUT-000530,INC-000530,EP-000530,KE-0017,SOFTWARE_REGRESSION,COMP-0017,RESTART_COMPONENT,APPROVED,,RESTART_COMPONENT,NOT_RESOLVED,515,False,,0.513,2024-01-07T14:57:00+00:00,SYNTHETIC
OUT-000531,INC-000531,EP-000531,KE-0017,SOFTWARE_REGRESSION,COMP-0024,ROLLBACK_RELEASE,APPROVED,,ROLLBACK_RELEASE,RESOLVED,174,False,,0.438,2024-01-07T09:33:00+00:00,SYNTHETIC
OUT-000532,INC-000532,EP-000532,KE-0017,SOFTWARE_REGRESSION,COMP-0001,ROLLBACK_RELEASE,APPROVED,,ROLLBACK_RELEASE,RESOLVED,61,False,,0.673,2024-01-07T07:57:00+00:00,SYNTHETIC
OUT-000533,INC-000533,EP-000533,KE-0017,SOFTWARE_REGRESSION,COMP-0008,ROLLBACK_RELEASE,APPROVED,,ROLLBACK_RELEASE,RESOLVED,99,False,,0.773,2024-01-07T08:52:00+00:00,SYNTHETIC
OUT-000534,INC-000534,EP-000534,KE-0017,SOFTWARE_REGRESSION,COMP-0015,ROLLBACK_RELEASE,APPROVED,,ROLLBACK_RELEASE,RESOLVED,179,False,,0.689,2024-01-07T10:29:00+00:00,SYNTHETIC
OUT-000535,INC-000535,EP-000535,KE-0017,SOFTWARE_REGRESSION,COMP-0022,ROLLBACK_RELEASE,APPROVED,CHANGED_REMEDIATION,ROLLBACK_RELEASE,RESOLVED,187,False,,0.577,2024-01-07T10:54:00+00:00,SYNTHETIC
OUT-000536,INC-000536,EP-000536,KE-0017,SOFTWARE_REGRESSION,COMP-0029,ROLLBACK_RELEASE,APPROVED,CHANGED_REMEDIATION,ROLLBACK_RELEASE,RESOLVED,143,False,,0.41,2024-01-07T10:27:00+00:00,SYNTHETIC
OUT-000537,INC-000537,EP-000537,KE-0017,SOFTWARE_REGRESSION,COMP-0006,ROLLBACK_RELEASE,REJECTED,,,NOT_EXECUTED,0,False,,0.0,2024-01-07T08:41:00+00:00,SYNTHETIC
OUT-000538,INC-000538,EP-000538,KE-0017,SOFTWARE_REGRESSION,COMP-0013,ROLLBACK_RELEASE,APPROVED,,ROLLBACK_RELEASE,RESOLVED,141,False,,0.64,2024-01-07T10:59:00+00:00,SYNTHETIC
OUT-000539,INC-000539,EP-000539,KE-0017,SOFTWARE_REGRESSION,COMP-0020,ROLLBACK_RELEASE,APPROVED,,ROLLBACK_RELEASE,RESOLVED,66,False,,0.761,2024-01-07T10:01:00+00:00,SYNTHETIC
OUT-000540,INC-000540,EP-000540,KE-0017,SOFTWARE_REGRESSION,COMP-0027,ROLLBACK_RELEASE,APPROVED,,ROLLBACK_RELEASE,RESOLVED,37,False,,0.825,2024-01-07T09:49:00+00:00,SYNTHETIC
OUT-000541,INC-000541,EP-000541,KE-0017,SOFTWARE_REGRESSION,COMP-0004,ROLLBACK_RELEASE,APPROVED,,ROLLBACK_RELEASE,RESOLVED,72,False,,0.534,2024-01-07T10:41:00+00:00,SYNTHETIC
OUT-000542,INC-000542,EP-000542,KE-0017,SOFTWARE_REGRESSION,COMP-0011,ROLLBACK_RELEASE,APPROVED,CHANGED_REMEDIATION,ROLLBACK_RELEASE,RESOLVED,149,False,,0.473,2024-01-07T12:15:00+00:00,SYNTHETIC
OUT-000543,INC-000543,EP-000543,KE-0017,SOFTWARE_REGRESSION,COMP-0018,ROLLBACK_RELEASE,APPROVED,,ROLLBACK_RELEASE,RESOLVED,94,False,,0.566,2024-01-07T11:37:00+00:00,SYNTHETIC
OUT-000544,INC-000544,EP-000544,KE-0017,SOFTWARE_REGRESSION,COMP-0025,RESTART_COMPONENT,APPROVED,,RESTART_COMPONENT,NOT_RESOLVED,151,False,,0.901,2024-01-07T12:51:00+00:00,SYNTHETIC
OUT-000545,INC-000545,EP-000545,KE-0017,SOFTWARE_REGRESSION,COMP-0002,RESTART_COMPONENT,APPROVED,,RESTART_COMPONENT,NOT_RESOLVED,118,False,,0.762,2024-01-07T12:35:00+00:00,SYNTHETIC
OUT-000546,INC-000546,EP-000546,KE-0017,SOFTWARE_REGRESSION,COMP-0009,ROLLBACK_RELEASE,APPROVED,,ROLLBACK_RELEASE,RESOLVED,8,False,,0.712,2024-01-07T11:14:00+00:00,SYNTHETIC
OUT-000547,INC-000547,EP-000547,KE-0017,SOFTWARE_REGRESSION,COMP-0016,ROLLBACK_RELEASE,APPROVED,,ROLLBACK_RELEASE,RESOLVED,100,False,,0.823,2024-01-07T12:51:00+00:00,SYNTHETIC
OUT-000548,INC-000548,EP-000548,KE-0017,SOFTWARE_REGRESSION,COMP-0023,ROLLBACK_RELEASE,APPROVED,,ROLLBACK_RELEASE,RESOLVED,112,False,,0.762,2024-01-07T13:20:00+00:00,SYNTHETIC
OUT-000549,INC-000549,EP-000549,KE-0017,SOFTWARE_REGRESSION,COMP-0030,ROLLBACK_RELEASE,REJECTED,,,NOT_EXECUTED,0,False,,0.0,2024-01-07T12:05:00+00:00,SYNTHETIC
OUT-000550,INC-000550,EP-000550,KE-0017,SOFTWARE_REGRESSION,COMP-0007,ROLLBACK_RELEASE,APPROVED,CHANGED_REMEDIATION,ROLLBACK_RELEASE,RESOLVED,109,False,,0.787,2024-01-07T13:51:00+00:00,SYNTHETIC
OUT-000551,INC-000551,EP-000551,KE-0017,SOFTWARE_REGRESSION,COMP-0014,ROLLBACK_RELEASE,REJECTED,,,NOT_EXECUTED,0,False,,0.0,2024-01-07T12:39:00+00:00,SYNTHETIC
OUT-000552,INC-000552,EP-000552,KE-0017,SOFTWARE_REGRESSION,COMP-0021,ROLLBACK_RELEASE,APPROVED,,ROLLBACK_RELEASE,RESOLVED,148,False,,0.546,2024-01-07T15:04:00+00:00,SYNTHETIC
OUT-000553,INC-000553,EP-000553,KE-0017,SOFTWARE_REGRESSION,COMP-0028,ROLLBACK_RELEASE,APPROVED,,ROLLBACK_RELEASE,RESOLVED,46,False,,0.583,2024-01-07T13:39:00+00:00,SYNTHETIC
OUT-000554,INC-000554,EP-000554,KE-0017,SOFTWARE_REGRESSION,COMP-0005,ROLLBACK_RELEASE,APPROVED,,ROLLBACK_RELEASE,RESOLVED,67,False,,0.441,2024-01-07T14:17:00+00:00,SYNTHETIC
OUT-000555,INC-000555,EP-000555,KE-0017,SOFTWARE_REGRESSION,COMP-0012,ROLLBACK_RELEASE,APPROVED,,ROLLBACK_RELEASE,RESOLVED,168,False,,0.442,2024-01-07T16:15:00+00:00,SYNTHETIC
OUT-000556,INC-000556,EP-000556,KE-0017,SOFTWARE_REGRESSION,COMP-0019,ROLLBACK_RELEASE,APPROVED,,ROLLBACK_RELEASE,RESOLVED,141,False,,0.887,2024-01-07T16:05:00+00:00,SYNTHETIC
OUT-000557,INC-000557,EP-000557,KE-0017,SOFTWARE_REGRESSION,COMP-0026,ROLLBACK_RELEASE,APPROVED,,ROLLBACK_RELEASE,RESOLVED,145,False,,0.357,2024-01-07T16:26:00+00:00,SYNTHETIC
OUT-000558,INC-000558,EP-000558,KE-0017,SOFTWARE_REGRESSION,COMP-0003,ROLLBACK_RELEASE,APPROVED,CHANGED_REMEDIATION,ROLLBACK_RELEASE,RESOLVED,115,False,,0.765,2024-01-07T16:13:00+00:00,SYNTHETIC
OUT-000559,INC-000559,EP-000559,KE-0017,SOFTWARE_REGRESSION,COMP-0010,ROLLBACK_RELEASE,APPROVED,,ROLLBACK_RELEASE,RESOLVED,31,False,,0.747,2024-01-07T15:06:00+00:00,SYNTHETIC
OUT-000560,INC-000560,EP-000560,KE-0017,SOFTWARE_REGRESSION,COMP-0017,ROLLBACK_RELEASE,APPROVED,,ROLLBACK_RELEASE,RESOLVED,172,True,,0.567,2024-01-07T17:44:00+00:00,SYNTHETIC
OUT-000561,INC-000561,EP-000561,KE-0017,SOFTWARE_REGRESSION,COMP-0024,RESTART_COMPONENT,REJECTED,,,NOT_EXECUTED,0,False,,0.0,2024-01-07T15:29:00+00:00,SYNTHETIC
OUT-000562,INC-000562,EP-000562,KE-0017,SOFTWARE_REGRESSION,COMP-0001,ROLLBACK_RELEASE,APPROVED,,ROLLBACK_RELEASE,RESOLVED,102,False,,0.865,2024-01-07T17:08:00+00:00,SYNTHETIC
OUT-000563,INC-000563,EP-000563,KE-0017,SOFTWARE_REGRESSION,COMP-0008,ROLLBACK_RELEASE,APPROVED,,ROLLBACK_RELEASE,RESOLVED,144,False,,0.788,2024-01-07T18:07:00+00:00,SYNTHETIC
OUT-000564,INC-000564,EP-000564,KE-0017,SOFTWARE_REGRESSION,COMP-0015,ROLLBACK_RELEASE,APPROVED,CHANGED_REMEDIATION,ROLLBACK_RELEASE,RESOLVED,186,False,,0.896,2024-01-07T19:06:00+00:00,SYNTHETIC
OUT-000565,INC-000565,EP-000565,KE-0017,SOFTWARE_REGRESSION,COMP-0022,ROLLBACK_RELEASE,APPROVED,,ROLLBACK_RELEASE,RESOLVED,144,False,,0.542,2024-01-07T18:41:00+00:00,SYNTHETIC
OUT-000566,INC-000566,EP-000566,KE-0017,SOFTWARE_REGRESSION,COMP-0029,RESTART_COMPONENT,APPROVED,,RESTART_COMPONENT,RESOLVED,79,False,,0.536,2024-01-07T17:53:00+00:00,SYNTHETIC
OUT-000567,INC-000567,EP-000567,KE-0017,SOFTWARE_REGRESSION,COMP-0006,ROLLBACK_RELEASE,APPROVED,,ROLLBACK_RELEASE,RESOLVED,185,False,,0.868,2024-01-07T19:56:00+00:00,SYNTHETIC
OUT-000568,INC-000568,EP-000568,KE-0017,SOFTWARE_REGRESSION,COMP-0013,RESTART_COMPONENT,APPROVED,,RESTART_COMPONENT,NOT_RESOLVED,239,False,,0.416,2024-01-07T21:07:00+00:00,SYNTHETIC
OUT-000569,INC-000569,EP-000569,KE-0017,SOFTWARE_REGRESSION,COMP-0020,ROLLBACK_RELEASE,APPROVED,,ROLLBACK_RELEASE,RESOLVED,142,False,,0.749,2024-01-07T19:47:00+00:00,SYNTHETIC
OUT-000570,INC-000570,EP-000570,KE-0017,SOFTWARE_REGRESSION,COMP-0027,ROLLBACK_RELEASE,APPROVED,,ROLLBACK_RELEASE,RESOLVED,103,False,,0.848,2024-01-07T19:25:00+00:00,SYNTHETIC
OUT-000571,INC-000571,EP-000571,KE-0017,SOFTWARE_REGRESSION,COMP-0004,ROLLBACK_RELEASE,APPROVED,,ROLLBACK_RELEASE,RESOLVED,9,False,,0.764,2024-01-07T18:19:00+00:00,SYNTHETIC
OUT-000572,INC-000572,EP-000572,KE-0017,SOFTWARE_REGRESSION,COMP-0011,ROLLBACK_RELEASE,APPROVED,,ROLLBACK_RELEASE,RESOLVED,186,False,,0.491,2024-01-07T21:22:00+00:00,SYNTHETIC
OUT-000573,INC-000573,EP-000573,KE-0017,SOFTWARE_REGRESSION,COMP-0018,RESTART_COMPONENT,APPROVED,,RESTART_COMPONENT,RESOLVED,159,False,,0.874,2024-01-07T21:12:00+00:00,SYNTHETIC
OUT-000574,INC-000574,EP-000574,KE-0017,SOFTWARE_REGRESSION,COMP-0025,ROLLBACK_RELEASE,APPROVED,,ROLLBACK_RELEASE,RESOLVED,20,False,,0.777,2024-01-07T19:10:00+00:00,SYNTHETIC
OUT-000575,INC-000575,EP-000575,KE-0017,SOFTWARE_REGRESSION,COMP-0002,ROLLBACK_RELEASE,APPROVED,,ROLLBACK_RELEASE,RESOLVED,111,False,,0.828,2024-01-07T20:58:00+00:00,SYNTHETIC
OUT-000576,INC-000576,EP-000576,KE-0017,SOFTWARE_REGRESSION,COMP-0009,ROLLBACK_RELEASE,APPROVED,,ROLLBACK_RELEASE,RESOLVED,173,False,,0.51,2024-01-07T22:17:00+00:00,SYNTHETIC
OUT-000577,INC-000577,EP-000577,KE-0017,SOFTWARE_REGRESSION,COMP-0016,ROLLBACK_RELEASE,APPROVED,CHANGED_REMEDIATION,ROLLBACK_RELEASE,RESOLVED,160,False,,0.878,2024-01-07T22:21:00+00:00,SYNTHETIC
OUT-000578,INC-000578,EP-000578,KE-0017,SOFTWARE_REGRESSION,COMP-0023,ROLLBACK_RELEASE,APPROVED,CHANGED_REMEDIATION,ROLLBACK_RELEASE,RESOLVED,19,False,,0.683,2024-01-07T20:18:00+00:00,SYNTHETIC
OUT-000579,INC-000579,EP-000579,KE-0017,SOFTWARE_REGRESSION,COMP-0030,RESTART_COMPONENT,APPROVED,,RESTART_COMPONENT,NOT_RESOLVED,556,False,,0.649,2024-01-08T05:31:00+00:00,SYNTHETIC
OUT-000580,INC-000580,EP-000580,KE-0017,SOFTWARE_REGRESSION,COMP-0007,ROLLBACK_RELEASE,APPROVED,,ROLLBACK_RELEASE,RESOLVED,173,False,,0.749,2024-01-07T23:25:00+00:00,SYNTHETIC
OUT-000581,INC-000581,EP-000581,KE-0017,SOFTWARE_REGRESSION,COMP-0014,ROLLBACK_RELEASE,APPROVED,,ROLLBACK_RELEASE,RESOLVED,83,False,,0.516,2024-01-07T22:12:00+00:00,SYNTHETIC
OUT-000582,INC-000582,EP-000582,KE-0017,SOFTWARE_REGRESSION,COMP-0021,ROLLBACK_RELEASE,APPROVED,,ROLLBACK_RELEASE,RESOLVED,185,False,,0.821,2024-01-08T00:11:00+00:00,SYNTHETIC
OUT-000583,INC-000583,EP-000583,KE-0017,SOFTWARE_REGRESSION,COMP-0028,RESTART_COMPONENT,APPROVED,,RESTART_COMPONENT,NOT_RESOLVED,385,False,,0.856,2024-01-08T03:48:00+00:00,SYNTHETIC
OUT-000584,INC-000584,EP-000584,KE-0017,SOFTWARE_REGRESSION,COMP-0005,ROLLBACK_RELEASE,APPROVED,,ROLLBACK_RELEASE,RESOLVED,28,False,,0.459,2024-01-07T22:08:00+00:00,SYNTHETIC
OUT-000585,INC-000585,EP-000585,KE-0017,SOFTWARE_REGRESSION,COMP-0012,ROLLBACK_RELEASE,APPROVED,,ROLLBACK_RELEASE,RESOLVED,93,False,,0.411,2024-01-07T23:30:00+00:00,SYNTHETIC
OUT-000586,INC-000586,EP-000586,KE-0017,SOFTWARE_REGRESSION,COMP-0019,ROLLBACK_RELEASE,APPROVED,CHANGED_REMEDIATION,ROLLBACK_RELEASE,RESOLVED,71,False,,0.699,2024-01-07T23:25:00+00:00,SYNTHETIC
OUT-000587,INC-000587,EP-000587,KE-0017,SOFTWARE_REGRESSION,COMP-0026,ROLLBACK_RELEASE,REJECTED,,,NOT_EXECUTED,0,False,,0.0,2024-01-07T22:51:00+00:00,SYNTHETIC
OUT-000588,INC-000588,EP-000588,KE-0017,SOFTWARE_REGRESSION,COMP-0003,RESTART_COMPONENT,APPROVED,,RESTART_COMPONENT,RESOLVED,109,False,,0.361,2024-01-08T00:37:00+00:00,SYNTHETIC
OUT-000589,INC-000589,EP-000589,KE-0017,SOFTWARE_REGRESSION,COMP-0010,ROLLBACK_RELEASE,APPROVED,,ROLLBACK_RELEASE,RESOLVED,41,False,,0.683,2024-01-07T23:46:00+00:00,SYNTHETIC
OUT-000590,INC-000590,EP-000590,KE-0017,SOFTWARE_REGRESSION,COMP-0017,ROLLBACK_RELEASE,APPROVED,CHANGED_REMEDIATION,ROLLBACK_RELEASE,RESOLVED,144,False,,0.641,2024-01-08T01:46:00+00:00,SYNTHETIC
OUT-000591,INC-000591,EP-000591,KE-0017,SOFTWARE_REGRESSION,COMP-0024,ROLLBACK_RELEASE,REJECTED,,,NOT_EXECUTED,0,False,,0.0,2024-01-07T23:59:00+00:00,SYNTHETIC
OUT-000592,INC-000592,EP-000592,KE-0017,SOFTWARE_REGRESSION,COMP-0001,ROLLBACK_RELEASE,APPROVED,CHANGED_REMEDIATION,ROLLBACK_RELEASE,RESOLVED,132,False,,0.548,2024-01-08T02:08:00+00:00,SYNTHETIC
OUT-000593,INC-000593,EP-000593,KE-0017,SOFTWARE_REGRESSION,COMP-0008,ROLLBACK_RELEASE,APPROVED,,ROLLBACK_RELEASE,RESOLVED,94,False,,0.902,2024-01-08T01:47:00+00:00,SYNTHETIC
OUT-000594,INC-000594,EP-000594,KE-0017,SOFTWARE_REGRESSION,COMP-0015,ROLLBACK_RELEASE,APPROVED,,ROLLBACK_RELEASE,RESOLVED,118,True,,0.775,2024-01-08T02:28:00+00:00,SYNTHETIC
OUT-000595,INC-000595,EP-000595,KE-0017,SOFTWARE_REGRESSION,COMP-0022,ROLLBACK_RELEASE,APPROVED,,ROLLBACK_RELEASE,RESOLVED,157,False,,0.881,2024-01-08T03:24:00+00:00,SYNTHETIC
OUT-000596,INC-000596,EP-000596,KE-0017,SOFTWARE_REGRESSION,COMP-0029,ROLLBACK_RELEASE,APPROVED,,ROLLBACK_RELEASE,RESOLVED,178,False,,0.742,2024-01-08T04:02:00+00:00,SYNTHETIC
OUT-000597,INC-000597,EP-000597,KE-0017,SOFTWARE_REGRESSION,COMP-0006,RESTART_COMPONENT,APPROVED,,RESTART_COMPONENT,NOT_RESOLVED,259,False,,0.809,2024-01-08T05:40:00+00:00,SYNTHETIC
OUT-000598,INC-000598,EP-000598,KE-0017,SOFTWARE_REGRESSION,COMP-0013,RESTART_COMPONENT,APPROVED,,RESTART_COMPONENT,NOT_RESOLVED,283,False,,0.855,2024-01-08T06:21:00+00:00,SYNTHETIC
OUT-000599,INC-000599,EP-000599,KE-0017,SOFTWARE_REGRESSION,COMP-0020,RESTART_COMPONENT,APPROVED,,RESTART_COMPONENT,RESOLVED,151,False,,0.365,2024-01-08T04:26:00+00:00,SYNTHETIC
OUT-000600,INC-000600,EP-000600,KE-0017,SOFTWARE_REGRESSION,COMP-0027,RESTART_COMPONENT,APPROVED,,RESTART_COMPONENT,NOT_RESOLVED,110,False,,0.635,2024-01-08T04:02:00+00:00,SYNTHETIC
OUT-000601,INC-000601,EP-000601,KE-0017,SOFTWARE_REGRESSION,COMP-0004,ROLLBACK_RELEASE,APPROVED,,ROLLBACK_RELEASE,RESOLVED,149,False,,0.616,2024-01-08T04:58:00+00:00,SYNTHETIC
OUT-000602,INC-000602,EP-000602,KE-0017,SOFTWARE_REGRESSION,COMP-0011,ROLLBACK_RELEASE,APPROVED,,ROLLBACK_RELEASE,RESOLVED,160,False,,0.496,2024-01-08T05:26:00+00:00,SYNTHETIC
OUT-000603,INC-000603,EP-000603,KE-0017,SOFTWARE_REGRESSION,COMP-0018,ROLLBACK_RELEASE,REJECTED,,,NOT_EXECUTED,0,False,,0.0,2024-01-08T03:23:00+00:00,SYNTHETIC
OUT-000604,INC-000604,EP-000604,KE-0017,SOFTWARE_REGRESSION,COMP-0025,ROLLBACK_RELEASE,APPROVED,CHANGED_REMEDIATION,ROLLBACK_RELEASE,RESOLVED,165,False,,0.359,2024-01-08T06:05:00+00:00,SYNTHETIC
OUT-000605,INC-000605,EP-000605,KE-0017,SOFTWARE_REGRESSION,COMP-0002,ROLLBACK_RELEASE,REJECTED,,,NOT_EXECUTED,0,False,,0.0,2024-01-08T03:57:00+00:00,SYNTHETIC
OUT-000606,INC-000606,EP-000606,KE-0017,SOFTWARE_REGRESSION,COMP-0009,ROLLBACK_RELEASE,APPROVED,,ROLLBACK_RELEASE,RESOLVED,166,False,,0.903,2024-01-08T06:40:00+00:00,SYNTHETIC
OUT-000607,INC-000607,EP-000607,KE-0017,SOFTWARE_REGRESSION,COMP-0016,ROLLBACK_RELEASE,APPROVED,,ROLLBACK_RELEASE,RESOLVED,43,False,,0.507,2024-01-08T04:54:00+00:00,SYNTHETIC
OUT-000608,INC-000608,EP-000608,KE-0017,SOFTWARE_REGRESSION,COMP-0023,RESTART_COMPONENT,APPROVED,,RESTART_COMPONENT,RESOLVED,165,False,,0.938,2024-01-08T07:13:00+00:00,SYNTHETIC
OUT-000609,INC-000609,EP-000609,KE-0017,SOFTWARE_REGRESSION,COMP-0030,ROLLBACK_RELEASE,APPROVED,,ROLLBACK_RELEASE,RESOLVED,129,False,,0.886,2024-01-08T06:54:00+00:00,SYNTHETIC
OUT-000610,INC-000610,EP-000610,KE-0017,SOFTWARE_REGRESSION,COMP-0007,ROLLBACK_RELEASE,APPROVED,CHANGED_REMEDIATION,ROLLBACK_RELEASE,RESOLVED,84,False,,0.414,2024-01-08T06:26:00+00:00,SYNTHETIC
OUT-000611,INC-000611,EP-000611,KE-0017,SOFTWARE_REGRESSION,COMP-0014,ROLLBACK_RELEASE,APPROVED,,ROLLBACK_RELEASE,RESOLVED,13,False,,0.949,2024-01-08T05:39:00+00:00,SYNTHETIC
OUT-000612,INC-000612,EP-000612,KE-0017,SOFTWARE_REGRESSION,COMP-0021,ROLLBACK_RELEASE,APPROVED,,ROLLBACK_RELEASE,RESOLVED,51,True,,0.673,2024-01-08T06:27:00+00:00,SYNTHETIC
OUT-000613,INC-000613,EP-000613,KE-0017,SOFTWARE_REGRESSION,COMP-0028,ROLLBACK_RELEASE,APPROVED,,ROLLBACK_RELEASE,RESOLVED,107,False,,0.48,2024-01-08T07:40:00+00:00,SYNTHETIC
OUT-000614,INC-000614,EP-000614,KE-0017,SOFTWARE_REGRESSION,COMP-0005,ROLLBACK_RELEASE,APPROVED,,ROLLBACK_RELEASE,RESOLVED,30,False,,0.717,2024-01-08T06:40:00+00:00,SYNTHETIC
OUT-000615,INC-000615,EP-000615,KE-0017,SOFTWARE_REGRESSION,COMP-0012,ROLLBACK_RELEASE,REJECTED,,,NOT_EXECUTED,0,False,,0.0,2024-01-08T06:47:00+00:00,SYNTHETIC
OUT-000616,INC-000616,EP-000616,KE-0017,SOFTWARE_REGRESSION,COMP-0019,ROLLBACK_RELEASE,APPROVED,,ROLLBACK_RELEASE,RESOLVED,71,False,,0.826,2024-01-08T07:55:00+00:00,SYNTHETIC
OUT-000617,INC-000617,EP-000617,KE-0017,SOFTWARE_REGRESSION,COMP-0026,ROLLBACK_RELEASE,APPROVED,,ROLLBACK_RELEASE,RESOLVED,133,False,,0.615,2024-01-08T09:14:00+00:00,SYNTHETIC
OUT-000618,INC-000618,EP-000618,KE-0017,SOFTWARE_REGRESSION,COMP-0003,ROLLBACK_RELEASE,APPROVED,CHANGED_REMEDIATION,ROLLBACK_RELEASE,RESOLVED,108,False,,0.486,2024-01-08T09:06:00+00:00,SYNTHETIC
OUT-000619,INC-000619,EP-000619,KE-0017,SOFTWARE_REGRESSION,COMP-0010,ROLLBACK_RELEASE,APPROVED,,ROLLBACK_RELEASE,RESOLVED,42,True,,0.76,2024-01-08T08:17:00+00:00,SYNTHETIC
OUT-000620,INC-000620,EP-000620,KE-0017,SOFTWARE_REGRESSION,COMP-0017,ROLLBACK_RELEASE,APPROVED,CHANGED_REMEDIATION,ROLLBACK_RELEASE,RESOLVED,36,False,,0.441,2024-01-08T08:28:00+00:00,SYNTHETIC
OUT-000621,INC-000621,EP-000621,KE-0017,SOFTWARE_REGRESSION,COMP-0024,ROLLBACK_RELEASE,APPROVED,,ROLLBACK_RELEASE,RESOLVED,132,False,,0.57,2024-01-08T10:21:00+00:00,SYNTHETIC
OUT-000622,INC-000622,EP-000622,KE-0017,SOFTWARE_REGRESSION,COMP-0001,ROLLBACK_RELEASE,APPROVED,,ROLLBACK_RELEASE,RESOLVED,135,False,,0.488,2024-01-08T10:41:00+00:00,SYNTHETIC
OUT-000623,INC-000623,EP-000623,KE-0017,SOFTWARE_REGRESSION,COMP-0008,ROLLBACK_RELEASE,APPROVED,,ROLLBACK_RELEASE,RESOLVED,18,False,,0.643,2024-01-08T09:03:00+00:00,SYNTHETIC
OUT-000624,INC-000624,EP-000624,KE-0017,SOFTWARE_REGRESSION,COMP-0015,RESTART_COMPONENT,APPROVED,,RESTART_COMPONENT,NOT_RESOLVED,527,False,,0.801,2024-01-08T17:47:00+00:00,SYNTHETIC
OUT-000625,INC-000625,EP-000625,KE-0017,SOFTWARE_REGRESSION,COMP-0022,ROLLBACK_RELEASE,APPROVED,,ROLLBACK_RELEASE,RESOLVED,11,False,,0.929,2024-01-08T09:37:00+00:00,SYNTHETIC
OUT-000626,INC-000626,EP-000626,KE-0017,SOFTWARE_REGRESSION,COMP-0029,ROLLBACK_RELEASE,APPROVED,CHANGED_REMEDIATION,ROLLBACK_RELEASE,RESOLVED,183,False,,0.587,2024-01-08T12:37:00+00:00,SYNTHETIC
OUT-000627,INC-000627,EP-000627,KE-0017,SOFTWARE_REGRESSION,COMP-0006,ROLLBACK_RELEASE,APPROVED,,ROLLBACK_RELEASE,RESOLVED,125,False,,0.703,2024-01-08T11:56:00+00:00,SYNTHETIC
OUT-000628,INC-000628,EP-000628,KE-0017,SOFTWARE_REGRESSION,COMP-0013,ROLLBACK_RELEASE,APPROVED,CHANGED_REMEDIATION,ROLLBACK_RELEASE,RESOLVED,30,False,,0.87,2024-01-08T10:38:00+00:00,SYNTHETIC
OUT-000629,INC-000629,EP-000629,KE-0017,SOFTWARE_REGRESSION,COMP-0020,ROLLBACK_RELEASE,APPROVED,,ROLLBACK_RELEASE,RESOLVED,72,False,,0.6,2024-01-08T11:37:00+00:00,SYNTHETIC
OUT-000630,INC-000630,EP-000630,KE-0017,SOFTWARE_REGRESSION,COMP-0027,ROLLBACK_RELEASE,APPROVED,,ROLLBACK_RELEASE,RESOLVED,157,False,,0.382,2024-01-08T13:19:00+00:00,SYNTHETIC
OUT-000631,INC-000631,EP-000631,KE-0017,SOFTWARE_REGRESSION,COMP-0004,ROLLBACK_RELEASE,APPROVED,,ROLLBACK_RELEASE,RESOLVED,122,False,,0.761,2024-01-08T13:01:00+00:00,SYNTHETIC
OUT-000632,INC-000632,EP-000632,KE-0017,SOFTWARE_REGRESSION,COMP-0011,ROLLBACK_RELEASE,APPROVED,,ROLLBACK_RELEASE,RESOLVED,56,False,,0.514,2024-01-08T12:12:00+00:00,SYNTHETIC
OUT-000633,INC-000633,EP-000633,KE-0017,SOFTWARE_REGRESSION,COMP-0018,ROLLBACK_RELEASE,APPROVED,,ROLLBACK_RELEASE,RESOLVED,15,False,,0.931,2024-01-08T11:53:00+00:00,SYNTHETIC
OUT-000634,INC-000634,EP-000634,KE-0017,SOFTWARE_REGRESSION,COMP-0025,ROLLBACK_RELEASE,APPROVED,,ROLLBACK_RELEASE,RESOLVED,171,False,,0.382,2024-01-08T14:41:00+00:00,SYNTHETIC
OUT-000635,INC-000635,EP-000635,KE-0017,SOFTWARE_REGRESSION,COMP-0002,ROLLBACK_RELEASE,APPROVED,CHANGED_REMEDIATION,ROLLBACK_RELEASE,RESOLVED,68,False,,0.507,2024-01-08T13:15:00+00:00,SYNTHETIC
OUT-000636,INC-000636,EP-000636,KE-0017,SOFTWARE_REGRESSION,COMP-0009,ROLLBACK_RELEASE,APPROVED,,ROLLBACK_RELEASE,RESOLVED,112,False,,0.598,2024-01-08T14:16:00+00:00,SYNTHETIC
OUT-000637,INC-000637,EP-000637,KE-0017,SOFTWARE_REGRESSION,COMP-0016,ROLLBACK_RELEASE,APPROVED,,ROLLBACK_RELEASE,RESOLVED,36,False,,0.801,2024-01-08T13:17:00+00:00,SYNTHETIC
OUT-000638,INC-000638,EP-000638,KE-0017,SOFTWARE_REGRESSION,COMP-0023,ROLLBACK_RELEASE,APPROVED,,ROLLBACK_RELEASE,RESOLVED,135,False,,0.701,2024-01-08T15:13:00+00:00,SYNTHETIC
OUT-000639,INC-000639,EP-000639,KE-0017,SOFTWARE_REGRESSION,COMP-0030,ROLLBACK_RELEASE,APPROVED,CHANGED_REMEDIATION,ROLLBACK_RELEASE,RESOLVED,99,False,,0.368,2024-01-08T14:54:00+00:00,SYNTHETIC
OUT-000640,INC-000640,EP-000640,KE-0017,SOFTWARE_REGRESSION,COMP-0007,ROLLBACK_RELEASE,APPROVED,,ROLLBACK_RELEASE,RESOLVED,71,False,,0.921,2024-01-08T14:43:00+00:00,SYNTHETIC
OUT-000641,INC-000641,EP-000641,KE-0017,SOFTWARE_REGRESSION,COMP-0014,ROLLBACK_RELEASE,APPROVED,,ROLLBACK_RELEASE,RESOLVED,47,False,,0.679,2024-01-08T14:36:00+00:00,SYNTHETIC
OUT-000642,INC-000642,EP-000642,KE-0017,SOFTWARE_REGRESSION,COMP-0021,ROLLBACK_RELEASE,APPROVED,,ROLLBACK_RELEASE,RESOLVED,61,False,,0.931,2024-01-08T15:07:00+00:00,SYNTHETIC
OUT-000643,INC-000643,EP-000643,KE-0017,SOFTWARE_REGRESSION,COMP-0028,ROLLBACK_RELEASE,APPROVED,,ROLLBACK_RELEASE,RESOLVED,14,False,,0.602,2024-01-08T14:43:00+00:00,SYNTHETIC
OUT-000644,INC-000644,EP-000644,KE-0017,SOFTWARE_REGRESSION,COMP-0005,ROLLBACK_RELEASE,APPROVED,,ROLLBACK_RELEASE,RESOLVED,31,False,,0.514,2024-01-08T15:11:00+00:00,SYNTHETIC
OUT-000645,INC-000645,EP-000645,KE-0017,SOFTWARE_REGRESSION,COMP-0012,ROLLBACK_RELEASE,APPROVED,,ROLLBACK_RELEASE,RESOLVED,153,False,,0.65,2024-01-08T17:30:00+00:00,SYNTHETIC
OUT-000646,INC-000646,EP-000646,KE-0017,SOFTWARE_REGRESSION,COMP-0019,ROLLBACK_RELEASE,APPROVED,,ROLLBACK_RELEASE,RESOLVED,53,False,,0.918,2024-01-08T16:07:00+00:00,SYNTHETIC
OUT-000647,INC-000647,EP-000647,KE-0017,SOFTWARE_REGRESSION,COMP-0026,RESTART_COMPONENT,APPROVED,,RESTART_COMPONENT,RESOLVED,47,False,,0.433,2024-01-08T16:18:00+00:00,SYNTHETIC
OUT-000648,INC-000648,EP-000648,KE-0017,SOFTWARE_REGRESSION,COMP-0003,ROLLBACK_RELEASE,APPROVED,,ROLLBACK_RELEASE,NOT_RESOLVED,477,False,,0.835,2024-01-08T23:45:00+00:00,SYNTHETIC
OUT-000649,INC-000649,EP-000649,KE-0017,SOFTWARE_REGRESSION,COMP-0010,ROLLBACK_RELEASE,APPROVED,CHANGED_REMEDIATION,ROLLBACK_RELEASE,NOT_RESOLVED,439,False,,0.926,2024-01-08T23:24:00+00:00,SYNTHETIC
OUT-000650,INC-000650,EP-000650,KE-0017,SOFTWARE_REGRESSION,COMP-0017,ROLLBACK_RELEASE,APPROVED,,ROLLBACK_RELEASE,RESOLVED,65,False,,0.741,2024-01-08T17:27:00+00:00,SYNTHETIC
OUT-000651,INC-000651,EP-000651,KE-0017,SOFTWARE_REGRESSION,COMP-0024,ROLLBACK_RELEASE,APPROVED,,ROLLBACK_RELEASE,RESOLVED,137,False,,0.693,2024-01-08T18:56:00+00:00,SYNTHETIC
OUT-000652,INC-000652,EP-000652,KE-0017,SOFTWARE_REGRESSION,COMP-0001,ROLLBACK_RELEASE,APPROVED,,ROLLBACK_RELEASE,RESOLVED,124,False,,0.642,2024-01-08T19:00:00+00:00,SYNTHETIC
OUT-000653,INC-000653,EP-000653,KE-0017,SOFTWARE_REGRESSION,COMP-0008,ROLLBACK_RELEASE,APPROVED,,ROLLBACK_RELEASE,RESOLVED,91,False,,0.416,2024-01-08T18:44:00+00:00,SYNTHETIC
OUT-000654,INC-000654,EP-000654,KE-0017,SOFTWARE_REGRESSION,COMP-0015,RESTART_COMPONENT,APPROVED,,RESTART_COMPONENT,NOT_RESOLVED,423,False,,0.459,2024-01-09T00:33:00+00:00,SYNTHETIC
OUT-000655,INC-000655,EP-000655,KE-0018,DATA_STORE_CONTENTION,DATA-0010,RESTART_DATABASE,APPROVED,,RESTART_DATABASE,NOT_RESOLVED,572,False,,0.644,2024-01-09T03:19:00+00:00,SYNTHETIC
OUT-000656,INC-000656,EP-000656,KE-0018,DATA_STORE_CONTENTION,DATA-0007,RESTART_DATABASE,APPROVED,,RESTART_DATABASE,NOT_RESOLVED,224,False,,0.388,2024-01-08T21:48:00+00:00,SYNTHETIC
OUT-000657,INC-000657,EP-000657,KE-0018,DATA_STORE_CONTENTION,DATA-0004,TERMINATE_BLOCKING_WORKLOAD,APPROVED,,TERMINATE_BLOCKING_WORKLOAD,NOT_RESOLVED,355,False,,0.628,2024-01-09T00:16:00+00:00,SYNTHETIC
OUT-000658,INC-000658,EP-000658,KE-0018,DATA_STORE_CONTENTION,DATA-0001,TERMINATE_BLOCKING_WORKLOAD,APPROVED,,TERMINATE_BLOCKING_WORKLOAD,RESOLVED,185,False,,0.848,2024-01-08T21:43:00+00:00,SYNTHETIC
OUT-000659,INC-000659,EP-000659,KE-0018,DATA_STORE_CONTENTION,DATA-0008,TERMINATE_BLOCKING_WORKLOAD,APPROVED,,TERMINATE_BLOCKING_WORKLOAD,RESOLVED,34,False,,0.861,2024-01-08T19:29:00+00:00,SYNTHETIC
OUT-000660,INC-000660,EP-000660,KE-0018,DATA_STORE_CONTENTION,DATA-0005,TERMINATE_BLOCKING_WORKLOAD,APPROVED,,TERMINATE_BLOCKING_WORKLOAD,RESOLVED,135,False,,0.659,2024-01-08T21:27:00+00:00,SYNTHETIC
OUT-000661,INC-000661,EP-000661,KE-0018,DATA_STORE_CONTENTION,DATA-0002,RESTART_DATABASE,APPROVED,,RESTART_DATABASE,NOT_RESOLVED,507,False,,0.443,2024-01-09T03:56:00+00:00,SYNTHETIC
OUT-000662,INC-000662,EP-000662,KE-0018,DATA_STORE_CONTENTION,DATA-0009,TERMINATE_BLOCKING_WORKLOAD,APPROVED,,TERMINATE_BLOCKING_WORKLOAD,RESOLVED,153,False,,0.615,2024-01-08T22:19:00+00:00,SYNTHETIC
OUT-000663,INC-000663,EP-000663,KE-0018,DATA_STORE_CONTENTION,DATA-0006,TERMINATE_BLOCKING_WORKLOAD,APPROVED,,TERMINATE_BLOCKING_WORKLOAD,RESOLVED,65,False,,0.381,2024-01-08T21:08:00+00:00,SYNTHETIC
OUT-000664,INC-000664,EP-000664,KE-0018,DATA_STORE_CONTENTION,DATA-0003,TERMINATE_BLOCKING_WORKLOAD,APPROVED,,TERMINATE_BLOCKING_WORKLOAD,RESOLVED,142,True,,0.652,2024-01-08T22:42:00+00:00,SYNTHETIC
OUT-000665,INC-000665,EP-000665,KE-0018,DATA_STORE_CONTENTION,DATA-0010,TERMINATE_BLOCKING_WORKLOAD,APPROVED,,TERMINATE_BLOCKING_WORKLOAD,RESOLVED,32,False,,0.457,2024-01-08T21:09:00+00:00,SYNTHETIC
OUT-000666,INC-000666,EP-000666,KE-0018,DATA_STORE_CONTENTION,DATA-0007,TERMINATE_BLOCKING_WORKLOAD,APPROVED,CHANGED_REMEDIATION,TERMINATE_BLOCKING_WORKLOAD,RESOLVED,24,False,,0.918,2024-01-08T21:18:00+00:00,SYNTHETIC
OUT-000667,INC-000667,EP-000667,KE-0018,DATA_STORE_CONTENTION,DATA-0004,TERMINATE_BLOCKING_WORKLOAD,APPROVED,,TERMINATE_BLOCKING_WORKLOAD,RESOLVED,167,True,,0.379,2024-01-08T23:58:00+00:00,SYNTHETIC
OUT-000668,INC-000668,EP-000668,KE-0018,DATA_STORE_CONTENTION,DATA-0001,RESTART_DATABASE,APPROVED,,RESTART_DATABASE,NOT_RESOLVED,182,False,,0.819,2024-01-09T00:30:00+00:00,SYNTHETIC
OUT-000669,INC-000669,EP-000669,KE-0018,DATA_STORE_CONTENTION,DATA-0008,TERMINATE_BLOCKING_WORKLOAD,APPROVED,,TERMINATE_BLOCKING_WORKLOAD,RESOLVED,16,False,,0.707,2024-01-08T22:05:00+00:00,SYNTHETIC
OUT-000670,INC-000670,EP-000670,KE-0018,DATA_STORE_CONTENTION,DATA-0005,RESTART_DATABASE,APPROVED,,RESTART_DATABASE,RESOLVED,67,False,,0.419,2024-01-08T23:09:00+00:00,SYNTHETIC
OUT-000671,INC-000671,EP-000671,KE-0018,DATA_STORE_CONTENTION,DATA-0002,TERMINATE_BLOCKING_WORKLOAD,APPROVED,,TERMINATE_BLOCKING_WORKLOAD,RESOLVED,129,False,,0.782,2024-01-09T00:28:00+00:00,SYNTHETIC
OUT-000672,INC-000672,EP-000672,KE-0018,DATA_STORE_CONTENTION,DATA-0009,TERMINATE_BLOCKING_WORKLOAD,APPROVED,,TERMINATE_BLOCKING_WORKLOAD,RESOLVED,102,False,,0.949,2024-01-09T00:18:00+00:00,SYNTHETIC
OUT-000673,INC-000673,EP-000673,KE-0018,DATA_STORE_CONTENTION,DATA-0006,TERMINATE_BLOCKING_WORKLOAD,APPROVED,,TERMINATE_BLOCKING_WORKLOAD,NOT_RESOLVED,405,False,,0.811,2024-01-09T05:38:00+00:00,SYNTHETIC
OUT-000674,INC-000674,EP-000674,KE-0018,DATA_STORE_CONTENTION,DATA-0003,RESTART_DATABASE,APPROVED,,RESTART_DATABASE,NOT_RESOLVED,367,False,,0.582,2024-01-09T05:17:00+00:00,SYNTHETIC
OUT-000675,INC-000675,EP-000675,KE-0018,DATA_STORE_CONTENTION,DATA-0010,TERMINATE_BLOCKING_WORKLOAD,APPROVED,,TERMINATE_BLOCKING_WORKLOAD,RESOLVED,143,False,,0.832,2024-01-09T01:50:00+00:00,SYNTHETIC
OUT-000676,INC-000676,EP-000676,KE-0018,DATA_STORE_CONTENTION,DATA-0007,TERMINATE_BLOCKING_WORKLOAD,APPROVED,CHANGED_REMEDIATION,TERMINATE_BLOCKING_WORKLOAD,RESOLVED,145,False,,0.436,2024-01-09T02:09:00+00:00,SYNTHETIC
OUT-000677,INC-000677,EP-000677,KE-0018,DATA_STORE_CONTENTION,DATA-0004,TERMINATE_BLOCKING_WORKLOAD,REJECTED,,,NOT_EXECUTED,0,False,,0.0,2024-01-09T00:21:00+00:00,SYNTHETIC
OUT-000678,INC-000678,EP-000678,KE-0018,DATA_STORE_CONTENTION,DATA-0001,TERMINATE_BLOCKING_WORKLOAD,APPROVED,,TERMINATE_BLOCKING_WORKLOAD,NOT_RESOLVED,133,False,,0.366,2024-01-09T02:31:00+00:00,SYNTHETIC
OUT-000679,INC-000679,EP-000679,KE-0018,DATA_STORE_CONTENTION,DATA-0008,TERMINATE_BLOCKING_WORKLOAD,APPROVED,,TERMINATE_BLOCKING_WORKLOAD,RESOLVED,140,False,,0.366,2024-01-09T02:55:00+00:00,SYNTHETIC
OUT-000680,INC-000680,EP-000680,KE-0018,DATA_STORE_CONTENTION,DATA-0005,TERMINATE_BLOCKING_WORKLOAD,APPROVED,,TERMINATE_BLOCKING_WORKLOAD,RESOLVED,59,False,,0.718,2024-01-09T01:51:00+00:00,SYNTHETIC
OUT-000681,INC-000681,EP-000681,KE-0018,DATA_STORE_CONTENTION,DATA-0002,RESTART_DATABASE,APPROVED,,RESTART_DATABASE,NOT_RESOLVED,405,False,,0.696,2024-01-09T07:54:00+00:00,SYNTHETIC
OUT-000682,INC-000682,EP-000682,KE-0018,DATA_STORE_CONTENTION,DATA-0009,TERMINATE_BLOCKING_WORKLOAD,APPROVED,,TERMINATE_BLOCKING_WORKLOAD,RESOLVED,172,True,,0.412,2024-01-09T04:18:00+00:00,SYNTHETIC
OUT-000683,INC-000683,EP-000683,KE-0018,DATA_STORE_CONTENTION,DATA-0006,TERMINATE_BLOCKING_WORKLOAD,APPROVED,,TERMINATE_BLOCKING_WORKLOAD,NOT_RESOLVED,328,False,,0.46,2024-01-09T07:11:00+00:00,SYNTHETIC
OUT-000684,INC-000684,EP-000684,KE-0018,DATA_STORE_CONTENTION,DATA-0003,TERMINATE_BLOCKING_WORKLOAD,APPROVED,,TERMINATE_BLOCKING_WORKLOAD,RESOLVED,134,False,,0.39,2024-01-09T04:14:00+00:00,SYNTHETIC
OUT-000685,INC-000685,EP-000685,KE-0018,DATA_STORE_CONTENTION,DATA-0010,TERMINATE_BLOCKING_WORKLOAD,REJECTED,,,NOT_EXECUTED,0,False,,0.0,2024-01-09T02:37:00+00:00,SYNTHETIC
OUT-000686,INC-000686,EP-000686,KE-0018,DATA_STORE_CONTENTION,DATA-0007,TERMINATE_BLOCKING_WORKLOAD,APPROVED,,TERMINATE_BLOCKING_WORKLOAD,RESOLVED,137,False,,0.598,2024-01-09T04:51:00+00:00,SYNTHETIC
OUT-000687,INC-000687,EP-000687,KE-0018,DATA_STORE_CONTENTION,DATA-0004,TERMINATE_BLOCKING_WORKLOAD,APPROVED,,TERMINATE_BLOCKING_WORKLOAD,RESOLVED,100,False,,0.869,2024-01-09T04:31:00+00:00,SYNTHETIC
OUT-000688,INC-000688,EP-000688,KE-0018,DATA_STORE_CONTENTION,DATA-0001,TERMINATE_BLOCKING_WORKLOAD,REJECTED,,,NOT_EXECUTED,0,False,,0.0,2024-01-09T03:28:00+00:00,SYNTHETIC
OUT-000689,INC-000689,EP-000689,KE-0018,DATA_STORE_CONTENTION,DATA-0008,TERMINATE_BLOCKING_WORKLOAD,APPROVED,,TERMINATE_BLOCKING_WORKLOAD,RESOLVED,107,False,,0.375,2024-01-09T05:12:00+00:00,SYNTHETIC
OUT-000690,INC-000690,EP-000690,KE-0018,DATA_STORE_CONTENTION,DATA-0005,RESTART_DATABASE,APPROVED,,RESTART_DATABASE,NOT_RESOLVED,529,False,,0.946,2024-01-09T12:31:00+00:00,SYNTHETIC
OUT-000691,INC-000691,EP-000691,KE-0018,DATA_STORE_CONTENTION,DATA-0002,TERMINATE_BLOCKING_WORKLOAD,APPROVED,,TERMINATE_BLOCKING_WORKLOAD,NOT_RESOLVED,571,False,,0.489,2024-01-09T13:30:00+00:00,SYNTHETIC
OUT-000692,INC-000692,EP-000692,KE-0018,DATA_STORE_CONTENTION,DATA-0009,TERMINATE_BLOCKING_WORKLOAD,APPROVED,,TERMINATE_BLOCKING_WORKLOAD,RESOLVED,147,False,,0.93,2024-01-09T06:43:00+00:00,SYNTHETIC
OUT-000693,INC-000693,EP-000693,KE-0018,DATA_STORE_CONTENTION,DATA-0006,TERMINATE_BLOCKING_WORKLOAD,APPROVED,,TERMINATE_BLOCKING_WORKLOAD,RESOLVED,25,False,,0.856,2024-01-09T04:58:00+00:00,SYNTHETIC
OUT-000694,INC-000694,EP-000694,KE-0018,DATA_STORE_CONTENTION,DATA-0003,RESTART_DATABASE,APPROVED,,RESTART_DATABASE,NOT_RESOLVED,246,False,,0.926,2024-01-09T08:56:00+00:00,SYNTHETIC
OUT-000695,INC-000695,EP-000695,KE-0018,DATA_STORE_CONTENTION,DATA-0010,TERMINATE_BLOCKING_WORKLOAD,APPROVED,,TERMINATE_BLOCKING_WORKLOAD,RESOLVED,117,False,,0.563,2024-01-09T07:04:00+00:00,SYNTHETIC
OUT-000696,INC-000696,EP-000696,KE-0018,DATA_STORE_CONTENTION,DATA-0007,TERMINATE_BLOCKING_WORKLOAD,APPROVED,,TERMINATE_BLOCKING_WORKLOAD,RESOLVED,135,False,,0.476,2024-01-09T07:39:00+00:00,SYNTHETIC
OUT-000697,INC-000697,EP-000697,KE-0018,DATA_STORE_CONTENTION,DATA-0004,TERMINATE_BLOCKING_WORKLOAD,APPROVED,,TERMINATE_BLOCKING_WORKLOAD,RESOLVED,36,False,,0.878,2024-01-09T06:17:00+00:00,SYNTHETIC
OUT-000698,INC-000698,EP-000698,KE-0018,DATA_STORE_CONTENTION,DATA-0001,TERMINATE_BLOCKING_WORKLOAD,APPROVED,,TERMINATE_BLOCKING_WORKLOAD,RESOLVED,95,False,,0.586,2024-01-09T07:33:00+00:00,SYNTHETIC
OUT-000699,INC-000699,EP-000699,KE-0018,DATA_STORE_CONTENTION,DATA-0008,TERMINATE_BLOCKING_WORKLOAD,APPROVED,,TERMINATE_BLOCKING_WORKLOAD,RESOLVED,117,False,,0.531,2024-01-09T08:12:00+00:00,SYNTHETIC
OUT-000700,INC-000700,EP-000700,KE-0018,DATA_STORE_CONTENTION,DATA-0005,TERMINATE_BLOCKING_WORKLOAD,APPROVED,,TERMINATE_BLOCKING_WORKLOAD,RESOLVED,94,False,,0.883,2024-01-09T08:06:00+00:00,SYNTHETIC
OUT-000701,INC-000701,EP-000701,KE-0018,DATA_STORE_CONTENTION,DATA-0002,TERMINATE_BLOCKING_WORKLOAD,APPROVED,,TERMINATE_BLOCKING_WORKLOAD,RESOLVED,97,True,,0.867,2024-01-09T08:26:00+00:00,SYNTHETIC
OUT-000702,INC-000702,EP-000702,KE-0018,DATA_STORE_CONTENTION,DATA-0009,TERMINATE_BLOCKING_WORKLOAD,APPROVED,,TERMINATE_BLOCKING_WORKLOAD,RESOLVED,76,False,,0.429,2024-01-09T08:22:00+00:00,SYNTHETIC
OUT-000703,INC-000703,EP-000703,KE-0018,DATA_STORE_CONTENTION,DATA-0006,TERMINATE_BLOCKING_WORKLOAD,APPROVED,,TERMINATE_BLOCKING_WORKLOAD,RESOLVED,36,False,,0.85,2024-01-09T07:59:00+00:00,SYNTHETIC
OUT-000704,INC-000704,EP-000704,KE-0018,DATA_STORE_CONTENTION,DATA-0003,TERMINATE_BLOCKING_WORKLOAD,APPROVED,CHANGED_REMEDIATION,TERMINATE_BLOCKING_WORKLOAD,RESOLVED,180,False,,0.607,2024-01-09T10:40:00+00:00,SYNTHETIC
OUT-000705,INC-000705,EP-000705,KE-0018,DATA_STORE_CONTENTION,DATA-0010,TERMINATE_BLOCKING_WORKLOAD,APPROVED,,TERMINATE_BLOCKING_WORKLOAD,NOT_RESOLVED,507,False,,0.441,2024-01-09T16:24:00+00:00,SYNTHETIC
OUT-000706,INC-000706,EP-000706,KE-0018,DATA_STORE_CONTENTION,DATA-0007,TERMINATE_BLOCKING_WORKLOAD,APPROVED,,TERMINATE_BLOCKING_WORKLOAD,RESOLVED,8,False,,0.9,2024-01-09T08:34:00+00:00,SYNTHETIC
OUT-000707,INC-000707,EP-000707,KE-0018,DATA_STORE_CONTENTION,DATA-0004,TERMINATE_BLOCKING_WORKLOAD,APPROVED,CHANGED_REMEDIATION,TERMINATE_BLOCKING_WORKLOAD,RESOLVED,30,False,,0.592,2024-01-09T09:01:00+00:00,SYNTHETIC
OUT-000708,INC-000708,EP-000708,KE-0018,DATA_STORE_CONTENTION,DATA-0001,TERMINATE_BLOCKING_WORKLOAD,APPROVED,,TERMINATE_BLOCKING_WORKLOAD,NOT_RESOLVED,165,False,,0.373,2024-01-09T11:33:00+00:00,SYNTHETIC
OUT-000709,INC-000709,EP-000709,KE-0018,DATA_STORE_CONTENTION,DATA-0008,TERMINATE_BLOCKING_WORKLOAD,APPROVED,,TERMINATE_BLOCKING_WORKLOAD,RESOLVED,47,False,,0.564,2024-01-09T09:52:00+00:00,SYNTHETIC
OUT-000710,INC-000710,EP-000710,KE-0018,DATA_STORE_CONTENTION,DATA-0005,TERMINATE_BLOCKING_WORKLOAD,APPROVED,,TERMINATE_BLOCKING_WORKLOAD,RESOLVED,150,True,,0.693,2024-01-09T11:52:00+00:00,SYNTHETIC
OUT-000711,INC-000711,EP-000711,KE-0018,DATA_STORE_CONTENTION,DATA-0002,TERMINATE_BLOCKING_WORKLOAD,APPROVED,,TERMINATE_BLOCKING_WORKLOAD,RESOLVED,123,False,,0.893,2024-01-09T11:42:00+00:00,SYNTHETIC
OUT-000712,INC-000712,EP-000712,KE-0018,DATA_STORE_CONTENTION,DATA-0009,TERMINATE_BLOCKING_WORKLOAD,APPROVED,,TERMINATE_BLOCKING_WORKLOAD,RESOLVED,164,True,,0.736,2024-01-09T12:40:00+00:00,SYNTHETIC
OUT-000713,INC-000713,EP-000713,KE-0018,DATA_STORE_CONTENTION,DATA-0006,RESTART_DATABASE,APPROVED,,RESTART_DATABASE,NOT_RESOLVED,250,False,,0.923,2024-01-09T14:23:00+00:00,SYNTHETIC
OUT-000714,INC-000714,EP-000714,KE-0018,DATA_STORE_CONTENTION,DATA-0003,TERMINATE_BLOCKING_WORKLOAD,APPROVED,,TERMINATE_BLOCKING_WORKLOAD,NOT_RESOLVED,540,False,,0.373,2024-01-09T19:30:00+00:00,SYNTHETIC
OUT-000715,INC-000715,EP-000715,KE-0018,DATA_STORE_CONTENTION,DATA-0010,TERMINATE_BLOCKING_WORKLOAD,APPROVED,,TERMINATE_BLOCKING_WORKLOAD,RESOLVED,31,False,,0.374,2024-01-09T11:18:00+00:00,SYNTHETIC
OUT-000716,INC-000716,EP-000716,KE-0018,DATA_STORE_CONTENTION,DATA-0007,TERMINATE_BLOCKING_WORKLOAD,APPROVED,CHANGED_REMEDIATION,TERMINATE_BLOCKING_WORKLOAD,RESOLVED,94,False,,0.456,2024-01-09T12:38:00+00:00,SYNTHETIC
OUT-000717,INC-000717,EP-000717,KE-0018,DATA_STORE_CONTENTION,DATA-0004,TERMINATE_BLOCKING_WORKLOAD,APPROVED,CHANGED_REMEDIATION,TERMINATE_BLOCKING_WORKLOAD,RESOLVED,184,False,,0.801,2024-01-09T14:25:00+00:00,SYNTHETIC
OUT-000718,INC-000718,EP-000718,KE-0018,DATA_STORE_CONTENTION,DATA-0001,TERMINATE_BLOCKING_WORKLOAD,REJECTED,,,NOT_EXECUTED,0,False,,0.0,2024-01-09T11:58:00+00:00,SYNTHETIC
OUT-000719,INC-000719,EP-000719,KE-0018,DATA_STORE_CONTENTION,DATA-0008,TERMINATE_BLOCKING_WORKLOAD,APPROVED,CHANGED_REMEDIATION,TERMINATE_BLOCKING_WORKLOAD,RESOLVED,150,False,,0.521,2024-01-09T14:25:00+00:00,SYNTHETIC
OUT-000720,INC-000720,EP-000720,KE-0018,DATA_STORE_CONTENTION,DATA-0005,TERMINATE_BLOCKING_WORKLOAD,APPROVED,CHANGED_REMEDIATION,TERMINATE_BLOCKING_WORKLOAD,RESOLVED,115,True,,0.663,2024-01-09T14:07:00+00:00,SYNTHETIC
OUT-000721,INC-000721,EP-000721,KE-0018,DATA_STORE_CONTENTION,DATA-0002,TERMINATE_BLOCKING_WORKLOAD,APPROVED,,TERMINATE_BLOCKING_WORKLOAD,RESOLVED,163,False,,0.86,2024-01-09T15:12:00+00:00,SYNTHETIC
OUT-000722,INC-000722,EP-000722,KE-0018,DATA_STORE_CONTENTION,DATA-0009,RESTART_DATABASE,REJECTED,,,NOT_EXECUTED,0,False,,0.0,2024-01-09T13:06:00+00:00,SYNTHETIC
OUT-000723,INC-000723,EP-000723,KE-0018,DATA_STORE_CONTENTION,DATA-0006,TERMINATE_BLOCKING_WORKLOAD,APPROVED,,TERMINATE_BLOCKING_WORKLOAD,RESOLVED,16,False,,0.895,2024-01-09T13:23:00+00:00,SYNTHETIC
OUT-000724,INC-000724,EP-000724,KE-0018,DATA_STORE_CONTENTION,DATA-0003,TERMINATE_BLOCKING_WORKLOAD,REJECTED,,,NOT_EXECUTED,0,False,,0.0,2024-01-09T13:40:00+00:00,SYNTHETIC
OUT-000725,INC-000725,EP-000725,KE-0018,DATA_STORE_CONTENTION,DATA-0010,TERMINATE_BLOCKING_WORKLOAD,APPROVED,CHANGED_REMEDIATION,TERMINATE_BLOCKING_WORKLOAD,RESOLVED,181,False,,0.875,2024-01-09T16:38:00+00:00,SYNTHETIC
OUT-000726,INC-000726,EP-000726,KE-0019,QUEUE_BACKLOG,DATA-0007,SCALE_CONSUMERS,REJECTED,,,NOT_EXECUTED,0,False,,0.0,2024-01-09T14:14:00+00:00,SYNTHETIC
OUT-000727,INC-000727,EP-000727,KE-0019,QUEUE_BACKLOG,DATA-0004,SCALE_CONSUMERS,APPROVED,,SCALE_CONSUMERS,RESOLVED,56,False,,0.399,2024-01-09T15:07:00+00:00,SYNTHETIC
OUT-000728,INC-000728,EP-000728,KE-0019,QUEUE_BACKLOG,DATA-0001,SCALE_CONSUMERS,APPROVED,,SCALE_CONSUMERS,RESOLVED,86,False,,0.422,2024-01-09T15:54:00+00:00,SYNTHETIC
OUT-000729,INC-000729,EP-000729,KE-0019,QUEUE_BACKLOG,DATA-0008,SCALE_CONSUMERS,APPROVED,,SCALE_CONSUMERS,RESOLVED,16,False,,0.917,2024-01-09T15:05:00+00:00,SYNTHETIC
OUT-000730,INC-000730,EP-000730,KE-0019,QUEUE_BACKLOG,DATA-0005,SCALE_CONSUMERS,APPROVED,,SCALE_CONSUMERS,RESOLVED,138,True,,0.764,2024-01-09T17:20:00+00:00,SYNTHETIC
OUT-000731,INC-000731,EP-000731,KE-0019,QUEUE_BACKLOG,DATA-0002,PURGE_QUEUE,APPROVED,,PURGE_QUEUE,NOT_RESOLVED,570,False,,0.764,2024-01-10T00:49:00+00:00,SYNTHETIC
OUT-000732,INC-000732,EP-000732,KE-0019,QUEUE_BACKLOG,DATA-0009,SCALE_CONSUMERS,APPROVED,,SCALE_CONSUMERS,RESOLVED,94,False,,0.612,2024-01-09T17:10:00+00:00,SYNTHETIC
OUT-000733,INC-000733,EP-000733,KE-0019,QUEUE_BACKLOG,DATA-0006,SCALE_CONSUMERS,APPROVED,,SCALE_CONSUMERS,RESOLVED,30,False,,0.925,2024-01-09T16:23:00+00:00,SYNTHETIC
OUT-000734,INC-000734,EP-000734,KE-0019,QUEUE_BACKLOG,DATA-0003,SCALE_CONSUMERS,APPROVED,CHANGED_REMEDIATION,SCALE_CONSUMERS,RESOLVED,162,False,,0.592,2024-01-09T18:52:00+00:00,SYNTHETIC
OUT-000735,INC-000735,EP-000735,KE-0019,QUEUE_BACKLOG,DATA-0010,SCALE_CONSUMERS,APPROVED,,SCALE_CONSUMERS,RESOLVED,129,False,,0.661,2024-01-09T18:36:00+00:00,SYNTHETIC
OUT-000736,INC-000736,EP-000736,KE-0019,QUEUE_BACKLOG,DATA-0007,SCALE_CONSUMERS,APPROVED,,SCALE_CONSUMERS,RESOLVED,79,False,,0.422,2024-01-09T18:03:00+00:00,SYNTHETIC
OUT-000737,INC-000737,EP-000737,KE-0019,QUEUE_BACKLOG,DATA-0004,SCALE_CONSUMERS,APPROVED,,SCALE_CONSUMERS,RESOLVED,76,False,,0.652,2024-01-09T18:17:00+00:00,SYNTHETIC
OUT-000738,INC-000738,EP-000738,KE-0019,QUEUE_BACKLOG,DATA-0001,SCALE_CONSUMERS,APPROVED,,SCALE_CONSUMERS,RESOLVED,138,True,,0.38,2024-01-09T19:36:00+00:00,SYNTHETIC
OUT-000739,INC-000739,EP-000739,KE-0019,QUEUE_BACKLOG,DATA-0008,SCALE_CONSUMERS,APPROVED,CHANGED_REMEDIATION,SCALE_CONSUMERS,RESOLVED,129,False,,0.568,2024-01-09T19:44:00+00:00,SYNTHETIC
OUT-000740,INC-000740,EP-000740,KE-0019,QUEUE_BACKLOG,DATA-0005,SCALE_CONSUMERS,APPROVED,,SCALE_CONSUMERS,RESOLVED,71,False,,0.391,2024-01-09T19:03:00+00:00,SYNTHETIC
OUT-000741,INC-000741,EP-000741,KE-0019,QUEUE_BACKLOG,DATA-0002,SCALE_CONSUMERS,APPROVED,,SCALE_CONSUMERS,NOT_RESOLVED,338,False,,0.809,2024-01-09T23:47:00+00:00,SYNTHETIC
OUT-000742,INC-000742,EP-000742,KE-0019,QUEUE_BACKLOG,DATA-0009,SCALE_CONSUMERS,APPROVED,,SCALE_CONSUMERS,RESOLVED,147,False,,0.879,2024-01-09T20:53:00+00:00,SYNTHETIC
OUT-000743,INC-000743,EP-000743,KE-0019,QUEUE_BACKLOG,DATA-0006,SCALE_CONSUMERS,APPROVED,,SCALE_CONSUMERS,RESOLVED,25,False,,0.865,2024-01-09T19:08:00+00:00,SYNTHETIC
OUT-000744,INC-000744,EP-000744,KE-0019,QUEUE_BACKLOG,DATA-0003,PURGE_QUEUE,APPROVED,,PURGE_QUEUE,RESOLVED,42,False,,0.811,2024-01-09T19:42:00+00:00,SYNTHETIC
OUT-000745,INC-000745,EP-000745,KE-0019,QUEUE_BACKLOG,DATA-0010,SCALE_CONSUMERS,APPROVED,,SCALE_CONSUMERS,RESOLVED,94,False,,0.543,2024-01-09T20:51:00+00:00,SYNTHETIC
OUT-000746,INC-000746,EP-000746,KE-0019,QUEUE_BACKLOG,DATA-0007,SCALE_CONSUMERS,APPROVED,,SCALE_CONSUMERS,NOT_RESOLVED,166,False,,0.504,2024-01-09T22:20:00+00:00,SYNTHETIC
OUT-000747,INC-000747,EP-000747,KE-0019,QUEUE_BACKLOG,DATA-0004,SCALE_CONSUMERS,APPROVED,,SCALE_CONSUMERS,RESOLVED,147,False,,0.578,2024-01-09T22:18:00+00:00,SYNTHETIC
OUT-000748,INC-000748,EP-000748,KE-0019,QUEUE_BACKLOG,DATA-0001,SCALE_CONSUMERS,APPROVED,,SCALE_CONSUMERS,RESOLVED,17,False,,0.778,2024-01-09T20:28:00+00:00,SYNTHETIC
OUT-000749,INC-000749,EP-000749,KE-0019,QUEUE_BACKLOG,DATA-0008,SCALE_CONSUMERS,APPROVED,CHANGED_REMEDIATION,SCALE_CONSUMERS,RESOLVED,88,False,,0.479,2024-01-09T21:53:00+00:00,SYNTHETIC
OUT-000750,INC-000750,EP-000750,KE-0019,QUEUE_BACKLOG,DATA-0005,SCALE_CONSUMERS,APPROVED,CHANGED_REMEDIATION,SCALE_CONSUMERS,RESOLVED,121,False,,0.465,2024-01-09T22:43:00+00:00,SYNTHETIC
OUT-000751,INC-000751,EP-000751,KE-0019,QUEUE_BACKLOG,DATA-0002,SCALE_CONSUMERS,APPROVED,CHANGED_REMEDIATION,SCALE_CONSUMERS,RESOLVED,13,False,,0.359,2024-01-09T21:19:00+00:00,SYNTHETIC
OUT-000752,INC-000752,EP-000752,KE-0019,QUEUE_BACKLOG,DATA-0009,PURGE_QUEUE,APPROVED,,PURGE_QUEUE,NOT_RESOLVED,498,False,,0.688,2024-01-10T05:34:00+00:00,SYNTHETIC
OUT-000753,INC-000753,EP-000753,KE-0019,QUEUE_BACKLOG,DATA-0006,SCALE_CONSUMERS,APPROVED,,SCALE_CONSUMERS,RESOLVED,135,False,,0.587,2024-01-09T23:48:00+00:00,SYNTHETIC
OUT-000754,INC-000754,EP-000754,KE-0019,QUEUE_BACKLOG,DATA-0003,SCALE_CONSUMERS,APPROVED,,SCALE_CONSUMERS,RESOLVED,72,False,,0.685,2024-01-09T23:02:00+00:00,SYNTHETIC
OUT-000755,INC-000755,EP-000755,KE-0019,QUEUE_BACKLOG,DATA-0010,SCALE_CONSUMERS,APPROVED,,SCALE_CONSUMERS,RESOLVED,46,False,,0.392,2024-01-09T22:53:00+00:00,SYNTHETIC
OUT-000756,INC-000756,EP-000756,KE-0019,QUEUE_BACKLOG,DATA-0007,SCALE_CONSUMERS,APPROVED,,SCALE_CONSUMERS,RESOLVED,41,False,,0.419,2024-01-09T23:05:00+00:00,SYNTHETIC
OUT-000757,INC-000757,EP-000757,KE-0019,QUEUE_BACKLOG,DATA-0004,SCALE_CONSUMERS,APPROVED,,SCALE_CONSUMERS,RESOLVED,23,False,,0.573,2024-01-09T23:04:00+00:00,SYNTHETIC
OUT-000758,INC-000758,EP-000758,KE-0019,QUEUE_BACKLOG,DATA-0001,SCALE_CONSUMERS,APPROVED,,SCALE_CONSUMERS,RESOLVED,99,False,,0.69,2024-01-10T00:37:00+00:00,SYNTHETIC
OUT-000759,INC-000759,EP-000759,KE-0019,QUEUE_BACKLOG,DATA-0008,SCALE_CONSUMERS,APPROVED,,SCALE_CONSUMERS,RESOLVED,184,False,,0.869,2024-01-10T02:19:00+00:00,SYNTHETIC
OUT-000760,INC-000760,EP-000760,KE-0019,QUEUE_BACKLOG,DATA-0005,SCALE_CONSUMERS,APPROVED,,SCALE_CONSUMERS,RESOLVED,153,False,,0.884,2024-01-10T02:05:00+00:00,SYNTHETIC
OUT-000761,INC-000761,EP-000761,KE-0019,QUEUE_BACKLOG,DATA-0002,SCALE_CONSUMERS,APPROVED,,SCALE_CONSUMERS,RESOLVED,76,False,,0.544,2024-01-10T01:05:00+00:00,SYNTHETIC
OUT-000762,INC-000762,EP-000762,KE-0019,QUEUE_BACKLOG,DATA-0009,SCALE_CONSUMERS,REJECTED,,,NOT_EXECUTED,0,False,,0.0,2024-01-10T00:26:00+00:00,SYNTHETIC
OUT-000763,INC-000763,EP-000763,KE-0019,QUEUE_BACKLOG,DATA-0006,SCALE_CONSUMERS,APPROVED,,SCALE_CONSUMERS,RESOLVED,82,False,,0.868,2024-01-10T01:45:00+00:00,SYNTHETIC
OUT-000764,INC-000764,EP-000764,KE-0019,QUEUE_BACKLOG,DATA-0003,SCALE_CONSUMERS,APPROVED,,SCALE_CONSUMERS,RESOLVED,101,False,,0.631,2024-01-10T02:21:00+00:00,SYNTHETIC
OUT-000765,INC-000765,EP-000765,KE-0019,QUEUE_BACKLOG,DATA-0010,SCALE_CONSUMERS,APPROVED,,SCALE_CONSUMERS,RESOLVED,178,False,,0.816,2024-01-10T03:55:00+00:00,SYNTHETIC
OUT-000766,INC-000766,EP-000766,KE-0019,QUEUE_BACKLOG,DATA-0007,PURGE_QUEUE,APPROVED,,PURGE_QUEUE,RESOLVED,152,True,,0.553,2024-01-10T03:46:00+00:00,SYNTHETIC
OUT-000767,INC-000767,EP-000767,KE-0019,QUEUE_BACKLOG,DATA-0004,SCALE_CONSUMERS,APPROVED,,SCALE_CONSUMERS,NOT_RESOLVED,281,False,,0.651,2024-01-10T06:12:00+00:00,SYNTHETIC
OUT-000768,INC-000768,EP-000768,KE-0019,QUEUE_BACKLOG,DATA-0001,SCALE_CONSUMERS,APPROVED,,SCALE_CONSUMERS,RESOLVED,141,True,,0.812,2024-01-10T04:09:00+00:00,SYNTHETIC
OUT-000769,INC-000769,EP-000769,KE-0019,QUEUE_BACKLOG,DATA-0008,SCALE_CONSUMERS,APPROVED,,SCALE_CONSUMERS,RESOLVED,161,False,,0.561,2024-01-10T04:46:00+00:00,SYNTHETIC
OUT-000770,INC-000770,EP-000770,KE-0020,SECURE_GATEWAY_POLICY,POL-0004,ROLLBACK_GATEWAY_POLICY,APPROVED,CHANGED_REMEDIATION,ROLLBACK_GATEWAY_POLICY,RESOLVED,126,False,,0.499,2024-01-10T04:28:00+00:00,SYNTHETIC
OUT-000771,INC-000771,EP-000771,KE-0020,SECURE_GATEWAY_POLICY,POL-0003,RESTART_GATEWAY,APPROVED,,RESTART_GATEWAY,RESOLVED,142,False,,0.467,2024-01-10T05:01:00+00:00,SYNTHETIC
OUT-000772,INC-000772,EP-000772,KE-0020,SECURE_GATEWAY_POLICY,POL-0002,RESTART_GATEWAY,APPROVED,,RESTART_GATEWAY,NOT_RESOLVED,136,False,,0.795,2024-01-10T05:12:00+00:00,SYNTHETIC
OUT-000773,INC-000773,EP-000773,KE-0020,SECURE_GATEWAY_POLICY,POL-0001,ROLLBACK_GATEWAY_POLICY,APPROVED,,ROLLBACK_GATEWAY_POLICY,RESOLVED,13,False,,0.885,2024-01-10T03:33:00+00:00,SYNTHETIC
OUT-000774,INC-000774,EP-000774,KE-0020,SECURE_GATEWAY_POLICY,POL-0004,ROLLBACK_GATEWAY_POLICY,APPROVED,CHANGED_REMEDIATION,ROLLBACK_GATEWAY_POLICY,RESOLVED,177,False,,0.642,2024-01-10T06:27:00+00:00,SYNTHETIC
OUT-000775,INC-000775,EP-000775,KE-0020,SECURE_GATEWAY_POLICY,POL-0003,ROLLBACK_GATEWAY_POLICY,APPROVED,,ROLLBACK_GATEWAY_POLICY,RESOLVED,144,False,,0.906,2024-01-10T06:11:00+00:00,SYNTHETIC
OUT-000776,INC-000776,EP-000776,KE-0020,SECURE_GATEWAY_POLICY,POL-0002,ROLLBACK_GATEWAY_POLICY,APPROVED,CHANGED_REMEDIATION,ROLLBACK_GATEWAY_POLICY,RESOLVED,97,False,,0.72,2024-01-10T05:41:00+00:00,SYNTHETIC
OUT-000777,INC-000777,EP-000777,KE-0020,SECURE_GATEWAY_POLICY,POL-0001,ROLLBACK_GATEWAY_POLICY,APPROVED,,ROLLBACK_GATEWAY_POLICY,RESOLVED,34,False,,0.415,2024-01-10T04:55:00+00:00,SYNTHETIC
OUT-000778,INC-000778,EP-000778,KE-0020,SECURE_GATEWAY_POLICY,POL-0004,ROLLBACK_GATEWAY_POLICY,APPROVED,CHANGED_REMEDIATION,ROLLBACK_GATEWAY_POLICY,RESOLVED,173,False,,0.924,2024-01-10T07:31:00+00:00,SYNTHETIC
OUT-000779,INC-000779,EP-000779,KE-0020,SECURE_GATEWAY_POLICY,POL-0003,ROLLBACK_GATEWAY_POLICY,APPROVED,,ROLLBACK_GATEWAY_POLICY,RESOLVED,91,False,,0.695,2024-01-10T06:26:00+00:00,SYNTHETIC
OUT-000780,INC-000780,EP-000780,KE-0020,SECURE_GATEWAY_POLICY,POL-0002,ROLLBACK_GATEWAY_POLICY,APPROVED,,ROLLBACK_GATEWAY_POLICY,RESOLVED,71,False,,0.83,2024-01-10T06:23:00+00:00,SYNTHETIC
OUT-000781,INC-000781,EP-000781,KE-0020,SECURE_GATEWAY_POLICY,POL-0001,RESTART_GATEWAY,APPROVED,,RESTART_GATEWAY,NOT_RESOLVED,159,False,,0.38,2024-01-10T08:08:00+00:00,SYNTHETIC
OUT-000782,INC-000782,EP-000782,KE-0020,SECURE_GATEWAY_POLICY,POL-0004,ROLLBACK_GATEWAY_POLICY,APPROVED,,ROLLBACK_GATEWAY_POLICY,RESOLVED,172,False,,0.937,2024-01-10T08:38:00+00:00,SYNTHETIC
OUT-000783,INC-000783,EP-000783,KE-0020,SECURE_GATEWAY_POLICY,POL-0003,ROLLBACK_GATEWAY_POLICY,APPROVED,CHANGED_REMEDIATION,ROLLBACK_GATEWAY_POLICY,RESOLVED,148,False,,0.898,2024-01-10T08:31:00+00:00,SYNTHETIC
OUT-000784,INC-000784,EP-000784,KE-0020,SECURE_GATEWAY_POLICY,POL-0002,ROLLBACK_GATEWAY_POLICY,APPROVED,,ROLLBACK_GATEWAY_POLICY,RESOLVED,15,False,,0.642,2024-01-10T06:40:00+00:00,SYNTHETIC
OUT-000785,INC-000785,EP-000785,KE-0020,SECURE_GATEWAY_POLICY,POL-0001,ROLLBACK_GATEWAY_POLICY,APPROVED,,ROLLBACK_GATEWAY_POLICY,RESOLVED,16,False,,0.692,2024-01-10T06:57:00+00:00,SYNTHETIC
OUT-000786,INC-000786,EP-000786,KE-0020,SECURE_GATEWAY_POLICY,POL-0004,ROLLBACK_GATEWAY_POLICY,APPROVED,,ROLLBACK_GATEWAY_POLICY,RESOLVED,98,False,,0.476,2024-01-10T08:32:00+00:00,SYNTHETIC
OUT-000787,INC-000787,EP-000787,KE-0020,SECURE_GATEWAY_POLICY,POL-0003,ROLLBACK_GATEWAY_POLICY,APPROVED,,ROLLBACK_GATEWAY_POLICY,RESOLVED,48,False,,0.698,2024-01-10T07:59:00+00:00,SYNTHETIC
OUT-000788,INC-000788,EP-000788,KE-0020,SECURE_GATEWAY_POLICY,POL-0002,RESTART_GATEWAY,APPROVED,,RESTART_GATEWAY,NOT_RESOLVED,136,False,,0.877,2024-01-10T09:44:00+00:00,SYNTHETIC
OUT-000789,INC-000789,EP-000789,KE-0010,SECURE_GATEWAY_POLICY,SVC-0001,ROLLBACK_GATEWAY_POLICY,APPROVED,,ROLLBACK_GATEWAY_POLICY,RESOLVED,42,False,,0.784,2024-01-10T08:17:00+00:00,SYNTHETIC
OUT-000790,INC-000790,EP-000790,KE-0006,EXTERNAL_VENDOR_OUTAGE,SVC-0001,WAIT_AND_FAILOVER,APPROVED,,WAIT_AND_FAILOVER,RESOLVED,55,False,,0.603,2024-01-10T10:12:00+00:00,SYNTHETIC
OUT-000791,INC-000791,EP-000791,KE-0014,IDENTITY_DEGRADATION,SVC-0001,RESTORE_IDENTITY_DEPENDENCY,APPROVED,,RESTORE_IDENTITY_DEPENDENCY,RESOLVED,42,False,,0.768,2024-01-10T08:53:00+00:00,SYNTHETIC
OUT-000792,INC-000792,EP-000792,KE-0013,CERTIFICATE_EXPIRY,SVC-0001,ROTATE_CERTIFICATE,APPROVED,,ROTATE_CERTIFICATE,RESOLVED,55,False,,0.815,2024-01-10T09:43:00+00:00,SYNTHETIC
OUT-000793,INC-000793,EP-000793,KE-0010,SECURE_GATEWAY_POLICY,SVC-0001,ROLLBACK_GATEWAY_POLICY,APPROVED,,ROLLBACK_GATEWAY_POLICY,RESOLVED,42,False,,0.0,2024-01-10T09:13:00+00:00,SYNTHETIC
OUT-000794,INC-000794,EP-000794,KE-0006,EXTERNAL_VENDOR_OUTAGE,SVC-0001,WAIT_AND_FAILOVER,APPROVED,,WAIT_AND_FAILOVER,RESOLVED,55,False,,0.893,2024-01-10T09:30:00+00:00,SYNTHETIC
OUT-000795,INC-000795,EP-000795,KE-0014,IDENTITY_DEGRADATION,SVC-0001,RESTORE_IDENTITY_DEPENDENCY,APPROVED,,RESTORE_IDENTITY_DEPENDENCY,RESOLVED,42,False,,0.519,2024-01-10T11:16:00+00:00,SYNTHETIC
OUT-000796,INC-000796,EP-000796,KE-0013,CERTIFICATE_EXPIRY,SVC-0001,ROTATE_CERTIFICATE,APPROVED,,ROTATE_CERTIFICATE,RESOLVED,55,False,,0.443,2024-01-10T10:38:00+00:00,SYNTHETIC
OUT-000797,INC-000797,EP-000797,KE-0010,SECURE_GATEWAY_POLICY,SVC-0001,ROLLBACK_GATEWAY_POLICY,APPROVED,,ROLLBACK_GATEWAY_POLICY,RESOLVED,42,False,,0.662,2024-01-10T11:37:00+00:00,SYNTHETIC
OUT-000798,INC-000798,EP-000798,KE-0006,EXTERNAL_VENDOR_OUTAGE,SVC-0001,WAIT_AND_FAILOVER,APPROVED,,WAIT_AND_FAILOVER,RESOLVED,55,False,,0.589,2024-01-10T10:41:00+00:00,SYNTHETIC
OUT-000799,INC-000799,EP-000799,KE-0014,IDENTITY_DEGRADATION,SVC-0001,RESTORE_IDENTITY_DEPENDENCY,APPROVED,,RESTORE_IDENTITY_DEPENDENCY,RESOLVED,42,False,,0.932,2024-01-10T11:22:00+00:00,SYNTHETIC
OUT-000800,INC-000800,EP-000800,KE-0013,CERTIFICATE_EXPIRY,SVC-0001,ROTATE_CERTIFICATE,APPROVED,,ROTATE_CERTIFICATE,RESOLVED,55,False,,0.876,2024-01-10T16:16:00+00:00,SYNTHETIC
