entity_id,entity_type,name,region,business_unit,criticality,service_provider_type,trust_level,lifecycle_status,data_classification
BO-0001,BUSINESS_OUTCOME,Business Outcome 0001,GLOBAL,Corporate,CRITICAL,INTERNAL,TRUSTED,ACTIVE,SYNTHETIC
BO-0002,BUSINESS_OUTCOME,Business Outcome 0002,GLOBAL,Security,LOW,INTERNAL,TRUSTED,ACTIVE,SYNTHETIC
BO-0003,BUSINESS_OUTCOME,Business Outcome 0003,GLOBAL,Support,MEDIUM,INTERNAL,TRUSTED,ACTIVE,SYNTHETIC
BO-0004,BUSINESS_OUTCOME,Business Outcome 0004,GLOBAL,Support,HIGH,INTERNAL,TRUSTED,ACTIVE,SYNTHETIC
BO-0005,BUSINESS_OUTCOME,Business Outcome 0005,GLOBAL,Support,LOW,INTERNAL,TRUSTED,ACTIVE,SYNTHETIC
BO-0006,BUSINESS_OUTCOME,Business Outcome 0006,GLOBAL,Legal,CRITICAL,INTERNAL,TRUSTED,ACTIVE,SYNTHETIC
BO-0007,BUSINESS_OUTCOME,Business Outcome 0007,GLOBAL,Engineering,LOW,INTERNAL,TRUSTED,ACTIVE,SYNTHETIC
BO-0008,BUSINESS_OUTCOME,Business Outcome 0008,GLOBAL,Supply Chain,MEDIUM,INTERNAL,TRUSTED,ACTIVE,SYNTHETIC
BO-0009,BUSINESS_OUTCOME,Business Outcome 0009,GLOBAL,Finance,HIGH,INTERNAL,TRUSTED,ACTIVE,SYNTHETIC
BO-0010,BUSINESS_OUTCOME,Business Outcome 0010,GLOBAL,HR,HIGH,INTERNAL,TRUSTED,ACTIVE,SYNTHETIC
BO-0011,BUSINESS_OUTCOME,Business Outcome 0011,GLOBAL,Supply Chain,LOW,INTERNAL,CONDITIONAL,ACTIVE,SYNTHETIC
BO-0012,BUSINESS_OUTCOME,Business Outcome 0012,GLOBAL,HR,CRITICAL,INTERNAL,TRUSTED,ACTIVE,SYNTHETIC
BO-0013,BUSINESS_OUTCOME,Business Outcome 0013,GLOBAL,Sales,CRITICAL,INTERNAL,CONDITIONAL,ACTIVE,SYNTHETIC
BO-0014,BUSINESS_OUTCOME,Business Outcome 0014,GLOBAL,Corporate,HIGH,INTERNAL,TRUSTED,ACTIVE,SYNTHETIC
BO-0015,BUSINESS_OUTCOME,Business Outcome 0015,GLOBAL,Supply Chain,HIGH,INTERNAL,TRUSTED,ACTIVE,SYNTHETIC
BO-0016,BUSINESS_OUTCOME,Business Outcome 0016,GLOBAL,Data,HIGH,INTERNAL,CONDITIONAL,ACTIVE,SYNTHETIC
BO-0017,BUSINESS_OUTCOME,Business Outcome 0017,GLOBAL,Support,LOW,INTERNAL,TRUSTED,ACTIVE,SYNTHETIC
BO-0018,BUSINESS_OUTCOME,Business Outcome 0018,GLOBAL,Security,LOW,INTERNAL,TRUSTED,ACTIVE,SYNTHETIC
BO-0019,BUSINESS_OUTCOME,Business Outcome 0019,GLOBAL,Manufacturing,CRITICAL,INTERNAL,TRUSTED,ACTIVE,SYNTHETIC
BO-0020,BUSINESS_OUTCOME,Business Outcome 0020,GLOBAL,Support,CRITICAL,INTERNAL,TRUSTED,ACTIVE,SYNTHETIC
CAP-0001,BUSINESS_CAPABILITY,Business Capability 0001,AP-NORTHEAST,Finance,CRITICAL,INTERNAL,TRUSTED,ACTIVE,SYNTHETIC
CAP-0002,BUSINESS_CAPABILITY,Business Capability 0002,AP-SOUTH,Support,HIGH,INTERNAL,TRUSTED,ACTIVE,SYNTHETIC
CAP-0003,BUSINESS_CAPABILITY,Business Capability 0003,AP-SOUTH,Support,CRITICAL,INTERNAL,TRUSTED,ACTIVE,SYNTHETIC
CAP-0004,BUSINESS_CAPABILITY,Business Capability 0004,LATAM,Security,LOW,INTERNAL,TRUSTED,ACTIVE,SYNTHETIC
CAP-0005,BUSINESS_CAPABILITY,Business Capability 0005,EU-WEST,Commerce,HIGH,INTERNAL,TRUSTED,ACTIVE,SYNTHETIC
CAP-0006,BUSINESS_CAPABILITY,Business Capability 0006,AP-SOUTH,Security,LOW,INTERNAL,TRUSTED,ACTIVE,SYNTHETIC
CAP-0007,BUSINESS_CAPABILITY,Business Capability 0007,AP-NORTHEAST,Commerce,MEDIUM,INTERNAL,TRUSTED,ACTIVE,SYNTHETIC
CAP-0008,BUSINESS_CAPABILITY,Business Capability 0008,AP-SOUTH,Legal,CRITICAL,INTERNAL,TRUSTED,ACTIVE,SYNTHETIC
CAP-0009,BUSINESS_CAPABILITY,Business Capability 0009,US-EAST,Data,HIGH,INTERNAL,TRUSTED,ACTIVE,SYNTHETIC
CAP-0010,BUSINESS_CAPABILITY,Business Capability 0010,US-WEST,HR,CRITICAL,INTERNAL,TRUSTED,ACTIVE,SYNTHETIC
CAP-0011,BUSINESS_CAPABILITY,Business Capability 0011,LATAM,Sales,HIGH,INTERNAL,TRUSTED,ACTIVE,SYNTHETIC
CAP-0012,BUSINESS_CAPABILITY,Business Capability 0012,LATAM,Data,HIGH,INTERNAL,TRUSTED,ACTIVE,SYNTHETIC
CAP-0013,BUSINESS_CAPABILITY,Business Capability 0013,AP-SOUTH,Security,HIGH,INTERNAL,TRUSTED,ACTIVE,SYNTHETIC
CAP-0014,BUSINESS_CAPABILITY,Business Capability 0014,EU-CENTRAL,Data,MEDIUM,INTERNAL,TRUSTED,ACTIVE,SYNTHETIC
CAP-0015,BUSINESS_CAPABILITY,Business Capability 0015,AP-NORTHEAST,Engineering,CRITICAL,INTERNAL,CONDITIONAL,ACTIVE,SYNTHETIC
CAP-0016,BUSINESS_CAPABILITY,Business Capability 0016,LATAM,Commerce,LOW,INTERNAL,TRUSTED,ACTIVE,SYNTHETIC
CAP-0017,BUSINESS_CAPABILITY,Business Capability 0017,AP-SOUTH,Security,LOW,INTERNAL,TRUSTED,ACTIVE,SYNTHETIC
CAP-0018,BUSINESS_CAPABILITY,Business Capability 0018,AP-SOUTH,Security,CRITICAL,INTERNAL,CONDITIONAL,ACTIVE,SYNTHETIC
CAP-0019,BUSINESS_CAPABILITY,Business Capability 0019,US-WEST,Security,HIGH,INTERNAL,TRUSTED,ACTIVE,SYNTHETIC
CAP-0020,BUSINESS_CAPABILITY,Business Capability 0020,GLOBAL,Manufacturing,MEDIUM,INTERNAL,TRUSTED,ACTIVE,SYNTHETIC
CAP-0021,BUSINESS_CAPABILITY,Business Capability 0021,US-WEST,Legal,LOW,INTERNAL,TRUSTED,ACTIVE,SYNTHETIC
CAP-0022,BUSINESS_CAPABILITY,Business Capability 0022,AP-SOUTH,Support,MEDIUM,INTERNAL,CONDITIONAL,ACTIVE,SYNTHETIC
CAP-0023,BUSINESS_CAPABILITY,Business Capability 0023,AP-SOUTH,HR,CRITICAL,INTERNAL,TRUSTED,ACTIVE,SYNTHETIC
CAP-0024,BUSINESS_CAPABILITY,Business Capability 0024,US-EAST,Corporate,CRITICAL,INTERNAL,TRUSTED,ACTIVE,SYNTHETIC
CAP-0025,BUSINESS_CAPABILITY,Business Capability 0025,US-WEST,Finance,LOW,INTERNAL,CONDITIONAL,ACTIVE,SYNTHETIC
CAP-0026,BUSINESS_CAPABILITY,Business Capability 0026,LATAM,Legal,MEDIUM,INTERNAL,CONDITIONAL,ACTIVE,SYNTHETIC
CAP-0027,BUSINESS_CAPABILITY,Business Capability 0027,LATAM,HR,CRITICAL,INTERNAL,TRUSTED,ACTIVE,SYNTHETIC
CAP-0028,BUSINESS_CAPABILITY,Business Capability 0028,US-WEST,Support,LOW,INTERNAL,TRUSTED,ACTIVE,SYNTHETIC
CAP-0029,BUSINESS_CAPABILITY,Business Capability 0029,EU-CENTRAL,Data,MEDIUM,INTERNAL,TRUSTED,ACTIVE,SYNTHETIC
CAP-0030,BUSINESS_CAPABILITY,Business Capability 0030,AP-SOUTH,Commerce,CRITICAL,INTERNAL,TRUSTED,ACTIVE,SYNTHETIC
CAP-0031,BUSINESS_CAPABILITY,Business Capability 0031,AP-NORTHEAST,HR,MEDIUM,INTERNAL,TRUSTED,ACTIVE,SYNTHETIC
CAP-0032,BUSINESS_CAPABILITY,Business Capability 0032,US-WEST,Finance,LOW,INTERNAL,TRUSTED,ACTIVE,SYNTHETIC
CAP-0033,BUSINESS_CAPABILITY,Business Capability 0033,EU-CENTRAL,Corporate,CRITICAL,INTERNAL,TRUSTED,ACTIVE,SYNTHETIC
CAP-0034,BUSINESS_CAPABILITY,Business Capability 0034,AP-NORTHEAST,Engineering,MEDIUM,INTERNAL,TRUSTED,ACTIVE,SYNTHETIC
CAP-0035,BUSINESS_CAPABILITY,Business Capability 0035,AP-SOUTH,Finance,MEDIUM,INTERNAL,TRUSTED,ACTIVE,SYNTHETIC
CAP-0036,BUSINESS_CAPABILITY,Business Capability 0036,US-EAST,Sales,LOW,INTERNAL,TRUSTED,ACTIVE,SYNTHETIC
CAP-0037,BUSINESS_CAPABILITY,Business Capability 0037,US-EAST,Support,HIGH,INTERNAL,TRUSTED,ACTIVE,SYNTHETIC
CAP-0038,BUSINESS_CAPABILITY,Business Capability 0038,AP-SOUTH,Engineering,MEDIUM,INTERNAL,CONDITIONAL,ACTIVE,SYNTHETIC
CAP-0039,BUSINESS_CAPABILITY,Business Capability 0039,AP-SOUTH,Manufacturing,HIGH,INTERNAL,TRUSTED,ACTIVE,SYNTHETIC
CAP-0040,BUSINESS_CAPABILITY,Business Capability 0040,AP-SOUTH,Supply Chain,MEDIUM,INTERNAL,TRUSTED,ACTIVE,SYNTHETIC
CAP-0041,BUSINESS_CAPABILITY,Business Capability 0041,US-EAST,Engineering,CRITICAL,INTERNAL,CONDITIONAL,ACTIVE,SYNTHETIC
CAP-0042,BUSINESS_CAPABILITY,Business Capability 0042,US-WEST,HR,CRITICAL,INTERNAL,TRUSTED,ACTIVE,SYNTHETIC
CAP-0043,BUSINESS_CAPABILITY,Business Capability 0043,US-EAST,Corporate,CRITICAL,INTERNAL,TRUSTED,ACTIVE,SYNTHETIC
CAP-0044,BUSINESS_CAPABILITY,Business Capability 0044,US-WEST,Sales,LOW,INTERNAL,TRUSTED,ACTIVE,SYNTHETIC
CAP-0045,BUSINESS_CAPABILITY,Business Capability 0045,US-WEST,Sales,CRITICAL,INTERNAL,TRUSTED,ACTIVE,SYNTHETIC
CAP-0046,BUSINESS_CAPABILITY,Business Capability 0046,LATAM,Legal,LOW,INTERNAL,TRUSTED,ACTIVE,SYNTHETIC
CAP-0047,BUSINESS_CAPABILITY,Business Capability 0047,US-EAST,Sales,CRITICAL,INTERNAL,TRUSTED,ACTIVE,SYNTHETIC
CAP-0048,BUSINESS_CAPABILITY,Business Capability 0048,AP-NORTHEAST,Supply Chain,CRITICAL,INTERNAL,TRUSTED,ACTIVE,SYNTHETIC
CAP-0049,BUSINESS_CAPABILITY,Business Capability 0049,GLOBAL,Security,LOW,INTERNAL,TRUSTED,ACTIVE,SYNTHETIC
CAP-0050,BUSINESS_CAPABILITY,Business Capability 0050,GLOBAL,Finance,LOW,INTERNAL,TRUSTED,ACTIVE,SYNTHETIC
CAP-0051,BUSINESS_CAPABILITY,Business Capability 0051,GLOBAL,Support,LOW,INTERNAL,TRUSTED,ACTIVE,SYNTHETIC
CAP-0052,BUSINESS_CAPABILITY,Business Capability 0052,GLOBAL,Supply Chain,MEDIUM,INTERNAL,TRUSTED,ACTIVE,SYNTHETIC
CAP-0053,BUSINESS_CAPABILITY,Business Capability 0053,US-WEST,Engineering,HIGH,INTERNAL,TRUSTED,ACTIVE,SYNTHETIC
CAP-0054,BUSINESS_CAPABILITY,Business Capability 0054,LATAM,Data,MEDIUM,INTERNAL,TRUSTED,ACTIVE,SYNTHETIC
CAP-0055,BUSINESS_CAPABILITY,Business Capability 0055,US-EAST,Engineering,CRITICAL,INTERNAL,TRUSTED,ACTIVE,SYNTHETIC
CAP-0056,BUSINESS_CAPABILITY,Business Capability 0056,AP-NORTHEAST,Engineering,LOW,INTERNAL,CONDITIONAL,ACTIVE,SYNTHETIC
CAP-0057,BUSINESS_CAPABILITY,Business Capability 0057,LATAM,Legal,HIGH,INTERNAL,TRUSTED,ACTIVE,SYNTHETIC
CAP-0058,BUSINESS_CAPABILITY,Business Capability 0058,LATAM,Manufacturing,MEDIUM,INTERNAL,TRUSTED,ACTIVE,SYNTHETIC
CAP-0059,BUSINESS_CAPABILITY,Business Capability 0059,US-EAST,Commerce,HIGH,INTERNAL,TRUSTED,ACTIVE,SYNTHETIC
CAP-0060,BUSINESS_CAPABILITY,Business Capability 0060,US-EAST,Sales,LOW,INTERNAL,TRUSTED,ACTIVE,SYNTHETIC
CAP-0061,BUSINESS_CAPABILITY,Business Capability 0061,US-WEST,Manufacturing,MEDIUM,INTERNAL,TRUSTED,ACTIVE,SYNTHETIC
CAP-0062,BUSINESS_CAPABILITY,Business Capability 0062,AP-SOUTH,Supply Chain,MEDIUM,INTERNAL,CONDITIONAL,ACTIVE,SYNTHETIC
CAP-0063,BUSINESS_CAPABILITY,Business Capability 0063,US-EAST,HR,CRITICAL,INTERNAL,TRUSTED,ACTIVE,SYNTHETIC
CAP-0064,BUSINESS_CAPABILITY,Business Capability 0064,EU-CENTRAL,Support,MEDIUM,INTERNAL,TRUSTED,ACTIVE,SYNTHETIC
CAP-0065,BUSINESS_CAPABILITY,Business Capability 0065,US-EAST,Finance,HIGH,INTERNAL,TRUSTED,ACTIVE,SYNTHETIC
CAP-0066,BUSINESS_CAPABILITY,Business Capability 0066,GLOBAL,Data,CRITICAL,INTERNAL,TRUSTED,ACTIVE,SYNTHETIC
CAP-0067,BUSINESS_CAPABILITY,Business Capability 0067,AP-SOUTH,Security,CRITICAL,INTERNAL,TRUSTED,ACTIVE,SYNTHETIC
CAP-0068,BUSINESS_CAPABILITY,Business Capability 0068,EU-CENTRAL,Data,LOW,INTERNAL,CONDITIONAL,ACTIVE,SYNTHETIC
CAP-0069,BUSINESS_CAPABILITY,Business Capability 0069,US-EAST,Legal,LOW,INTERNAL,TRUSTED,ACTIVE,SYNTHETIC
CAP-0070,BUSINESS_CAPABILITY,Business Capability 0070,AP-SOUTH,Finance,CRITICAL,INTERNAL,CONDITIONAL,ACTIVE,SYNTHETIC
CAP-0071,BUSINESS_CAPABILITY,Business Capability 0071,LATAM,Manufacturing,HIGH,INTERNAL,TRUSTED,ACTIVE,SYNTHETIC
CAP-0072,BUSINESS_CAPABILITY,Business Capability 0072,US-WEST,Sales,CRITICAL,INTERNAL,TRUSTED,ACTIVE,SYNTHETIC
CAP-0073,BUSINESS_CAPABILITY,Business Capability 0073,LATAM,Supply Chain,CRITICAL,INTERNAL,TRUSTED,ACTIVE,SYNTHETIC
CAP-0074,BUSINESS_CAPABILITY,Business Capability 0074,US-WEST,Sales,LOW,INTERNAL,CONDITIONAL,ACTIVE,SYNTHETIC
CAP-0075,BUSINESS_CAPABILITY,Business Capability 0075,EU-WEST,Manufacturing,HIGH,INTERNAL,TRUSTED,ACTIVE,SYNTHETIC
CAP-0076,BUSINESS_CAPABILITY,Business Capability 0076,LATAM,Manufacturing,HIGH,INTERNAL,TRUSTED,ACTIVE,SYNTHETIC
CAP-0077,BUSINESS_CAPABILITY,Business Capability 0077,GLOBAL,Engineering,HIGH,INTERNAL,TRUSTED,ACTIVE,SYNTHETIC
CAP-0078,BUSINESS_CAPABILITY,Business Capability 0078,US-EAST,Commerce,MEDIUM,INTERNAL,TRUSTED,ACTIVE,SYNTHETIC
CAP-0079,BUSINESS_CAPABILITY,Business Capability 0079,US-WEST,HR,HIGH,INTERNAL,TRUSTED,ACTIVE,SYNTHETIC
CAP-0080,BUSINESS_CAPABILITY,Business Capability 0080,US-WEST,Manufacturing,MEDIUM,INTERNAL,TRUSTED,ACTIVE,SYNTHETIC
CAP-0081,BUSINESS_CAPABILITY,Business Capability 0081,AP-SOUTH,Engineering,HIGH,INTERNAL,CONDITIONAL,ACTIVE,SYNTHETIC
CAP-0082,BUSINESS_CAPABILITY,Business Capability 0082,EU-CENTRAL,Sales,HIGH,INTERNAL,TRUSTED,ACTIVE,SYNTHETIC
CAP-0083,BUSINESS_CAPABILITY,Business Capability 0083,EU-CENTRAL,Finance,HIGH,INTERNAL,TRUSTED,ACTIVE,SYNTHETIC
CAP-0084,BUSINESS_CAPABILITY,Business Capability 0084,EU-WEST,Security,MEDIUM,INTERNAL,TRUSTED,ACTIVE,SYNTHETIC
CAP-0085,BUSINESS_CAPABILITY,Business Capability 0085,EU-CENTRAL,Engineering,HIGH,INTERNAL,TRUSTED,ACTIVE,SYNTHETIC
CAP-0086,BUSINESS_CAPABILITY,Business Capability 0086,EU-CENTRAL,Corporate,LOW,INTERNAL,TRUSTED,ACTIVE,SYNTHETIC
CAP-0087,BUSINESS_CAPABILITY,Business Capability 0087,GLOBAL,Support,MEDIUM,INTERNAL,TRUSTED,ACTIVE,SYNTHETIC
CAP-0088,BUSINESS_CAPABILITY,Business Capability 0088,US-WEST,Finance,MEDIUM,INTERNAL,TRUSTED,ACTIVE,SYNTHETIC
CAP-0089,BUSINESS_CAPABILITY,Business Capability 0089,EU-WEST,Corporate,MEDIUM,INTERNAL,TRUSTED,ACTIVE,SYNTHETIC
CAP-0090,BUSINESS_CAPABILITY,Business Capability 0090,US-WEST,Corporate,HIGH,INTERNAL,TRUSTED,ACTIVE,SYNTHETIC
CAP-0091,BUSINESS_CAPABILITY,Business Capability 0091,LATAM,Engineering,MEDIUM,INTERNAL,TRUSTED,ACTIVE,SYNTHETIC
CAP-0092,BUSINESS_CAPABILITY,Business Capability 0092,EU-CENTRAL,Sales,LOW,INTERNAL,TRUSTED,ACTIVE,SYNTHETIC
CAP-0093,BUSINESS_CAPABILITY,Business Capability 0093,AP-NORTHEAST,Finance,CRITICAL,INTERNAL,TRUSTED,ACTIVE,SYNTHETIC
CAP-0094,BUSINESS_CAPABILITY,Business Capability 0094,EU-WEST,Supply Chain,MEDIUM,INTERNAL,TRUSTED,ACTIVE,SYNTHETIC
CAP-0095,BUSINESS_CAPABILITY,Business Capability 0095,LATAM,Commerce,MEDIUM,INTERNAL,TRUSTED,ACTIVE,SYNTHETIC
CAP-0096,BUSINESS_CAPABILITY,Business Capability 0096,AP-SOUTH,Corporate,LOW,INTERNAL,CONDITIONAL,ACTIVE,SYNTHETIC
CAP-0097,BUSINESS_CAPABILITY,Business Capability 0097,LATAM,Data,MEDIUM,INTERNAL,TRUSTED,ACTIVE,SYNTHETIC
CAP-0098,BUSINESS_CAPABILITY,Business Capability 0098,AP-NORTHEAST,Sales,CRITICAL,INTERNAL,TRUSTED,ACTIVE,SYNTHETIC
CAP-0099,BUSINESS_CAPABILITY,Business Capability 0099,EU-WEST,Legal,CRITICAL,INTERNAL,CONDITIONAL,ACTIVE,SYNTHETIC
CAP-0100,BUSINESS_CAPABILITY,Business Capability 0100,US-EAST,Support,CRITICAL,INTERNAL,TRUSTED,ACTIVE,SYNTHETIC
APP-0001,BUSINESS_APPLICATION,Business Application 0001,US-EAST,Legal,LOW,INTERNAL,TRUSTED,ACTIVE,SYNTHETIC
APP-0002,BUSINESS_APPLICATION,Business Application 0002,US-WEST,Supply Chain,MEDIUM,INTERNAL,TRUSTED,ACTIVE,SYNTHETIC
APP-0003,BUSINESS_APPLICATION,Business Application 0003,US-WEST,Corporate,LOW,INTERNAL,TRUSTED,ACTIVE,SYNTHETIC
APP-0004,BUSINESS_APPLICATION,Business Application 0004,US-WEST,Supply Chain,LOW,INTERNAL,TRUSTED,ACTIVE,SYNTHETIC
APP-0005,BUSINESS_APPLICATION,Business Application 0005,EU-WEST,Finance,CRITICAL,INTERNAL,TRUSTED,ACTIVE,SYNTHETIC
APP-0006,BUSINESS_APPLICATION,Business Application 0006,AP-SOUTH,Security,LOW,INTERNAL,TRUSTED,ACTIVE,SYNTHETIC
APP-0007,BUSINESS_APPLICATION,Business Application 0007,GLOBAL,Support,LOW,INTERNAL,TRUSTED,ACTIVE,SYNTHETIC
APP-0008,BUSINESS_APPLICATION,Business Application 0008,AP-SOUTH,Supply Chain,MEDIUM,INTERNAL,TRUSTED,ACTIVE,SYNTHETIC
APP-0009,BUSINESS_APPLICATION,Business Application 0009,EU-WEST,Engineering,CRITICAL,INTERNAL,TRUSTED,ACTIVE,SYNTHETIC
APP-0010,BUSINESS_APPLICATION,Business Application 0010,EU-WEST,Corporate,CRITICAL,INTERNAL,TRUSTED,ACTIVE,SYNTHETIC
APP-0011,BUSINESS_APPLICATION,Business Application 0011,US-EAST,Manufacturing,MEDIUM,INTERNAL,TRUSTED,ACTIVE,SYNTHETIC
APP-0012,BUSINESS_APPLICATION,Business Application 0012,LATAM,Legal,MEDIUM,INTERNAL,TRUSTED,ACTIVE,SYNTHETIC
APP-0013,BUSINESS_APPLICATION,Business Application 0013,EU-CENTRAL,Sales,HIGH,INTERNAL,TRUSTED,ACTIVE,SYNTHETIC
APP-0014,BUSINESS_APPLICATION,Business Application 0014,LATAM,Data,HIGH,INTERNAL,TRUSTED,ACTIVE,SYNTHETIC
APP-0015,BUSINESS_APPLICATION,Business Application 0015,AP-NORTHEAST,Engineering,MEDIUM,INTERNAL,TRUSTED,ACTIVE,SYNTHETIC
APP-0016,BUSINESS_APPLICATION,Business Application 0016,GLOBAL,Security,LOW,INTERNAL,TRUSTED,ACTIVE,SYNTHETIC
APP-0017,BUSINESS_APPLICATION,Business Application 0017,LATAM,Corporate,LOW,INTERNAL,TRUSTED,ACTIVE,SYNTHETIC
APP-0018,BUSINESS_APPLICATION,Business Application 0018,AP-SOUTH,Commerce,HIGH,INTERNAL,TRUSTED,ACTIVE,SYNTHETIC
APP-0019,BUSINESS_APPLICATION,Business Application 0019,AP-NORTHEAST,Corporate,LOW,INTERNAL,TRUSTED,ACTIVE,SYNTHETIC
APP-0020,BUSINESS_APPLICATION,Business Application 0020,US-EAST,Corporate,HIGH,INTERNAL,TRUSTED,ACTIVE,SYNTHETIC
APP-0021,BUSINESS_APPLICATION,Business Application 0021,US-EAST,Legal,LOW,INTERNAL,TRUSTED,ACTIVE,SYNTHETIC
APP-0022,BUSINESS_APPLICATION,Business Application 0022,US-WEST,Commerce,CRITICAL,INTERNAL,TRUSTED,ACTIVE,SYNTHETIC
APP-0023,BUSINESS_APPLICATION,Business Application 0023,GLOBAL,Corporate,LOW,INTERNAL,TRUSTED,ACTIVE,SYNTHETIC
APP-0024,BUSINESS_APPLICATION,Business Application 0024,EU-CENTRAL,Data,HIGH,INTERNAL,TRUSTED,ACTIVE,SYNTHETIC
APP-0025,BUSINESS_APPLICATION,Business Application 0025,EU-WEST,Support,MEDIUM,INTERNAL,TRUSTED,ACTIVE,SYNTHETIC
APP-0026,BUSINESS_APPLICATION,Business Application 0026,GLOBAL,Manufacturing,LOW,INTERNAL,TRUSTED,ACTIVE,SYNTHETIC
APP-0027,BUSINESS_APPLICATION,Business Application 0027,AP-SOUTH,Commerce,MEDIUM,INTERNAL,TRUSTED,ACTIVE,SYNTHETIC
APP-0028,BUSINESS_APPLICATION,Business Application 0028,AP-NORTHEAST,Engineering,CRITICAL,INTERNAL,TRUSTED,ACTIVE,SYNTHETIC
APP-0029,BUSINESS_APPLICATION,Business Application 0029,EU-CENTRAL,Corporate,CRITICAL,INTERNAL,TRUSTED,ACTIVE,SYNTHETIC
APP-0030,BUSINESS_APPLICATION,Business Application 0030,GLOBAL,Sales,CRITICAL,INTERNAL,TRUSTED,ACTIVE,SYNTHETIC
APP-0031,BUSINESS_APPLICATION,Business Application 0031,AP-SOUTH,Sales,MEDIUM,INTERNAL,TRUSTED,ACTIVE,SYNTHETIC
APP-0032,BUSINESS_APPLICATION,Business Application 0032,US-EAST,Support,LOW,INTERNAL,TRUSTED,ACTIVE,SYNTHETIC
APP-0033,BUSINESS_APPLICATION,Business Application 0033,AP-SOUTH,Manufacturing,MEDIUM,INTERNAL,TRUSTED,ACTIVE,SYNTHETIC
APP-0034,BUSINESS_APPLICATION,Business Application 0034,EU-CENTRAL,HR,LOW,INTERNAL,CONDITIONAL,ACTIVE,SYNTHETIC
APP-0035,BUSINESS_APPLICATION,Business Application 0035,US-WEST,Finance,MEDIUM,INTERNAL,TRUSTED,ACTIVE,SYNTHETIC
APP-0036,BUSINESS_APPLICATION,Business Application 0036,AP-NORTHEAST,HR,CRITICAL,INTERNAL,TRUSTED,ACTIVE,SYNTHETIC
APP-0037,BUSINESS_APPLICATION,Business Application 0037,AP-SOUTH,Engineering,MEDIUM,INTERNAL,TRUSTED,ACTIVE,SYNTHETIC
APP-0038,BUSINESS_APPLICATION,Business Application 0038,EU-CENTRAL,Finance,CRITICAL,INTERNAL,TRUSTED,ACTIVE,SYNTHETIC
APP-0039,BUSINESS_APPLICATION,Business Application 0039,EU-CENTRAL,Security,MEDIUM,INTERNAL,TRUSTED,ACTIVE,SYNTHETIC
APP-0040,BUSINESS_APPLICATION,Business Application 0040,AP-SOUTH,Commerce,LOW,INTERNAL,TRUSTED,ACTIVE,SYNTHETIC
APP-0041,BUSINESS_APPLICATION,Business Application 0041,US-WEST,Commerce,MEDIUM,INTERNAL,TRUSTED,ACTIVE,SYNTHETIC
APP-0042,BUSINESS_APPLICATION,Business Application 0042,AP-SOUTH,Security,HIGH,INTERNAL,TRUSTED,ACTIVE,SYNTHETIC
APP-0043,BUSINESS_APPLICATION,Business Application 0043,US-EAST,Support,CRITICAL,INTERNAL,TRUSTED,ACTIVE,SYNTHETIC
APP-0044,BUSINESS_APPLICATION,Business Application 0044,US-WEST,Finance,LOW,INTERNAL,TRUSTED,ACTIVE,SYNTHETIC
APP-0045,BUSINESS_APPLICATION,Business Application 0045,LATAM,Support,CRITICAL,INTERNAL,TRUSTED,ACTIVE,SYNTHETIC
APP-0046,BUSINESS_APPLICATION,Business Application 0046,GLOBAL,Finance,MEDIUM,INTERNAL,TRUSTED,ACTIVE,SYNTHETIC
APP-0047,BUSINESS_APPLICATION,Business Application 0047,US-WEST,Supply Chain,LOW,INTERNAL,TRUSTED,ACTIVE,SYNTHETIC
APP-0048,BUSINESS_APPLICATION,Business Application 0048,GLOBAL,Data,LOW,INTERNAL,TRUSTED,ACTIVE,SYNTHETIC
APP-0049,BUSINESS_APPLICATION,Business Application 0049,EU-WEST,Commerce,LOW,INTERNAL,TRUSTED,ACTIVE,SYNTHETIC
APP-0050,BUSINESS_APPLICATION,Business Application 0050,LATAM,Supply Chain,MEDIUM,INTERNAL,TRUSTED,ACTIVE,SYNTHETIC
APP-0051,BUSINESS_APPLICATION,Business Application 0051,EU-WEST,Corporate,HIGH,INTERNAL,TRUSTED,ACTIVE,SYNTHETIC
APP-0052,BUSINESS_APPLICATION,Business Application 0052,US-EAST,Manufacturing,MEDIUM,INTERNAL,TRUSTED,ACTIVE,SYNTHETIC
APP-0053,BUSINESS_APPLICATION,Business Application 0053,EU-WEST,Finance,MEDIUM,INTERNAL,TRUSTED,ACTIVE,SYNTHETIC
APP-0054,BUSINESS_APPLICATION,Business Application 0054,AP-NORTHEAST,Manufacturing,LOW,INTERNAL,TRUSTED,ACTIVE,SYNTHETIC
APP-0055,BUSINESS_APPLICATION,Business Application 0055,AP-NORTHEAST,HR,CRITICAL,INTERNAL,TRUSTED,ACTIVE,SYNTHETIC
APP-0056,BUSINESS_APPLICATION,Business Application 0056,US-WEST,Commerce,MEDIUM,INTERNAL,TRUSTED,ACTIVE,SYNTHETIC
APP-0057,BUSINESS_APPLICATION,Business Application 0057,AP-SOUTH,Corporate,CRITICAL,INTERNAL,TRUSTED,ACTIVE,SYNTHETIC
APP-0058,BUSINESS_APPLICATION,Business Application 0058,GLOBAL,Engineering,HIGH,INTERNAL,TRUSTED,ACTIVE,SYNTHETIC
APP-0059,BUSINESS_APPLICATION,Business Application 0059,EU-WEST,Sales,HIGH,INTERNAL,TRUSTED,ACTIVE,SYNTHETIC
APP-0060,BUSINESS_APPLICATION,Business Application 0060,EU-WEST,Commerce,LOW,INTERNAL,TRUSTED,ACTIVE,SYNTHETIC
APP-0061,BUSINESS_APPLICATION,Business Application 0061,US-WEST,Finance,CRITICAL,INTERNAL,TRUSTED,ACTIVE,SYNTHETIC
APP-0062,BUSINESS_APPLICATION,Business Application 0062,LATAM,Commerce,MEDIUM,INTERNAL,CONDITIONAL,ACTIVE,SYNTHETIC
APP-0063,BUSINESS_APPLICATION,Business Application 0063,EU-WEST,Engineering,LOW,INTERNAL,TRUSTED,ACTIVE,SYNTHETIC
APP-0064,BUSINESS_APPLICATION,Business Application 0064,AP-NORTHEAST,Finance,CRITICAL,INTERNAL,TRUSTED,ACTIVE,SYNTHETIC
APP-0065,BUSINESS_APPLICATION,Business Application 0065,EU-CENTRAL,Corporate,CRITICAL,INTERNAL,TRUSTED,ACTIVE,SYNTHETIC
APP-0066,BUSINESS_APPLICATION,Business Application 0066,GLOBAL,Manufacturing,HIGH,INTERNAL,TRUSTED,ACTIVE,SYNTHETIC
APP-0067,BUSINESS_APPLICATION,Business Application 0067,US-WEST,Engineering,HIGH,INTERNAL,TRUSTED,ACTIVE,SYNTHETIC
APP-0068,BUSINESS_APPLICATION,Business Application 0068,GLOBAL,Finance,HIGH,INTERNAL,TRUSTED,ACTIVE,SYNTHETIC
APP-0069,BUSINESS_APPLICATION,Business Application 0069,US-EAST,Manufacturing,CRITICAL,INTERNAL,TRUSTED,ACTIVE,SYNTHETIC
APP-0070,BUSINESS_APPLICATION,Business Application 0070,GLOBAL,Engineering,LOW,INTERNAL,TRUSTED,ACTIVE,SYNTHETIC
APP-0071,BUSINESS_APPLICATION,Business Application 0071,EU-WEST,Commerce,HIGH,INTERNAL,TRUSTED,ACTIVE,SYNTHETIC
APP-0072,BUSINESS_APPLICATION,Business Application 0072,US-EAST,Manufacturing,HIGH,INTERNAL,TRUSTED,ACTIVE,SYNTHETIC
APP-0073,BUSINESS_APPLICATION,Business Application 0073,US-WEST,Supply Chain,LOW,INTERNAL,CONDITIONAL,ACTIVE,SYNTHETIC
APP-0074,BUSINESS_APPLICATION,Business Application 0074,EU-WEST,HR,MEDIUM,INTERNAL,TRUSTED,ACTIVE,SYNTHETIC
APP-0075,BUSINESS_APPLICATION,Business Application 0075,AP-SOUTH,Sales,CRITICAL,INTERNAL,TRUSTED,ACTIVE,SYNTHETIC
APP-0076,BUSINESS_APPLICATION,Business Application 0076,EU-WEST,Manufacturing,HIGH,INTERNAL,TRUSTED,ACTIVE,SYNTHETIC
APP-0077,BUSINESS_APPLICATION,Business Application 0077,US-EAST,Finance,HIGH,INTERNAL,TRUSTED,ACTIVE,SYNTHETIC
APP-0078,BUSINESS_APPLICATION,Business Application 0078,AP-SOUTH,Engineering,MEDIUM,INTERNAL,TRUSTED,ACTIVE,SYNTHETIC
APP-0079,BUSINESS_APPLICATION,Business Application 0079,LATAM,Manufacturing,HIGH,INTERNAL,TRUSTED,ACTIVE,SYNTHETIC
APP-0080,BUSINESS_APPLICATION,Business Application 0080,AP-NORTHEAST,Sales,CRITICAL,INTERNAL,TRUSTED,ACTIVE,SYNTHETIC
APP-0081,BUSINESS_APPLICATION,Business Application 0081,GLOBAL,Sales,MEDIUM,INTERNAL,TRUSTED,ACTIVE,SYNTHETIC
APP-0082,BUSINESS_APPLICATION,Business Application 0082,US-WEST,Finance,LOW,INTERNAL,TRUSTED,ACTIVE,SYNTHETIC
APP-0083,BUSINESS_APPLICATION,Business Application 0083,GLOBAL,HR,MEDIUM,INTERNAL,TRUSTED,ACTIVE,SYNTHETIC
APP-0084,BUSINESS_APPLICATION,Business Application 0084,LATAM,Engineering,LOW,INTERNAL,TRUSTED,ACTIVE,SYNTHETIC
APP-0085,BUSINESS_APPLICATION,Business Application 0085,GLOBAL,Engineering,HIGH,INTERNAL,TRUSTED,ACTIVE,SYNTHETIC
APP-0086,BUSINESS_APPLICATION,Business Application 0086,EU-WEST,Supply Chain,HIGH,INTERNAL,TRUSTED,ACTIVE,SYNTHETIC
APP-0087,BUSINESS_APPLICATION,Business Application 0087,EU-WEST,HR,MEDIUM,INTERNAL,TRUSTED,ACTIVE,SYNTHETIC
APP-0088,BUSINESS_APPLICATION,Business Application 0088,US-EAST,HR,MEDIUM,INTERNAL,TRUSTED,ACTIVE,SYNTHETIC
APP-0089,BUSINESS_APPLICATION,Business Application 0089,GLOBAL,Supply Chain,MEDIUM,INTERNAL,CONDITIONAL,ACTIVE,SYNTHETIC
APP-0090,BUSINESS_APPLICATION,Business Application 0090,AP-SOUTH,Security,LOW,INTERNAL,TRUSTED,ACTIVE,SYNTHETIC
APP-0091,BUSINESS_APPLICATION,Business Application 0091,US-WEST,Commerce,MEDIUM,INTERNAL,TRUSTED,ACTIVE,SYNTHETIC
APP-0092,BUSINESS_APPLICATION,Business Application 0092,US-WEST,Supply Chain,HIGH,INTERNAL,TRUSTED,ACTIVE,SYNTHETIC
APP-0093,BUSINESS_APPLICATION,Business Application 0093,AP-SOUTH,Finance,LOW,INTERNAL,TRUSTED,ACTIVE,SYNTHETIC
APP-0094,BUSINESS_APPLICATION,Business Application 0094,AP-NORTHEAST,HR,LOW,INTERNAL,TRUSTED,ACTIVE,SYNTHETIC
APP-0095,BUSINESS_APPLICATION,Business Application 0095,US-EAST,HR,MEDIUM,INTERNAL,CONDITIONAL,ACTIVE,SYNTHETIC
APP-0096,BUSINESS_APPLICATION,Business Application 0096,US-EAST,Sales,LOW,INTERNAL,TRUSTED,ACTIVE,SYNTHETIC
APP-0097,BUSINESS_APPLICATION,Business Application 0097,US-EAST,Support,CRITICAL,INTERNAL,TRUSTED,ACTIVE,SYNTHETIC
APP-0098,BUSINESS_APPLICATION,Business Application 0098,LATAM,Security,CRITICAL,INTERNAL,TRUSTED,ACTIVE,SYNTHETIC
APP-0099,BUSINESS_APPLICATION,Business Application 0099,AP-SOUTH,Security,LOW,INTERNAL,TRUSTED,ACTIVE,SYNTHETIC
APP-0100,BUSINESS_APPLICATION,Business Application 0100,EU-CENTRAL,Data,LOW,INTERNAL,TRUSTED,ACTIVE,SYNTHETIC
APP-0101,BUSINESS_APPLICATION,Business Application 0101,EU-WEST,HR,HIGH,INTERNAL,TRUSTED,ACTIVE,SYNTHETIC
APP-0102,BUSINESS_APPLICATION,Business Application 0102,US-WEST,Supply Chain,MEDIUM,INTERNAL,TRUSTED,ACTIVE,SYNTHETIC
APP-0103,BUSINESS_APPLICATION,Business Application 0103,LATAM,Manufacturing,CRITICAL,INTERNAL,TRUSTED,ACTIVE,SYNTHETIC
APP-0104,BUSINESS_APPLICATION,Business Application 0104,US-WEST,Finance,LOW,INTERNAL,TRUSTED,ACTIVE,SYNTHETIC
APP-0105,BUSINESS_APPLICATION,Business Application 0105,US-EAST,Support,LOW,INTERNAL,TRUSTED,ACTIVE,SYNTHETIC
APP-0106,BUSINESS_APPLICATION,Business Application 0106,AP-SOUTH,Finance,LOW,INTERNAL,TRUSTED,ACTIVE,SYNTHETIC
APP-0107,BUSINESS_APPLICATION,Business Application 0107,AP-NORTHEAST,Commerce,CRITICAL,INTERNAL,TRUSTED,ACTIVE,SYNTHETIC
APP-0108,BUSINESS_APPLICATION,Business Application 0108,LATAM,Data,CRITICAL,INTERNAL,TRUSTED,ACTIVE,SYNTHETIC
APP-0109,BUSINESS_APPLICATION,Business Application 0109,EU-WEST,Support,CRITICAL,INTERNAL,TRUSTED,ACTIVE,SYNTHETIC
APP-0110,BUSINESS_APPLICATION,Business Application 0110,EU-CENTRAL,Finance,MEDIUM,INTERNAL,TRUSTED,ACTIVE,SYNTHETIC
APP-0111,BUSINESS_APPLICATION,Business Application 0111,LATAM,Manufacturing,LOW,INTERNAL,TRUSTED,ACTIVE,SYNTHETIC
APP-0112,BUSINESS_APPLICATION,Business Application 0112,EU-WEST,Commerce,LOW,INTERNAL,TRUSTED,ACTIVE,SYNTHETIC
APP-0113,BUSINESS_APPLICATION,Business Application 0113,AP-NORTHEAST,Legal,HIGH,INTERNAL,TRUSTED,ACTIVE,SYNTHETIC
APP-0114,BUSINESS_APPLICATION,Business Application 0114,US-WEST,Security,CRITICAL,INTERNAL,TRUSTED,ACTIVE,SYNTHETIC
APP-0115,BUSINESS_APPLICATION,Business Application 0115,AP-SOUTH,Corporate,HIGH,INTERNAL,TRUSTED,ACTIVE,SYNTHETIC
APP-0116,BUSINESS_APPLICATION,Business Application 0116,EU-WEST,Commerce,HIGH,INTERNAL,CONDITIONAL,ACTIVE,SYNTHETIC
APP-0117,BUSINESS_APPLICATION,Business Application 0117,EU-WEST,HR,MEDIUM,INTERNAL,TRUSTED,ACTIVE,SYNTHETIC
APP-0118,BUSINESS_APPLICATION,Business Application 0118,AP-SOUTH,Sales,CRITICAL,INTERNAL,TRUSTED,ACTIVE,SYNTHETIC
APP-0119,BUSINESS_APPLICATION,Business Application 0119,GLOBAL,Engineering,MEDIUM,INTERNAL,TRUSTED,ACTIVE,SYNTHETIC
APP-0120,BUSINESS_APPLICATION,Business Application 0120,US-WEST,HR,CRITICAL,INTERNAL,CONDITIONAL,ACTIVE,SYNTHETIC
APP-0121,BUSINESS_APPLICATION,Business Application 0121,AP-NORTHEAST,Commerce,LOW,INTERNAL,TRUSTED,ACTIVE,SYNTHETIC
APP-0122,BUSINESS_APPLICATION,Business Application 0122,US-WEST,Manufacturing,CRITICAL,INTERNAL,TRUSTED,ACTIVE,SYNTHETIC
APP-0123,BUSINESS_APPLICATION,Business Application 0123,LATAM,Support,CRITICAL,INTERNAL,TRUSTED,ACTIVE,SYNTHETIC
APP-0124,BUSINESS_APPLICATION,Business Application 0124,GLOBAL,Sales,MEDIUM,INTERNAL,TRUSTED,ACTIVE,SYNTHETIC
APP-0125,BUSINESS_APPLICATION,Business Application 0125,GLOBAL,HR,CRITICAL,INTERNAL,TRUSTED,ACTIVE,SYNTHETIC
APP-0126,BUSINESS_APPLICATION,Business Application 0126,AP-NORTHEAST,Engineering,LOW,INTERNAL,TRUSTED,ACTIVE,SYNTHETIC
APP-0127,BUSINESS_APPLICATION,Business Application 0127,US-WEST,Sales,CRITICAL,INTERNAL,TRUSTED,ACTIVE,SYNTHETIC
APP-0128,BUSINESS_APPLICATION,Business Application 0128,GLOBAL,Security,MEDIUM,INTERNAL,TRUSTED,ACTIVE,SYNTHETIC
APP-0129,BUSINESS_APPLICATION,Business Application 0129,GLOBAL,HR,MEDIUM,INTERNAL,TRUSTED,ACTIVE,SYNTHETIC
APP-0130,BUSINESS_APPLICATION,Business Application 0130,EU-WEST,Corporate,LOW,INTERNAL,CONDITIONAL,ACTIVE,SYNTHETIC
APP-0131,BUSINESS_APPLICATION,Business Application 0131,LATAM,Manufacturing,CRITICAL,INTERNAL,TRUSTED,ACTIVE,SYNTHETIC
APP-0132,BUSINESS_APPLICATION,Business Application 0132,EU-CENTRAL,Security,HIGH,INTERNAL,TRUSTED,ACTIVE,SYNTHETIC
APP-0133,BUSINESS_APPLICATION,Business Application 0133,US-EAST,Data,LOW,INTERNAL,TRUSTED,ACTIVE,SYNTHETIC
APP-0134,BUSINESS_APPLICATION,Business Application 0134,EU-CENTRAL,Support,LOW,INTERNAL,TRUSTED,ACTIVE,SYNTHETIC
APP-0135,BUSINESS_APPLICATION,Business Application 0135,GLOBAL,Security,MEDIUM,INTERNAL,TRUSTED,ACTIVE,SYNTHETIC
APP-0136,BUSINESS_APPLICATION,Business Application 0136,EU-CENTRAL,Sales,MEDIUM,INTERNAL,TRUSTED,ACTIVE,SYNTHETIC
APP-0137,BUSINESS_APPLICATION,Business Application 0137,EU-WEST,Engineering,LOW,INTERNAL,TRUSTED,ACTIVE,SYNTHETIC
APP-0138,BUSINESS_APPLICATION,Business Application 0138,LATAM,HR,LOW,INTERNAL,TRUSTED,ACTIVE,SYNTHETIC
APP-0139,BUSINESS_APPLICATION,Business Application 0139,AP-SOUTH,Support,MEDIUM,INTERNAL,TRUSTED,ACTIVE,SYNTHETIC
APP-0140,BUSINESS_APPLICATION,Business Application 0140,LATAM,Finance,HIGH,INTERNAL,TRUSTED,ACTIVE,SYNTHETIC
APP-0141,BUSINESS_APPLICATION,Business Application 0141,LATAM,Finance,CRITICAL,INTERNAL,TRUSTED,ACTIVE,SYNTHETIC
APP-0142,BUSINESS_APPLICATION,Business Application 0142,US-EAST,Security,CRITICAL,INTERNAL,TRUSTED,ACTIVE,SYNTHETIC
APP-0143,BUSINESS_APPLICATION,Business Application 0143,EU-CENTRAL,Commerce,LOW,INTERNAL,TRUSTED,ACTIVE,SYNTHETIC
APP-0144,BUSINESS_APPLICATION,Business Application 0144,AP-SOUTH,HR,CRITICAL,INTERNAL,TRUSTED,ACTIVE,SYNTHETIC
APP-0145,BUSINESS_APPLICATION,Business Application 0145,GLOBAL,Finance,MEDIUM,INTERNAL,TRUSTED,ACTIVE,SYNTHETIC
APP-0146,BUSINESS_APPLICATION,Business Application 0146,AP-NORTHEAST,Data,CRITICAL,INTERNAL,TRUSTED,ACTIVE,SYNTHETIC
APP-0147,BUSINESS_APPLICATION,Business Application 0147,AP-SOUTH,Engineering,MEDIUM,INTERNAL,TRUSTED,ACTIVE,SYNTHETIC
APP-0148,BUSINESS_APPLICATION,Business Application 0148,LATAM,Legal,LOW,INTERNAL,TRUSTED,ACTIVE,SYNTHETIC
APP-0149,BUSINESS_APPLICATION,Business Application 0149,GLOBAL,Data,CRITICAL,INTERNAL,TRUSTED,ACTIVE,SYNTHETIC
APP-0150,BUSINESS_APPLICATION,Business Application 0150,US-EAST,Engineering,LOW,INTERNAL,TRUSTED,ACTIVE,SYNTHETIC
APP-0151,BUSINESS_APPLICATION,Business Application 0151,AP-NORTHEAST,Security,HIGH,INTERNAL,TRUSTED,ACTIVE,SYNTHETIC
APP-0152,BUSINESS_APPLICATION,Business Application 0152,AP-SOUTH,Manufacturing,LOW,INTERNAL,TRUSTED,ACTIVE,SYNTHETIC
APP-0153,BUSINESS_APPLICATION,Business Application 0153,EU-WEST,Legal,LOW,INTERNAL,TRUSTED,ACTIVE,SYNTHETIC
APP-0154,BUSINESS_APPLICATION,Business Application 0154,AP-SOUTH,Data,MEDIUM,INTERNAL,TRUSTED,ACTIVE,SYNTHETIC
APP-0155,BUSINESS_APPLICATION,Business Application 0155,US-EAST,Sales,CRITICAL,INTERNAL,CONDITIONAL,ACTIVE,SYNTHETIC
APP-0156,BUSINESS_APPLICATION,Business Application 0156,GLOBAL,Supply Chain,HIGH,INTERNAL,TRUSTED,ACTIVE,SYNTHETIC
APP-0157,BUSINESS_APPLICATION,Business Application 0157,EU-WEST,Manufacturing,LOW,INTERNAL,TRUSTED,ACTIVE,SYNTHETIC
APP-0158,BUSINESS_APPLICATION,Business Application 0158,US-EAST,Sales,CRITICAL,INTERNAL,TRUSTED,ACTIVE,SYNTHETIC
APP-0159,BUSINESS_APPLICATION,Business Application 0159,US-EAST,Security,MEDIUM,INTERNAL,TRUSTED,ACTIVE,SYNTHETIC
APP-0160,BUSINESS_APPLICATION,Business Application 0160,LATAM,Engineering,HIGH,INTERNAL,TRUSTED,ACTIVE,SYNTHETIC
APP-0161,BUSINESS_APPLICATION,Business Application 0161,GLOBAL,Manufacturing,MEDIUM,INTERNAL,TRUSTED,ACTIVE,SYNTHETIC
APP-0162,BUSINESS_APPLICATION,Business Application 0162,GLOBAL,Security,CRITICAL,INTERNAL,TRUSTED,ACTIVE,SYNTHETIC
APP-0163,BUSINESS_APPLICATION,Business Application 0163,EU-WEST,Supply Chain,HIGH,INTERNAL,TRUSTED,ACTIVE,SYNTHETIC
APP-0164,BUSINESS_APPLICATION,Business Application 0164,GLOBAL,Legal,CRITICAL,INTERNAL,CONDITIONAL,ACTIVE,SYNTHETIC
APP-0165,BUSINESS_APPLICATION,Business Application 0165,AP-SOUTH,Legal,HIGH,INTERNAL,TRUSTED,ACTIVE,SYNTHETIC
APP-0166,BUSINESS_APPLICATION,Business Application 0166,EU-WEST,Sales,HIGH,INTERNAL,TRUSTED,ACTIVE,SYNTHETIC
APP-0167,BUSINESS_APPLICATION,Business Application 0167,US-WEST,Legal,MEDIUM,INTERNAL,CONDITIONAL,ACTIVE,SYNTHETIC
APP-0168,BUSINESS_APPLICATION,Business Application 0168,GLOBAL,Support,MEDIUM,INTERNAL,CONDITIONAL,ACTIVE,SYNTHETIC
APP-0169,BUSINESS_APPLICATION,Business Application 0169,LATAM,Sales,CRITICAL,INTERNAL,TRUSTED,ACTIVE,SYNTHETIC
APP-0170,BUSINESS_APPLICATION,Business Application 0170,GLOBAL,Corporate,MEDIUM,INTERNAL,TRUSTED,ACTIVE,SYNTHETIC
APP-0171,BUSINESS_APPLICATION,Business Application 0171,US-EAST,Finance,MEDIUM,INTERNAL,TRUSTED,ACTIVE,SYNTHETIC
APP-0172,BUSINESS_APPLICATION,Business Application 0172,GLOBAL,Corporate,CRITICAL,INTERNAL,TRUSTED,ACTIVE,SYNTHETIC
APP-0173,BUSINESS_APPLICATION,Business Application 0173,AP-SOUTH,HR,HIGH,INTERNAL,TRUSTED,ACTIVE,SYNTHETIC
APP-0174,BUSINESS_APPLICATION,Business Application 0174,EU-CENTRAL,Sales,MEDIUM,INTERNAL,TRUSTED,ACTIVE,SYNTHETIC
APP-0175,BUSINESS_APPLICATION,Business Application 0175,EU-CENTRAL,Security,CRITICAL,INTERNAL,TRUSTED,ACTIVE,SYNTHETIC
APP-0176,BUSINESS_APPLICATION,Business Application 0176,AP-NORTHEAST,Support,MEDIUM,INTERNAL,TRUSTED,ACTIVE,SYNTHETIC
APP-0177,BUSINESS_APPLICATION,Business Application 0177,LATAM,HR,CRITICAL,INTERNAL,TRUSTED,ACTIVE,SYNTHETIC
APP-0178,BUSINESS_APPLICATION,Business Application 0178,GLOBAL,Supply Chain,HIGH,INTERNAL,TRUSTED,ACTIVE,SYNTHETIC
APP-0179,BUSINESS_APPLICATION,Business Application 0179,EU-CENTRAL,Data,HIGH,INTERNAL,TRUSTED,ACTIVE,SYNTHETIC
APP-0180,BUSINESS_APPLICATION,Business Application 0180,AP-SOUTH,Supply Chain,LOW,INTERNAL,TRUSTED,ACTIVE,SYNTHETIC
SVC-0001,APPLICATION_SERVICE,Application Service 0001,AP-SOUTH,Manufacturing,MEDIUM,INTERNAL,TRUSTED,ACTIVE,SYNTHETIC
SVC-0002,APPLICATION_SERVICE,Application Service 0002,LATAM,Security,CRITICAL,INTERNAL,TRUSTED,ACTIVE,SYNTHETIC
SVC-0003,APPLICATION_SERVICE,Application Service 0003,EU-CENTRAL,HR,CRITICAL,INTERNAL,TRUSTED,ACTIVE,SYNTHETIC
SVC-0004,APPLICATION_SERVICE,Application Service 0004,AP-NORTHEAST,Finance,MEDIUM,INTERNAL,TRUSTED,ACTIVE,SYNTHETIC
SVC-0005,APPLICATION_SERVICE,Application Service 0005,GLOBAL,Sales,LOW,INTERNAL,TRUSTED,ACTIVE,SYNTHETIC
SVC-0006,APPLICATION_SERVICE,Application Service 0006,US-WEST,Data,HIGH,INTERNAL,TRUSTED,ACTIVE,SYNTHETIC
SVC-0007,APPLICATION_SERVICE,Application Service 0007,EU-WEST,Supply Chain,MEDIUM,INTERNAL,TRUSTED,ACTIVE,SYNTHETIC
SVC-0008,APPLICATION_SERVICE,Application Service 0008,US-EAST,Commerce,HIGH,INTERNAL,TRUSTED,ACTIVE,SYNTHETIC
SVC-0009,APPLICATION_SERVICE,Application Service 0009,AP-NORTHEAST,Commerce,MEDIUM,INTERNAL,TRUSTED,ACTIVE,SYNTHETIC
SVC-0010,APPLICATION_SERVICE,Application Service 0010,LATAM,Manufacturing,HIGH,INTERNAL,TRUSTED,ACTIVE,SYNTHETIC
SVC-0011,APPLICATION_SERVICE,Application Service 0011,GLOBAL,Manufacturing,MEDIUM,INTERNAL,TRUSTED,ACTIVE,SYNTHETIC
SVC-0012,APPLICATION_SERVICE,Application Service 0012,AP-SOUTH,Sales,MEDIUM,INTERNAL,TRUSTED,ACTIVE,SYNTHETIC
SVC-0013,APPLICATION_SERVICE,Application Service 0013,EU-CENTRAL,HR,LOW,INTERNAL,TRUSTED,ACTIVE,SYNTHETIC
SVC-0014,APPLICATION_SERVICE,Application Service 0014,AP-NORTHEAST,Security,HIGH,INTERNAL,TRUSTED,ACTIVE,SYNTHETIC
SVC-0015,APPLICATION_SERVICE,Application Service 0015,LATAM,Data,MEDIUM,INTERNAL,TRUSTED,ACTIVE,SYNTHETIC
SVC-0016,APPLICATION_SERVICE,Application Service 0016,AP-SOUTH,HR,LOW,INTERNAL,TRUSTED,ACTIVE,SYNTHETIC
SVC-0017,APPLICATION_SERVICE,Application Service 0017,US-WEST,Manufacturing,CRITICAL,INTERNAL,TRUSTED,ACTIVE,SYNTHETIC
SVC-0018,APPLICATION_SERVICE,Application Service 0018,LATAM,Support,HIGH,INTERNAL,TRUSTED,ACTIVE,SYNTHETIC
SVC-0019,APPLICATION_SERVICE,Application Service 0019,LATAM,Support,MEDIUM,INTERNAL,TRUSTED,ACTIVE,SYNTHETIC
SVC-0020,APPLICATION_SERVICE,Application Service 0020,AP-NORTHEAST,Support,HIGH,INTERNAL,TRUSTED,ACTIVE,SYNTHETIC
SVC-0021,APPLICATION_SERVICE,Application Service 0021,EU-WEST,Corporate,CRITICAL,INTERNAL,TRUSTED,ACTIVE,SYNTHETIC
SVC-0022,APPLICATION_SERVICE,Application Service 0022,EU-WEST,Engineering,LOW,INTERNAL,TRUSTED,ACTIVE,SYNTHETIC
SVC-0023,APPLICATION_SERVICE,Application Service 0023,AP-NORTHEAST,Security,MEDIUM,INTERNAL,TRUSTED,ACTIVE,SYNTHETIC
SVC-0024,APPLICATION_SERVICE,Application Service 0024,US-EAST,Corporate,HIGH,INTERNAL,TRUSTED,ACTIVE,SYNTHETIC
SVC-0025,APPLICATION_SERVICE,Application Service 0025,US-EAST,Corporate,CRITICAL,INTERNAL,TRUSTED,ACTIVE,SYNTHETIC
SVC-0026,APPLICATION_SERVICE,Application Service 0026,AP-NORTHEAST,HR,LOW,INTERNAL,TRUSTED,ACTIVE,SYNTHETIC
SVC-0027,APPLICATION_SERVICE,Application Service 0027,US-EAST,Commerce,HIGH,INTERNAL,TRUSTED,ACTIVE,SYNTHETIC
SVC-0028,APPLICATION_SERVICE,Application Service 0028,EU-CENTRAL,Manufacturing,MEDIUM,INTERNAL,TRUSTED,ACTIVE,SYNTHETIC
SVC-0029,APPLICATION_SERVICE,Application Service 0029,GLOBAL,Data,CRITICAL,INTERNAL,CONDITIONAL,ACTIVE,SYNTHETIC
SVC-0030,APPLICATION_SERVICE,Application Service 0030,EU-WEST,Commerce,CRITICAL,INTERNAL,TRUSTED,ACTIVE,SYNTHETIC
SVC-0031,APPLICATION_SERVICE,Application Service 0031,AP-SOUTH,Manufacturing,MEDIUM,INTERNAL,TRUSTED,ACTIVE,SYNTHETIC
SVC-0032,APPLICATION_SERVICE,Application Service 0032,EU-CENTRAL,Data,LOW,INTERNAL,CONDITIONAL,ACTIVE,SYNTHETIC
SVC-0033,APPLICATION_SERVICE,Application Service 0033,US-WEST,Sales,MEDIUM,INTERNAL,TRUSTED,ACTIVE,SYNTHETIC
SVC-0034,APPLICATION_SERVICE,Application Service 0034,AP-SOUTH,Corporate,HIGH,INTERNAL,TRUSTED,ACTIVE,SYNTHETIC
SVC-0035,APPLICATION_SERVICE,Application Service 0035,AP-SOUTH,Manufacturing,MEDIUM,INTERNAL,TRUSTED,ACTIVE,SYNTHETIC
SVC-0036,APPLICATION_SERVICE,Application Service 0036,LATAM,Engineering,MEDIUM,INTERNAL,TRUSTED,ACTIVE,SYNTHETIC
SVC-0037,APPLICATION_SERVICE,Application Service 0037,AP-SOUTH,Corporate,CRITICAL,INTERNAL,TRUSTED,ACTIVE,SYNTHETIC
SVC-0038,APPLICATION_SERVICE,Application Service 0038,LATAM,Finance,MEDIUM,INTERNAL,TRUSTED,ACTIVE,SYNTHETIC
SVC-0039,APPLICATION_SERVICE,Application Service 0039,EU-WEST,Supply Chain,HIGH,INTERNAL,CONDITIONAL,ACTIVE,SYNTHETIC
SVC-0040,APPLICATION_SERVICE,Application Service 0040,GLOBAL,Data,HIGH,INTERNAL,TRUSTED,ACTIVE,SYNTHETIC
SVC-0041,APPLICATION_SERVICE,Application Service 0041,EU-WEST,Data,MEDIUM,INTERNAL,TRUSTED,ACTIVE,SYNTHETIC
SVC-0042,APPLICATION_SERVICE,Application Service 0042,AP-SOUTH,Supply Chain,MEDIUM,INTERNAL,TRUSTED,ACTIVE,SYNTHETIC
SVC-0043,APPLICATION_SERVICE,Application Service 0043,LATAM,Legal,HIGH,INTERNAL,TRUSTED,ACTIVE,SYNTHETIC
SVC-0044,APPLICATION_SERVICE,Application Service 0044,AP-NORTHEAST,Finance,MEDIUM,INTERNAL,TRUSTED,ACTIVE,SYNTHETIC
SVC-0045,APPLICATION_SERVICE,Application Service 0045,GLOBAL,Supply Chain,LOW,INTERNAL,TRUSTED,ACTIVE,SYNTHETIC
SVC-0046,APPLICATION_SERVICE,Application Service 0046,AP-NORTHEAST,Commerce,CRITICAL,INTERNAL,CONDITIONAL,ACTIVE,SYNTHETIC
SVC-0047,APPLICATION_SERVICE,Application Service 0047,US-WEST,Security,MEDIUM,INTERNAL,CONDITIONAL,ACTIVE,SYNTHETIC
SVC-0048,APPLICATION_SERVICE,Application Service 0048,US-WEST,Data,LOW,INTERNAL,TRUSTED,ACTIVE,SYNTHETIC
SVC-0049,APPLICATION_SERVICE,Application Service 0049,US-EAST,Support,MEDIUM,INTERNAL,TRUSTED,ACTIVE,SYNTHETIC
SVC-0050,APPLICATION_SERVICE,Application Service 0050,US-EAST,Sales,MEDIUM,INTERNAL,TRUSTED,ACTIVE,SYNTHETIC
SVC-0051,APPLICATION_SERVICE,Application Service 0051,EU-CENTRAL,Legal,MEDIUM,INTERNAL,TRUSTED,ACTIVE,SYNTHETIC
SVC-0052,APPLICATION_SERVICE,Application Service 0052,AP-NORTHEAST,Commerce,LOW,INTERNAL,TRUSTED,ACTIVE,SYNTHETIC
SVC-0053,APPLICATION_SERVICE,Application Service 0053,US-EAST,Supply Chain,CRITICAL,INTERNAL,TRUSTED,ACTIVE,SYNTHETIC
SVC-0054,APPLICATION_SERVICE,Application Service 0054,GLOBAL,Corporate,HIGH,INTERNAL,TRUSTED,ACTIVE,SYNTHETIC
SVC-0055,APPLICATION_SERVICE,Application Service 0055,US-WEST,Commerce,HIGH,INTERNAL,TRUSTED,ACTIVE,SYNTHETIC
SVC-0056,APPLICATION_SERVICE,Application Service 0056,AP-NORTHEAST,Sales,LOW,INTERNAL,TRUSTED,ACTIVE,SYNTHETIC
SVC-0057,APPLICATION_SERVICE,Application Service 0057,EU-WEST,Engineering,HIGH,INTERNAL,TRUSTED,ACTIVE,SYNTHETIC
SVC-0058,APPLICATION_SERVICE,Application Service 0058,AP-SOUTH,Legal,HIGH,INTERNAL,TRUSTED,ACTIVE,SYNTHETIC
SVC-0059,APPLICATION_SERVICE,Application Service 0059,US-EAST,Support,LOW,INTERNAL,TRUSTED,ACTIVE,SYNTHETIC
SVC-0060,APPLICATION_SERVICE,Application Service 0060,AP-SOUTH,HR,LOW,INTERNAL,TRUSTED,ACTIVE,SYNTHETIC
SVC-0061,APPLICATION_SERVICE,Application Service 0061,EU-WEST,Data,LOW,INTERNAL,CONDITIONAL,ACTIVE,SYNTHETIC
SVC-0062,APPLICATION_SERVICE,Application Service 0062,LATAM,Engineering,HIGH,INTERNAL,TRUSTED,ACTIVE,SYNTHETIC
SVC-0063,APPLICATION_SERVICE,Application Service 0063,US-WEST,Finance,CRITICAL,INTERNAL,TRUSTED,ACTIVE,SYNTHETIC
SVC-0064,APPLICATION_SERVICE,Application Service 0064,LATAM,Finance,LOW,INTERNAL,TRUSTED,ACTIVE,SYNTHETIC
SVC-0065,APPLICATION_SERVICE,Application Service 0065,AP-NORTHEAST,Engineering,HIGH,INTERNAL,TRUSTED,ACTIVE,SYNTHETIC
SVC-0066,APPLICATION_SERVICE,Application Service 0066,AP-SOUTH,Security,CRITICAL,INTERNAL,TRUSTED,ACTIVE,SYNTHETIC
SVC-0067,APPLICATION_SERVICE,Application Service 0067,US-EAST,Commerce,CRITICAL,INTERNAL,TRUSTED,ACTIVE,SYNTHETIC
SVC-0068,APPLICATION_SERVICE,Application Service 0068,LATAM,Corporate,MEDIUM,INTERNAL,TRUSTED,ACTIVE,SYNTHETIC
SVC-0069,APPLICATION_SERVICE,Application Service 0069,GLOBAL,HR,MEDIUM,INTERNAL,TRUSTED,ACTIVE,SYNTHETIC
SVC-0070,APPLICATION_SERVICE,Application Service 0070,US-EAST,Support,LOW,INTERNAL,TRUSTED,ACTIVE,SYNTHETIC
SVC-0071,APPLICATION_SERVICE,Application Service 0071,EU-WEST,Commerce,MEDIUM,INTERNAL,TRUSTED,ACTIVE,SYNTHETIC
SVC-0072,APPLICATION_SERVICE,Application Service 0072,EU-WEST,Commerce,CRITICAL,INTERNAL,TRUSTED,ACTIVE,SYNTHETIC
SVC-0073,APPLICATION_SERVICE,Application Service 0073,LATAM,Manufacturing,LOW,INTERNAL,TRUSTED,ACTIVE,SYNTHETIC
SVC-0074,APPLICATION_SERVICE,Application Service 0074,US-WEST,Support,CRITICAL,INTERNAL,TRUSTED,ACTIVE,SYNTHETIC
SVC-0075,APPLICATION_SERVICE,Application Service 0075,LATAM,Legal,MEDIUM,INTERNAL,TRUSTED,ACTIVE,SYNTHETIC
SVC-0076,APPLICATION_SERVICE,Application Service 0076,AP-SOUTH,Supply Chain,CRITICAL,INTERNAL,TRUSTED,ACTIVE,SYNTHETIC
SVC-0077,APPLICATION_SERVICE,Application Service 0077,LATAM,Manufacturing,CRITICAL,INTERNAL,TRUSTED,ACTIVE,SYNTHETIC
SVC-0078,APPLICATION_SERVICE,Application Service 0078,EU-WEST,Manufacturing,HIGH,INTERNAL,TRUSTED,ACTIVE,SYNTHETIC
SVC-0079,APPLICATION_SERVICE,Application Service 0079,US-EAST,Supply Chain,HIGH,INTERNAL,TRUSTED,ACTIVE,SYNTHETIC
SVC-0080,APPLICATION_SERVICE,Application Service 0080,AP-SOUTH,Security,CRITICAL,INTERNAL,TRUSTED,ACTIVE,SYNTHETIC
SVC-0081,APPLICATION_SERVICE,Application Service 0081,LATAM,Legal,CRITICAL,INTERNAL,TRUSTED,ACTIVE,SYNTHETIC
SVC-0082,APPLICATION_SERVICE,Application Service 0082,AP-NORTHEAST,Data,LOW,INTERNAL,TRUSTED,ACTIVE,SYNTHETIC
SVC-0083,APPLICATION_SERVICE,Application Service 0083,EU-CENTRAL,Support,CRITICAL,INTERNAL,TRUSTED,ACTIVE,SYNTHETIC
SVC-0084,APPLICATION_SERVICE,Application Service 0084,LATAM,Corporate,LOW,INTERNAL,TRUSTED,ACTIVE,SYNTHETIC
SVC-0085,APPLICATION_SERVICE,Application Service 0085,EU-CENTRAL,Engineering,HIGH,INTERNAL,TRUSTED,ACTIVE,SYNTHETIC
SVC-0086,APPLICATION_SERVICE,Application Service 0086,AP-NORTHEAST,Supply Chain,HIGH,INTERNAL,TRUSTED,ACTIVE,SYNTHETIC
SVC-0087,APPLICATION_SERVICE,Application Service 0087,EU-WEST,HR,CRITICAL,INTERNAL,TRUSTED,ACTIVE,SYNTHETIC
SVC-0088,APPLICATION_SERVICE,Application Service 0088,AP-SOUTH,Commerce,MEDIUM,INTERNAL,TRUSTED,ACTIVE,SYNTHETIC
SVC-0089,APPLICATION_SERVICE,Application Service 0089,EU-CENTRAL,Commerce,CRITICAL,INTERNAL,TRUSTED,ACTIVE,SYNTHETIC
SVC-0090,APPLICATION_SERVICE,Application Service 0090,US-EAST,Data,LOW,INTERNAL,TRUSTED,ACTIVE,SYNTHETIC
SVC-0091,APPLICATION_SERVICE,Application Service 0091,GLOBAL,Support,LOW,INTERNAL,TRUSTED,ACTIVE,SYNTHETIC
SVC-0092,APPLICATION_SERVICE,Application Service 0092,AP-SOUTH,Sales,HIGH,INTERNAL,TRUSTED,ACTIVE,SYNTHETIC
SVC-0093,APPLICATION_SERVICE,Application Service 0093,US-WEST,Finance,LOW,INTERNAL,TRUSTED,ACTIVE,SYNTHETIC
SVC-0094,APPLICATION_SERVICE,Application Service 0094,EU-WEST,Security,CRITICAL,INTERNAL,TRUSTED,ACTIVE,SYNTHETIC
SVC-0095,APPLICATION_SERVICE,Application Service 0095,US-EAST,Commerce,LOW,INTERNAL,TRUSTED,ACTIVE,SYNTHETIC
SVC-0096,APPLICATION_SERVICE,Application Service 0096,US-EAST,Engineering,MEDIUM,INTERNAL,TRUSTED,ACTIVE,SYNTHETIC
SVC-0097,APPLICATION_SERVICE,Application Service 0097,AP-NORTHEAST,Supply Chain,LOW,INTERNAL,TRUSTED,ACTIVE,SYNTHETIC
SVC-0098,APPLICATION_SERVICE,Application Service 0098,US-EAST,Support,HIGH,INTERNAL,TRUSTED,ACTIVE,SYNTHETIC
SVC-0099,APPLICATION_SERVICE,Application Service 0099,LATAM,HR,LOW,INTERNAL,TRUSTED,ACTIVE,SYNTHETIC
SVC-0100,APPLICATION_SERVICE,Application Service 0100,US-WEST,HR,CRITICAL,INTERNAL,TRUSTED,ACTIVE,SYNTHETIC
SVC-0101,APPLICATION_SERVICE,Application Service 0101,LATAM,Corporate,MEDIUM,INTERNAL,TRUSTED,ACTIVE,SYNTHETIC
SVC-0102,APPLICATION_SERVICE,Application Service 0102,AP-SOUTH,Corporate,MEDIUM,INTERNAL,TRUSTED,ACTIVE,SYNTHETIC
SVC-0103,APPLICATION_SERVICE,Application Service 0103,EU-CENTRAL,Manufacturing,MEDIUM,INTERNAL,CONDITIONAL,ACTIVE,SYNTHETIC
SVC-0104,APPLICATION_SERVICE,Application Service 0104,EU-WEST,Corporate,HIGH,INTERNAL,TRUSTED,ACTIVE,SYNTHETIC
SVC-0105,APPLICATION_SERVICE,Application Service 0105,US-EAST,Supply Chain,HIGH,INTERNAL,TRUSTED,ACTIVE,SYNTHETIC
SVC-0106,APPLICATION_SERVICE,Application Service 0106,US-WEST,Corporate,MEDIUM,INTERNAL,TRUSTED,ACTIVE,SYNTHETIC
SVC-0107,APPLICATION_SERVICE,Application Service 0107,US-EAST,Security,MEDIUM,INTERNAL,TRUSTED,ACTIVE,SYNTHETIC
SVC-0108,APPLICATION_SERVICE,Application Service 0108,US-WEST,Security,LOW,INTERNAL,CONDITIONAL,ACTIVE,SYNTHETIC
SVC-0109,APPLICATION_SERVICE,Application Service 0109,AP-SOUTH,Engineering,CRITICAL,INTERNAL,TRUSTED,ACTIVE,SYNTHETIC
SVC-0110,APPLICATION_SERVICE,Application Service 0110,AP-NORTHEAST,Sales,CRITICAL,INTERNAL,TRUSTED,ACTIVE,SYNTHETIC
SVC-0111,APPLICATION_SERVICE,Application Service 0111,US-EAST,Engineering,MEDIUM,INTERNAL,TRUSTED,ACTIVE,SYNTHETIC
SVC-0112,APPLICATION_SERVICE,Application Service 0112,GLOBAL,Support,CRITICAL,INTERNAL,TRUSTED,ACTIVE,SYNTHETIC
SVC-0113,APPLICATION_SERVICE,Application Service 0113,GLOBAL,Supply Chain,HIGH,INTERNAL,TRUSTED,ACTIVE,SYNTHETIC
SVC-0114,APPLICATION_SERVICE,Application Service 0114,GLOBAL,Sales,MEDIUM,INTERNAL,TRUSTED,ACTIVE,SYNTHETIC
SVC-0115,APPLICATION_SERVICE,Application Service 0115,US-EAST,Support,MEDIUM,INTERNAL,TRUSTED,ACTIVE,SYNTHETIC
SVC-0116,APPLICATION_SERVICE,Application Service 0116,US-WEST,HR,LOW,INTERNAL,TRUSTED,ACTIVE,SYNTHETIC
SVC-0117,APPLICATION_SERVICE,Application Service 0117,EU-CENTRAL,Security,CRITICAL,INTERNAL,TRUSTED,ACTIVE,SYNTHETIC
SVC-0118,APPLICATION_SERVICE,Application Service 0118,LATAM,Support,HIGH,INTERNAL,TRUSTED,ACTIVE,SYNTHETIC
SVC-0119,APPLICATION_SERVICE,Application Service 0119,GLOBAL,Legal,HIGH,INTERNAL,TRUSTED,ACTIVE,SYNTHETIC
SVC-0120,APPLICATION_SERVICE,Application Service 0120,US-WEST,Engineering,MEDIUM,INTERNAL,TRUSTED,ACTIVE,SYNTHETIC
SVC-0121,APPLICATION_SERVICE,Application Service 0121,EU-WEST,Supply Chain,MEDIUM,INTERNAL,TRUSTED,ACTIVE,SYNTHETIC
SVC-0122,APPLICATION_SERVICE,Application Service 0122,US-WEST,Support,CRITICAL,INTERNAL,TRUSTED,ACTIVE,SYNTHETIC
SVC-0123,APPLICATION_SERVICE,Application Service 0123,EU-CENTRAL,Legal,CRITICAL,INTERNAL,TRUSTED,ACTIVE,SYNTHETIC
SVC-0124,APPLICATION_SERVICE,Application Service 0124,US-WEST,HR,LOW,INTERNAL,TRUSTED,ACTIVE,SYNTHETIC
SVC-0125,APPLICATION_SERVICE,Application Service 0125,US-WEST,Sales,HIGH,INTERNAL,TRUSTED,ACTIVE,SYNTHETIC
SVC-0126,APPLICATION_SERVICE,Application Service 0126,EU-WEST,Support,CRITICAL,INTERNAL,TRUSTED,ACTIVE,SYNTHETIC
SVC-0127,APPLICATION_SERVICE,Application Service 0127,GLOBAL,Security,LOW,INTERNAL,TRUSTED,ACTIVE,SYNTHETIC
SVC-0128,APPLICATION_SERVICE,Application Service 0128,GLOBAL,Legal,CRITICAL,INTERNAL,TRUSTED,ACTIVE,SYNTHETIC
SVC-0129,APPLICATION_SERVICE,Application Service 0129,EU-WEST,Engineering,CRITICAL,INTERNAL,TRUSTED,ACTIVE,SYNTHETIC
SVC-0130,APPLICATION_SERVICE,Application Service 0130,US-WEST,Engineering,HIGH,INTERNAL,TRUSTED,ACTIVE,SYNTHETIC
SVC-0131,APPLICATION_SERVICE,Application Service 0131,EU-CENTRAL,Finance,CRITICAL,INTERNAL,TRUSTED,ACTIVE,SYNTHETIC
SVC-0132,APPLICATION_SERVICE,Application Service 0132,US-EAST,Security,HIGH,INTERNAL,TRUSTED,ACTIVE,SYNTHETIC
SVC-0133,APPLICATION_SERVICE,Application Service 0133,EU-CENTRAL,Corporate,MEDIUM,INTERNAL,CONDITIONAL,ACTIVE,SYNTHETIC
SVC-0134,APPLICATION_SERVICE,Application Service 0134,GLOBAL,Support,MEDIUM,INTERNAL,TRUSTED,ACTIVE,SYNTHETIC
SVC-0135,APPLICATION_SERVICE,Application Service 0135,LATAM,Legal,HIGH,INTERNAL,TRUSTED,ACTIVE,SYNTHETIC
SVC-0136,APPLICATION_SERVICE,Application Service 0136,US-WEST,Engineering,HIGH,INTERNAL,TRUSTED,ACTIVE,SYNTHETIC
SVC-0137,APPLICATION_SERVICE,Application Service 0137,AP-NORTHEAST,Security,HIGH,INTERNAL,TRUSTED,ACTIVE,SYNTHETIC
SVC-0138,APPLICATION_SERVICE,Application Service 0138,EU-CENTRAL,Sales,CRITICAL,INTERNAL,TRUSTED,ACTIVE,SYNTHETIC
SVC-0139,APPLICATION_SERVICE,Application Service 0139,EU-WEST,Security,CRITICAL,INTERNAL,TRUSTED,ACTIVE,SYNTHETIC
SVC-0140,APPLICATION_SERVICE,Application Service 0140,LATAM,Finance,HIGH,INTERNAL,TRUSTED,ACTIVE,SYNTHETIC
SVC-0141,APPLICATION_SERVICE,Application Service 0141,AP-SOUTH,HR,LOW,INTERNAL,TRUSTED,ACTIVE,SYNTHETIC
SVC-0142,APPLICATION_SERVICE,Application Service 0142,EU-CENTRAL,HR,MEDIUM,INTERNAL,TRUSTED,ACTIVE,SYNTHETIC
SVC-0143,APPLICATION_SERVICE,Application Service 0143,US-EAST,Engineering,MEDIUM,INTERNAL,TRUSTED,ACTIVE,SYNTHETIC
SVC-0144,APPLICATION_SERVICE,Application Service 0144,AP-SOUTH,Supply Chain,HIGH,INTERNAL,TRUSTED,ACTIVE,SYNTHETIC
SVC-0145,APPLICATION_SERVICE,Application Service 0145,LATAM,Engineering,MEDIUM,INTERNAL,TRUSTED,ACTIVE,SYNTHETIC
SVC-0146,APPLICATION_SERVICE,Application Service 0146,AP-SOUTH,Legal,LOW,INTERNAL,TRUSTED,ACTIVE,SYNTHETIC
SVC-0147,APPLICATION_SERVICE,Application Service 0147,AP-NORTHEAST,Legal,HIGH,INTERNAL,TRUSTED,ACTIVE,SYNTHETIC
SVC-0148,APPLICATION_SERVICE,Application Service 0148,EU-CENTRAL,Engineering,HIGH,INTERNAL,TRUSTED,ACTIVE,SYNTHETIC
SVC-0149,APPLICATION_SERVICE,Application Service 0149,AP-SOUTH,Supply Chain,HIGH,INTERNAL,TRUSTED,ACTIVE,SYNTHETIC
SVC-0150,APPLICATION_SERVICE,Application Service 0150,GLOBAL,Commerce,LOW,INTERNAL,TRUSTED,ACTIVE,SYNTHETIC
SVC-0151,APPLICATION_SERVICE,Application Service 0151,EU-WEST,Finance,LOW,INTERNAL,TRUSTED,ACTIVE,SYNTHETIC
SVC-0152,APPLICATION_SERVICE,Application Service 0152,AP-SOUTH,Sales,CRITICAL,INTERNAL,TRUSTED,ACTIVE,SYNTHETIC
SVC-0153,APPLICATION_SERVICE,Application Service 0153,AP-NORTHEAST,Corporate,MEDIUM,INTERNAL,TRUSTED,ACTIVE,SYNTHETIC
SVC-0154,APPLICATION_SERVICE,Application Service 0154,GLOBAL,Supply Chain,CRITICAL,INTERNAL,CONDITIONAL,ACTIVE,SYNTHETIC
SVC-0155,APPLICATION_SERVICE,Application Service 0155,EU-CENTRAL,Sales,HIGH,INTERNAL,TRUSTED,ACTIVE,SYNTHETIC
SVC-0156,APPLICATION_SERVICE,Application Service 0156,LATAM,Sales,HIGH,INTERNAL,TRUSTED,ACTIVE,SYNTHETIC
SVC-0157,APPLICATION_SERVICE,Application Service 0157,LATAM,Engineering,LOW,INTERNAL,TRUSTED,ACTIVE,SYNTHETIC
SVC-0158,APPLICATION_SERVICE,Application Service 0158,AP-SOUTH,HR,LOW,INTERNAL,CONDITIONAL,ACTIVE,SYNTHETIC
SVC-0159,APPLICATION_SERVICE,Application Service 0159,LATAM,Corporate,CRITICAL,INTERNAL,TRUSTED,ACTIVE,SYNTHETIC
SVC-0160,APPLICATION_SERVICE,Application Service 0160,EU-CENTRAL,Manufacturing,MEDIUM,INTERNAL,TRUSTED,ACTIVE,SYNTHETIC
SVC-0161,APPLICATION_SERVICE,Application Service 0161,AP-SOUTH,HR,MEDIUM,INTERNAL,TRUSTED,ACTIVE,SYNTHETIC
SVC-0162,APPLICATION_SERVICE,Application Service 0162,AP-SOUTH,Supply Chain,CRITICAL,INTERNAL,TRUSTED,ACTIVE,SYNTHETIC
SVC-0163,APPLICATION_SERVICE,Application Service 0163,EU-CENTRAL,Data,CRITICAL,INTERNAL,CONDITIONAL,ACTIVE,SYNTHETIC
SVC-0164,APPLICATION_SERVICE,Application Service 0164,AP-SOUTH,Corporate,HIGH,INTERNAL,TRUSTED,ACTIVE,SYNTHETIC
SVC-0165,APPLICATION_SERVICE,Application Service 0165,EU-WEST,Data,HIGH,INTERNAL,TRUSTED,ACTIVE,SYNTHETIC
SVC-0166,APPLICATION_SERVICE,Application Service 0166,US-EAST,Engineering,HIGH,INTERNAL,TRUSTED,ACTIVE,SYNTHETIC
SVC-0167,APPLICATION_SERVICE,Application Service 0167,US-WEST,Security,LOW,INTERNAL,CONDITIONAL,ACTIVE,SYNTHETIC
SVC-0168,APPLICATION_SERVICE,Application Service 0168,LATAM,Commerce,HIGH,INTERNAL,TRUSTED,ACTIVE,SYNTHETIC
SVC-0169,APPLICATION_SERVICE,Application Service 0169,US-EAST,Legal,LOW,INTERNAL,TRUSTED,ACTIVE,SYNTHETIC
SVC-0170,APPLICATION_SERVICE,Application Service 0170,AP-NORTHEAST,Commerce,MEDIUM,INTERNAL,TRUSTED,ACTIVE,SYNTHETIC
SVC-0171,APPLICATION_SERVICE,Application Service 0171,US-WEST,Data,HIGH,INTERNAL,TRUSTED,ACTIVE,SYNTHETIC
SVC-0172,APPLICATION_SERVICE,Application Service 0172,EU-WEST,Sales,LOW,INTERNAL,TRUSTED,ACTIVE,SYNTHETIC
SVC-0173,APPLICATION_SERVICE,Application Service 0173,AP-NORTHEAST,Legal,LOW,INTERNAL,TRUSTED,ACTIVE,SYNTHETIC
SVC-0174,APPLICATION_SERVICE,Application Service 0174,US-WEST,Finance,CRITICAL,INTERNAL,TRUSTED,ACTIVE,SYNTHETIC
SVC-0175,APPLICATION_SERVICE,Application Service 0175,EU-CENTRAL,HR,LOW,INTERNAL,TRUSTED,ACTIVE,SYNTHETIC
SVC-0176,APPLICATION_SERVICE,Application Service 0176,US-WEST,Legal,CRITICAL,INTERNAL,TRUSTED,ACTIVE,SYNTHETIC
SVC-0177,APPLICATION_SERVICE,Application Service 0177,EU-WEST,Data,LOW,INTERNAL,TRUSTED,ACTIVE,SYNTHETIC
SVC-0178,APPLICATION_SERVICE,Application Service 0178,AP-SOUTH,Commerce,CRITICAL,INTERNAL,TRUSTED,ACTIVE,SYNTHETIC
SVC-0179,APPLICATION_SERVICE,Application Service 0179,EU-CENTRAL,Support,LOW,INTERNAL,TRUSTED,ACTIVE,SYNTHETIC
SVC-0180,APPLICATION_SERVICE,Application Service 0180,EU-CENTRAL,Supply Chain,HIGH,INTERNAL,TRUSTED,ACTIVE,SYNTHETIC
SVC-0181,APPLICATION_SERVICE,Application Service 0181,AP-NORTHEAST,Supply Chain,MEDIUM,INTERNAL,TRUSTED,ACTIVE,SYNTHETIC
SVC-0182,APPLICATION_SERVICE,Application Service 0182,AP-NORTHEAST,Commerce,MEDIUM,INTERNAL,TRUSTED,ACTIVE,SYNTHETIC
SVC-0183,APPLICATION_SERVICE,Application Service 0183,US-EAST,Finance,HIGH,INTERNAL,TRUSTED,ACTIVE,SYNTHETIC
SVC-0184,APPLICATION_SERVICE,Application Service 0184,GLOBAL,HR,CRITICAL,INTERNAL,TRUSTED,ACTIVE,SYNTHETIC
SVC-0185,APPLICATION_SERVICE,Application Service 0185,EU-CENTRAL,Security,LOW,INTERNAL,TRUSTED,ACTIVE,SYNTHETIC
SVC-0186,APPLICATION_SERVICE,Application Service 0186,AP-SOUTH,Support,MEDIUM,INTERNAL,TRUSTED,ACTIVE,SYNTHETIC
SVC-0187,APPLICATION_SERVICE,Application Service 0187,EU-CENTRAL,Manufacturing,MEDIUM,INTERNAL,TRUSTED,ACTIVE,SYNTHETIC
SVC-0188,APPLICATION_SERVICE,Application Service 0188,EU-WEST,HR,HIGH,INTERNAL,TRUSTED,ACTIVE,SYNTHETIC
SVC-0189,APPLICATION_SERVICE,Application Service 0189,AP-NORTHEAST,Sales,HIGH,INTERNAL,TRUSTED,ACTIVE,SYNTHETIC
SVC-0190,APPLICATION_SERVICE,Application Service 0190,AP-NORTHEAST,Supply Chain,CRITICAL,INTERNAL,TRUSTED,ACTIVE,SYNTHETIC
SVC-0191,APPLICATION_SERVICE,Application Service 0191,LATAM,Finance,CRITICAL,INTERNAL,TRUSTED,ACTIVE,SYNTHETIC
SVC-0192,APPLICATION_SERVICE,Application Service 0192,GLOBAL,Security,CRITICAL,INTERNAL,TRUSTED,ACTIVE,SYNTHETIC
SVC-0193,APPLICATION_SERVICE,Application Service 0193,EU-CENTRAL,Supply Chain,HIGH,INTERNAL,CONDITIONAL,ACTIVE,SYNTHETIC
SVC-0194,APPLICATION_SERVICE,Application Service 0194,EU-WEST,Manufacturing,MEDIUM,INTERNAL,TRUSTED,ACTIVE,SYNTHETIC
SVC-0195,APPLICATION_SERVICE,Application Service 0195,AP-NORTHEAST,Engineering,HIGH,INTERNAL,TRUSTED,ACTIVE,SYNTHETIC
SVC-0196,APPLICATION_SERVICE,Application Service 0196,LATAM,Supply Chain,CRITICAL,INTERNAL,TRUSTED,ACTIVE,SYNTHETIC
SVC-0197,APPLICATION_SERVICE,Application Service 0197,EU-WEST,Support,CRITICAL,INTERNAL,TRUSTED,ACTIVE,SYNTHETIC
SVC-0198,APPLICATION_SERVICE,Application Service 0198,LATAM,HR,MEDIUM,INTERNAL,TRUSTED,ACTIVE,SYNTHETIC
SVC-0199,APPLICATION_SERVICE,Application Service 0199,AP-NORTHEAST,Data,LOW,INTERNAL,TRUSTED,ACTIVE,SYNTHETIC
SVC-0200,APPLICATION_SERVICE,Application Service 0200,EU-CENTRAL,HR,MEDIUM,INTERNAL,TRUSTED,ACTIVE,SYNTHETIC
SVC-0201,APPLICATION_SERVICE,Application Service 0201,US-WEST,Manufacturing,MEDIUM,INTERNAL,TRUSTED,ACTIVE,SYNTHETIC
SVC-0202,APPLICATION_SERVICE,Application Service 0202,US-EAST,Finance,MEDIUM,INTERNAL,TRUSTED,ACTIVE,SYNTHETIC
SVC-0203,APPLICATION_SERVICE,Application Service 0203,EU-CENTRAL,Manufacturing,MEDIUM,INTERNAL,TRUSTED,ACTIVE,SYNTHETIC
SVC-0204,APPLICATION_SERVICE,Application Service 0204,US-WEST,Manufacturing,CRITICAL,INTERNAL,TRUSTED,ACTIVE,SYNTHETIC
SVC-0205,APPLICATION_SERVICE,Application Service 0205,AP-NORTHEAST,Finance,HIGH,INTERNAL,TRUSTED,ACTIVE,SYNTHETIC
SVC-0206,APPLICATION_SERVICE,Application Service 0206,EU-CENTRAL,Supply Chain,LOW,INTERNAL,TRUSTED,ACTIVE,SYNTHETIC
SVC-0207,APPLICATION_SERVICE,Application Service 0207,AP-SOUTH,Commerce,CRITICAL,INTERNAL,TRUSTED,ACTIVE,SYNTHETIC
SVC-0208,APPLICATION_SERVICE,Application Service 0208,EU-CENTRAL,Engineering,LOW,INTERNAL,TRUSTED,ACTIVE,SYNTHETIC
SVC-0209,APPLICATION_SERVICE,Application Service 0209,LATAM,Security,LOW,INTERNAL,TRUSTED,ACTIVE,SYNTHETIC
SVC-0210,APPLICATION_SERVICE,Application Service 0210,GLOBAL,Commerce,LOW,INTERNAL,CONDITIONAL,ACTIVE,SYNTHETIC
SVC-0211,APPLICATION_SERVICE,Application Service 0211,AP-SOUTH,Legal,LOW,INTERNAL,TRUSTED,ACTIVE,SYNTHETIC
SVC-0212,APPLICATION_SERVICE,Application Service 0212,US-EAST,Manufacturing,LOW,INTERNAL,TRUSTED,ACTIVE,SYNTHETIC
SVC-0213,APPLICATION_SERVICE,Application Service 0213,US-EAST,Finance,CRITICAL,INTERNAL,TRUSTED,ACTIVE,SYNTHETIC
SVC-0214,APPLICATION_SERVICE,Application Service 0214,EU-CENTRAL,Legal,LOW,INTERNAL,TRUSTED,ACTIVE,SYNTHETIC
SVC-0215,APPLICATION_SERVICE,Application Service 0215,EU-WEST,Sales,HIGH,INTERNAL,TRUSTED,ACTIVE,SYNTHETIC
SVC-0216,APPLICATION_SERVICE,Application Service 0216,GLOBAL,Sales,CRITICAL,INTERNAL,TRUSTED,ACTIVE,SYNTHETIC
SVC-0217,APPLICATION_SERVICE,Application Service 0217,AP-NORTHEAST,Supply Chain,LOW,INTERNAL,TRUSTED,ACTIVE,SYNTHETIC
SVC-0218,APPLICATION_SERVICE,Application Service 0218,EU-WEST,Commerce,MEDIUM,INTERNAL,TRUSTED,ACTIVE,SYNTHETIC
SVC-0219,APPLICATION_SERVICE,Application Service 0219,EU-CENTRAL,Sales,CRITICAL,INTERNAL,TRUSTED,ACTIVE,SYNTHETIC
SVC-0220,APPLICATION_SERVICE,Application Service 0220,EU-CENTRAL,Engineering,CRITICAL,INTERNAL,CONDITIONAL,ACTIVE,SYNTHETIC
SVC-0221,APPLICATION_SERVICE,Application Service 0221,US-EAST,Manufacturing,CRITICAL,INTERNAL,TRUSTED,ACTIVE,SYNTHETIC
SVC-0222,APPLICATION_SERVICE,Application Service 0222,AP-SOUTH,Manufacturing,HIGH,INTERNAL,TRUSTED,ACTIVE,SYNTHETIC
SVC-0223,APPLICATION_SERVICE,Application Service 0223,LATAM,Sales,LOW,INTERNAL,TRUSTED,ACTIVE,SYNTHETIC
SVC-0224,APPLICATION_SERVICE,Application Service 0224,US-EAST,Manufacturing,CRITICAL,INTERNAL,TRUSTED,ACTIVE,SYNTHETIC
SVC-0225,APPLICATION_SERVICE,Application Service 0225,AP-SOUTH,Engineering,LOW,INTERNAL,TRUSTED,ACTIVE,SYNTHETIC
SVC-0226,APPLICATION_SERVICE,Application Service 0226,EU-WEST,Security,MEDIUM,INTERNAL,TRUSTED,ACTIVE,SYNTHETIC
SVC-0227,APPLICATION_SERVICE,Application Service 0227,EU-CENTRAL,Support,LOW,INTERNAL,TRUSTED,ACTIVE,SYNTHETIC
SVC-0228,APPLICATION_SERVICE,Application Service 0228,LATAM,Commerce,LOW,INTERNAL,CONDITIONAL,ACTIVE,SYNTHETIC
SVC-0229,APPLICATION_SERVICE,Application Service 0229,LATAM,Security,MEDIUM,INTERNAL,TRUSTED,ACTIVE,SYNTHETIC
SVC-0230,APPLICATION_SERVICE,Application Service 0230,EU-CENTRAL,Engineering,CRITICAL,INTERNAL,TRUSTED,ACTIVE,SYNTHETIC
SVC-0231,APPLICATION_SERVICE,Application Service 0231,LATAM,Sales,MEDIUM,INTERNAL,TRUSTED,ACTIVE,SYNTHETIC
SVC-0232,APPLICATION_SERVICE,Application Service 0232,EU-WEST,Legal,LOW,INTERNAL,TRUSTED,ACTIVE,SYNTHETIC
SVC-0233,APPLICATION_SERVICE,Application Service 0233,LATAM,Legal,CRITICAL,INTERNAL,TRUSTED,ACTIVE,SYNTHETIC
SVC-0234,APPLICATION_SERVICE,Application Service 0234,US-WEST,Security,CRITICAL,INTERNAL,TRUSTED,ACTIVE,SYNTHETIC
SVC-0235,APPLICATION_SERVICE,Application Service 0235,AP-NORTHEAST,Legal,LOW,INTERNAL,CONDITIONAL,ACTIVE,SYNTHETIC
SVC-0236,APPLICATION_SERVICE,Application Service 0236,GLOBAL,Data,MEDIUM,INTERNAL,TRUSTED,ACTIVE,SYNTHETIC
SVC-0237,APPLICATION_SERVICE,Application Service 0237,GLOBAL,Support,LOW,INTERNAL,TRUSTED,ACTIVE,SYNTHETIC
SVC-0238,APPLICATION_SERVICE,Application Service 0238,US-EAST,HR,LOW,INTERNAL,TRUSTED,ACTIVE,SYNTHETIC
SVC-0239,APPLICATION_SERVICE,Application Service 0239,AP-NORTHEAST,Data,CRITICAL,INTERNAL,TRUSTED,ACTIVE,SYNTHETIC
SVC-0240,APPLICATION_SERVICE,Application Service 0240,LATAM,Support,HIGH,INTERNAL,TRUSTED,ACTIVE,SYNTHETIC
SVC-0241,APPLICATION_SERVICE,Application Service 0241,AP-SOUTH,Sales,LOW,INTERNAL,TRUSTED,ACTIVE,SYNTHETIC
SVC-0242,APPLICATION_SERVICE,Application Service 0242,AP-NORTHEAST,Manufacturing,CRITICAL,INTERNAL,TRUSTED,ACTIVE,SYNTHETIC
SVC-0243,APPLICATION_SERVICE,Application Service 0243,AP-SOUTH,Security,MEDIUM,INTERNAL,TRUSTED,ACTIVE,SYNTHETIC
SVC-0244,APPLICATION_SERVICE,Application Service 0244,EU-CENTRAL,Supply Chain,CRITICAL,INTERNAL,CONDITIONAL,ACTIVE,SYNTHETIC
SVC-0245,APPLICATION_SERVICE,Application Service 0245,US-WEST,Manufacturing,HIGH,INTERNAL,TRUSTED,ACTIVE,SYNTHETIC
SVC-0246,APPLICATION_SERVICE,Application Service 0246,AP-SOUTH,Security,LOW,INTERNAL,TRUSTED,ACTIVE,SYNTHETIC
SVC-0247,APPLICATION_SERVICE,Application Service 0247,US-EAST,HR,MEDIUM,INTERNAL,TRUSTED,ACTIVE,SYNTHETIC
SVC-0248,APPLICATION_SERVICE,Application Service 0248,US-WEST,Legal,LOW,INTERNAL,TRUSTED,ACTIVE,SYNTHETIC
SVC-0249,APPLICATION_SERVICE,Application Service 0249,EU-WEST,Support,LOW,INTERNAL,TRUSTED,ACTIVE,SYNTHETIC
SVC-0250,APPLICATION_SERVICE,Application Service 0250,EU-CENTRAL,Commerce,LOW,INTERNAL,TRUSTED,ACTIVE,SYNTHETIC
SVC-0251,APPLICATION_SERVICE,Application Service 0251,AP-SOUTH,Corporate,HIGH,INTERNAL,TRUSTED,ACTIVE,SYNTHETIC
SVC-0252,APPLICATION_SERVICE,Application Service 0252,US-EAST,Support,HIGH,INTERNAL,TRUSTED,ACTIVE,SYNTHETIC
SVC-0253,APPLICATION_SERVICE,Application Service 0253,AP-SOUTH,Data,LOW,INTERNAL,TRUSTED,ACTIVE,SYNTHETIC
SVC-0254,APPLICATION_SERVICE,Application Service 0254,LATAM,Manufacturing,MEDIUM,INTERNAL,TRUSTED,ACTIVE,SYNTHETIC
SVC-0255,APPLICATION_SERVICE,Application Service 0255,AP-NORTHEAST,Supply Chain,MEDIUM,INTERNAL,CONDITIONAL,ACTIVE,SYNTHETIC
SVC-0256,APPLICATION_SERVICE,Application Service 0256,LATAM,Supply Chain,LOW,INTERNAL,CONDITIONAL,ACTIVE,SYNTHETIC
SVC-0257,APPLICATION_SERVICE,Application Service 0257,EU-CENTRAL,HR,HIGH,INTERNAL,TRUSTED,ACTIVE,SYNTHETIC
SVC-0258,APPLICATION_SERVICE,Application Service 0258,EU-WEST,Manufacturing,CRITICAL,INTERNAL,TRUSTED,ACTIVE,SYNTHETIC
SVC-0259,APPLICATION_SERVICE,Application Service 0259,GLOBAL,Sales,MEDIUM,INTERNAL,TRUSTED,ACTIVE,SYNTHETIC
SVC-0260,APPLICATION_SERVICE,Application Service 0260,EU-CENTRAL,HR,CRITICAL,INTERNAL,CONDITIONAL,ACTIVE,SYNTHETIC
SVC-0261,APPLICATION_SERVICE,Application Service 0261,LATAM,Corporate,HIGH,INTERNAL,TRUSTED,ACTIVE,SYNTHETIC
SVC-0262,APPLICATION_SERVICE,Application Service 0262,US-WEST,Corporate,HIGH,INTERNAL,TRUSTED,ACTIVE,SYNTHETIC
SVC-0263,APPLICATION_SERVICE,Application Service 0263,LATAM,Commerce,CRITICAL,INTERNAL,TRUSTED,ACTIVE,SYNTHETIC
SVC-0264,APPLICATION_SERVICE,Application Service 0264,EU-CENTRAL,Legal,CRITICAL,INTERNAL,TRUSTED,ACTIVE,SYNTHETIC
SVC-0265,APPLICATION_SERVICE,Application Service 0265,AP-SOUTH,Sales,LOW,INTERNAL,TRUSTED,ACTIVE,SYNTHETIC
SVC-0266,APPLICATION_SERVICE,Application Service 0266,US-WEST,Security,HIGH,INTERNAL,TRUSTED,ACTIVE,SYNTHETIC
SVC-0267,APPLICATION_SERVICE,Application Service 0267,GLOBAL,HR,CRITICAL,INTERNAL,TRUSTED,ACTIVE,SYNTHETIC
SVC-0268,APPLICATION_SERVICE,Application Service 0268,AP-NORTHEAST,Data,LOW,INTERNAL,TRUSTED,ACTIVE,SYNTHETIC
SVC-0269,APPLICATION_SERVICE,Application Service 0269,AP-NORTHEAST,Supply Chain,LOW,INTERNAL,TRUSTED,ACTIVE,SYNTHETIC
SVC-0270,APPLICATION_SERVICE,Application Service 0270,AP-SOUTH,Security,HIGH,INTERNAL,TRUSTED,ACTIVE,SYNTHETIC
SVC-0271,APPLICATION_SERVICE,Application Service 0271,US-WEST,Corporate,MEDIUM,INTERNAL,TRUSTED,ACTIVE,SYNTHETIC
SVC-0272,APPLICATION_SERVICE,Application Service 0272,AP-NORTHEAST,Data,MEDIUM,INTERNAL,TRUSTED,ACTIVE,SYNTHETIC
SVC-0273,APPLICATION_SERVICE,Application Service 0273,US-WEST,HR,MEDIUM,INTERNAL,TRUSTED,ACTIVE,SYNTHETIC
SVC-0274,APPLICATION_SERVICE,Application Service 0274,AP-NORTHEAST,Commerce,LOW,INTERNAL,TRUSTED,ACTIVE,SYNTHETIC
SVC-0275,APPLICATION_SERVICE,Application Service 0275,LATAM,Supply Chain,CRITICAL,INTERNAL,TRUSTED,ACTIVE,SYNTHETIC
SVC-0276,APPLICATION_SERVICE,Application Service 0276,AP-NORTHEAST,Support,MEDIUM,INTERNAL,TRUSTED,ACTIVE,SYNTHETIC
SVC-0277,APPLICATION_SERVICE,Application Service 0277,LATAM,Manufacturing,MEDIUM,INTERNAL,TRUSTED,ACTIVE,SYNTHETIC
SVC-0278,APPLICATION_SERVICE,Application Service 0278,AP-SOUTH,Finance,CRITICAL,INTERNAL,TRUSTED,ACTIVE,SYNTHETIC
SVC-0279,APPLICATION_SERVICE,Application Service 0279,US-EAST,Commerce,CRITICAL,INTERNAL,TRUSTED,ACTIVE,SYNTHETIC
SVC-0280,APPLICATION_SERVICE,Application Service 0280,AP-SOUTH,Data,HIGH,INTERNAL,TRUSTED,ACTIVE,SYNTHETIC
SVC-0281,APPLICATION_SERVICE,Application Service 0281,US-WEST,Engineering,MEDIUM,INTERNAL,TRUSTED,ACTIVE,SYNTHETIC
SVC-0282,APPLICATION_SERVICE,Application Service 0282,US-WEST,Finance,CRITICAL,INTERNAL,TRUSTED,ACTIVE,SYNTHETIC
SVC-0283,APPLICATION_SERVICE,Application Service 0283,US-EAST,Security,LOW,INTERNAL,TRUSTED,ACTIVE,SYNTHETIC
SVC-0284,APPLICATION_SERVICE,Application Service 0284,GLOBAL,Supply Chain,CRITICAL,INTERNAL,TRUSTED,ACTIVE,SYNTHETIC
SVC-0285,APPLICATION_SERVICE,Application Service 0285,AP-SOUTH,Legal,HIGH,INTERNAL,TRUSTED,ACTIVE,SYNTHETIC
SVC-0286,APPLICATION_SERVICE,Application Service 0286,EU-CENTRAL,Legal,CRITICAL,INTERNAL,TRUSTED,ACTIVE,SYNTHETIC
SVC-0287,APPLICATION_SERVICE,Application Service 0287,US-WEST,HR,HIGH,INTERNAL,TRUSTED,ACTIVE,SYNTHETIC
SVC-0288,APPLICATION_SERVICE,Application Service 0288,US-WEST,Support,LOW,INTERNAL,TRUSTED,ACTIVE,SYNTHETIC
SVC-0289,APPLICATION_SERVICE,Application Service 0289,EU-CENTRAL,Supply Chain,MEDIUM,INTERNAL,TRUSTED,ACTIVE,SYNTHETIC
SVC-0290,APPLICATION_SERVICE,Application Service 0290,US-WEST,Legal,MEDIUM,INTERNAL,TRUSTED,ACTIVE,SYNTHETIC
SVC-0291,APPLICATION_SERVICE,Application Service 0291,US-EAST,Support,LOW,INTERNAL,TRUSTED,ACTIVE,SYNTHETIC
SVC-0292,APPLICATION_SERVICE,Application Service 0292,AP-NORTHEAST,Security,MEDIUM,INTERNAL,TRUSTED,ACTIVE,SYNTHETIC
SVC-0293,APPLICATION_SERVICE,Application Service 0293,US-EAST,Sales,LOW,INTERNAL,CONDITIONAL,ACTIVE,SYNTHETIC
SVC-0294,APPLICATION_SERVICE,Application Service 0294,EU-CENTRAL,Finance,MEDIUM,INTERNAL,TRUSTED,ACTIVE,SYNTHETIC
SVC-0295,APPLICATION_SERVICE,Application Service 0295,US-EAST,Security,HIGH,INTERNAL,TRUSTED,ACTIVE,SYNTHETIC
SVC-0296,APPLICATION_SERVICE,Application Service 0296,AP-SOUTH,Supply Chain,HIGH,INTERNAL,TRUSTED,ACTIVE,SYNTHETIC
SVC-0297,APPLICATION_SERVICE,Application Service 0297,LATAM,Corporate,LOW,INTERNAL,TRUSTED,ACTIVE,SYNTHETIC
SVC-0298,APPLICATION_SERVICE,Application Service 0298,AP-NORTHEAST,Data,HIGH,INTERNAL,TRUSTED,ACTIVE,SYNTHETIC
SVC-0299,APPLICATION_SERVICE,Application Service 0299,AP-SOUTH,Engineering,HIGH,INTERNAL,TRUSTED,ACTIVE,SYNTHETIC
SVC-0300,APPLICATION_SERVICE,Application Service 0300,US-WEST,Corporate,CRITICAL,INTERNAL,TRUSTED,ACTIVE,SYNTHETIC
COMP-0001,SOFTWARE_COMPONENT,Software Component 0001,AP-NORTHEAST,Security,HIGH,INTERNAL,TRUSTED,ACTIVE,SYNTHETIC
COMP-0002,SOFTWARE_COMPONENT,Software Component 0002,AP-NORTHEAST,Manufacturing,CRITICAL,INTERNAL,CONDITIONAL,ACTIVE,SYNTHETIC
COMP-0003,SOFTWARE_COMPONENT,Software Component 0003,GLOBAL,Engineering,HIGH,INTERNAL,TRUSTED,ACTIVE,SYNTHETIC
COMP-0004,SOFTWARE_COMPONENT,Software Component 0004,GLOBAL,Security,MEDIUM,INTERNAL,TRUSTED,ACTIVE,SYNTHETIC
COMP-0005,SOFTWARE_COMPONENT,Software Component 0005,US-WEST,HR,HIGH,INTERNAL,TRUSTED,ACTIVE,SYNTHETIC
COMP-0006,SOFTWARE_COMPONENT,Software Component 0006,EU-WEST,Supply Chain,LOW,INTERNAL,TRUSTED,ACTIVE,SYNTHETIC
COMP-0007,SOFTWARE_COMPONENT,Software Component 0007,LATAM,Finance,MEDIUM,INTERNAL,TRUSTED,ACTIVE,SYNTHETIC
COMP-0008,SOFTWARE_COMPONENT,Software Component 0008,US-WEST,Supply Chain,LOW,INTERNAL,TRUSTED,ACTIVE,SYNTHETIC
COMP-0009,SOFTWARE_COMPONENT,Software Component 0009,AP-NORTHEAST,Support,MEDIUM,INTERNAL,CONDITIONAL,ACTIVE,SYNTHETIC
COMP-0010,SOFTWARE_COMPONENT,Software Component 0010,AP-SOUTH,HR,HIGH,INTERNAL,TRUSTED,ACTIVE,SYNTHETIC
COMP-0011,SOFTWARE_COMPONENT,Software Component 0011,EU-WEST,Sales,LOW,INTERNAL,CONDITIONAL,ACTIVE,SYNTHETIC
COMP-0012,SOFTWARE_COMPONENT,Software Component 0012,EU-WEST,Commerce,HIGH,INTERNAL,TRUSTED,ACTIVE,SYNTHETIC
COMP-0013,SOFTWARE_COMPONENT,Software Component 0013,AP-SOUTH,Legal,LOW,INTERNAL,TRUSTED,ACTIVE,SYNTHETIC
COMP-0014,SOFTWARE_COMPONENT,Software Component 0014,AP-SOUTH,Manufacturing,CRITICAL,INTERNAL,TRUSTED,ACTIVE,SYNTHETIC
COMP-0015,SOFTWARE_COMPONENT,Software Component 0015,EU-CENTRAL,Corporate,LOW,INTERNAL,TRUSTED,ACTIVE,SYNTHETIC
COMP-0016,SOFTWARE_COMPONENT,Software Component 0016,GLOBAL,HR,LOW,INTERNAL,TRUSTED,ACTIVE,SYNTHETIC
COMP-0017,SOFTWARE_COMPONENT,Software Component 0017,AP-NORTHEAST,Security,CRITICAL,INTERNAL,TRUSTED,ACTIVE,SYNTHETIC
COMP-0018,SOFTWARE_COMPONENT,Software Component 0018,US-WEST,Commerce,HIGH,INTERNAL,TRUSTED,ACTIVE,SYNTHETIC
COMP-0019,SOFTWARE_COMPONENT,Software Component 0019,EU-CENTRAL,HR,LOW,INTERNAL,TRUSTED,ACTIVE,SYNTHETIC
COMP-0020,SOFTWARE_COMPONENT,Software Component 0020,AP-NORTHEAST,Manufacturing,CRITICAL,INTERNAL,TRUSTED,ACTIVE,SYNTHETIC
COMP-0021,SOFTWARE_COMPONENT,Software Component 0021,EU-WEST,HR,LOW,INTERNAL,TRUSTED,ACTIVE,SYNTHETIC
COMP-0022,SOFTWARE_COMPONENT,Software Component 0022,LATAM,Corporate,MEDIUM,INTERNAL,TRUSTED,ACTIVE,SYNTHETIC
COMP-0023,SOFTWARE_COMPONENT,Software Component 0023,EU-WEST,Sales,LOW,INTERNAL,TRUSTED,ACTIVE,SYNTHETIC
COMP-0024,SOFTWARE_COMPONENT,Software Component 0024,US-WEST,Sales,MEDIUM,INTERNAL,TRUSTED,ACTIVE,SYNTHETIC
COMP-0025,SOFTWARE_COMPONENT,Software Component 0025,AP-SOUTH,Commerce,LOW,INTERNAL,TRUSTED,ACTIVE,SYNTHETIC
COMP-0026,SOFTWARE_COMPONENT,Software Component 0026,GLOBAL,Commerce,MEDIUM,INTERNAL,TRUSTED,ACTIVE,SYNTHETIC
COMP-0027,SOFTWARE_COMPONENT,Software Component 0027,EU-CENTRAL,Corporate,MEDIUM,INTERNAL,TRUSTED,ACTIVE,SYNTHETIC
COMP-0028,SOFTWARE_COMPONENT,Software Component 0028,EU-CENTRAL,HR,MEDIUM,INTERNAL,TRUSTED,ACTIVE,SYNTHETIC
COMP-0029,SOFTWARE_COMPONENT,Software Component 0029,AP-SOUTH,HR,HIGH,INTERNAL,TRUSTED,ACTIVE,SYNTHETIC
COMP-0030,SOFTWARE_COMPONENT,Software Component 0030,LATAM,Legal,MEDIUM,INTERNAL,TRUSTED,ACTIVE,SYNTHETIC
COMP-0031,SOFTWARE_COMPONENT,Software Component 0031,EU-CENTRAL,Manufacturing,HIGH,INTERNAL,CONDITIONAL,ACTIVE,SYNTHETIC
COMP-0032,SOFTWARE_COMPONENT,Software Component 0032,US-WEST,Finance,MEDIUM,INTERNAL,TRUSTED,ACTIVE,SYNTHETIC
COMP-0033,SOFTWARE_COMPONENT,Software Component 0033,US-EAST,HR,MEDIUM,INTERNAL,TRUSTED,ACTIVE,SYNTHETIC
COMP-0034,SOFTWARE_COMPONENT,Software Component 0034,US-WEST,Supply Chain,LOW,INTERNAL,TRUSTED,ACTIVE,SYNTHETIC
COMP-0035,SOFTWARE_COMPONENT,Software Component 0035,GLOBAL,Supply Chain,MEDIUM,INTERNAL,TRUSTED,ACTIVE,SYNTHETIC
COMP-0036,SOFTWARE_COMPONENT,Software Component 0036,GLOBAL,Commerce,HIGH,INTERNAL,TRUSTED,ACTIVE,SYNTHETIC
COMP-0037,SOFTWARE_COMPONENT,Software Component 0037,US-WEST,Legal,HIGH,INTERNAL,TRUSTED,ACTIVE,SYNTHETIC
COMP-0038,SOFTWARE_COMPONENT,Software Component 0038,US-EAST,Sales,CRITICAL,INTERNAL,TRUSTED,ACTIVE,SYNTHETIC
COMP-0039,SOFTWARE_COMPONENT,Software Component 0039,EU-CENTRAL,Support,HIGH,INTERNAL,TRUSTED,ACTIVE,SYNTHETIC
COMP-0040,SOFTWARE_COMPONENT,Software Component 0040,US-EAST,Manufacturing,MEDIUM,INTERNAL,TRUSTED,ACTIVE,SYNTHETIC
COMP-0041,SOFTWARE_COMPONENT,Software Component 0041,AP-SOUTH,Support,LOW,INTERNAL,TRUSTED,ACTIVE,SYNTHETIC
COMP-0042,SOFTWARE_COMPONENT,Software Component 0042,US-EAST,Support,MEDIUM,INTERNAL,CONDITIONAL,ACTIVE,SYNTHETIC
COMP-0043,SOFTWARE_COMPONENT,Software Component 0043,AP-NORTHEAST,Engineering,LOW,INTERNAL,TRUSTED,ACTIVE,SYNTHETIC
COMP-0044,SOFTWARE_COMPONENT,Software Component 0044,US-WEST,Data,LOW,INTERNAL,TRUSTED,ACTIVE,SYNTHETIC
COMP-0045,SOFTWARE_COMPONENT,Software Component 0045,LATAM,Supply Chain,CRITICAL,INTERNAL,TRUSTED,ACTIVE,SYNTHETIC
COMP-0046,SOFTWARE_COMPONENT,Software Component 0046,GLOBAL,Support,CRITICAL,INTERNAL,TRUSTED,ACTIVE,SYNTHETIC
COMP-0047,SOFTWARE_COMPONENT,Software Component 0047,US-EAST,Sales,HIGH,INTERNAL,TRUSTED,ACTIVE,SYNTHETIC
COMP-0048,SOFTWARE_COMPONENT,Software Component 0048,LATAM,Support,HIGH,INTERNAL,TRUSTED,ACTIVE,SYNTHETIC
COMP-0049,SOFTWARE_COMPONENT,Software Component 0049,EU-CENTRAL,Data,LOW,INTERNAL,TRUSTED,ACTIVE,SYNTHETIC
COMP-0050,SOFTWARE_COMPONENT,Software Component 0050,EU-WEST,Commerce,HIGH,INTERNAL,TRUSTED,ACTIVE,SYNTHETIC
COMP-0051,SOFTWARE_COMPONENT,Software Component 0051,LATAM,Legal,MEDIUM,INTERNAL,TRUSTED,ACTIVE,SYNTHETIC
COMP-0052,SOFTWARE_COMPONENT,Software Component 0052,LATAM,HR,CRITICAL,INTERNAL,TRUSTED,ACTIVE,SYNTHETIC
COMP-0053,SOFTWARE_COMPONENT,Software Component 0053,AP-SOUTH,Security,CRITICAL,INTERNAL,TRUSTED,ACTIVE,SYNTHETIC
COMP-0054,SOFTWARE_COMPONENT,Software Component 0054,AP-SOUTH,HR,LOW,INTERNAL,TRUSTED,ACTIVE,SYNTHETIC
COMP-0055,SOFTWARE_COMPONENT,Software Component 0055,AP-NORTHEAST,Engineering,HIGH,INTERNAL,TRUSTED,ACTIVE,SYNTHETIC
COMP-0056,SOFTWARE_COMPONENT,Software Component 0056,EU-CENTRAL,Corporate,MEDIUM,INTERNAL,TRUSTED,ACTIVE,SYNTHETIC
COMP-0057,SOFTWARE_COMPONENT,Software Component 0057,GLOBAL,Finance,HIGH,INTERNAL,TRUSTED,ACTIVE,SYNTHETIC
COMP-0058,SOFTWARE_COMPONENT,Software Component 0058,LATAM,Security,HIGH,INTERNAL,TRUSTED,ACTIVE,SYNTHETIC
COMP-0059,SOFTWARE_COMPONENT,Software Component 0059,EU-WEST,Support,CRITICAL,INTERNAL,TRUSTED,ACTIVE,SYNTHETIC
COMP-0060,SOFTWARE_COMPONENT,Software Component 0060,LATAM,Manufacturing,HIGH,INTERNAL,TRUSTED,ACTIVE,SYNTHETIC
COMP-0061,SOFTWARE_COMPONENT,Software Component 0061,LATAM,Security,MEDIUM,INTERNAL,TRUSTED,ACTIVE,SYNTHETIC
COMP-0062,SOFTWARE_COMPONENT,Software Component 0062,EU-WEST,HR,MEDIUM,INTERNAL,TRUSTED,ACTIVE,SYNTHETIC
COMP-0063,SOFTWARE_COMPONENT,Software Component 0063,GLOBAL,Legal,CRITICAL,INTERNAL,TRUSTED,ACTIVE,SYNTHETIC
COMP-0064,SOFTWARE_COMPONENT,Software Component 0064,US-WEST,Corporate,LOW,INTERNAL,TRUSTED,ACTIVE,SYNTHETIC
COMP-0065,SOFTWARE_COMPONENT,Software Component 0065,EU-CENTRAL,Commerce,LOW,INTERNAL,TRUSTED,ACTIVE,SYNTHETIC
COMP-0066,SOFTWARE_COMPONENT,Software Component 0066,GLOBAL,Sales,HIGH,INTERNAL,TRUSTED,ACTIVE,SYNTHETIC
COMP-0067,SOFTWARE_COMPONENT,Software Component 0067,US-EAST,Supply Chain,CRITICAL,INTERNAL,TRUSTED,ACTIVE,SYNTHETIC
COMP-0068,SOFTWARE_COMPONENT,Software Component 0068,AP-NORTHEAST,Commerce,HIGH,INTERNAL,CONDITIONAL,ACTIVE,SYNTHETIC
COMP-0069,SOFTWARE_COMPONENT,Software Component 0069,LATAM,Sales,LOW,INTERNAL,TRUSTED,ACTIVE,SYNTHETIC
COMP-0070,SOFTWARE_COMPONENT,Software Component 0070,EU-CENTRAL,Finance,LOW,INTERNAL,TRUSTED,ACTIVE,SYNTHETIC
COMP-0071,SOFTWARE_COMPONENT,Software Component 0071,US-EAST,Finance,HIGH,INTERNAL,TRUSTED,ACTIVE,SYNTHETIC
COMP-0072,SOFTWARE_COMPONENT,Software Component 0072,EU-WEST,Legal,HIGH,INTERNAL,TRUSTED,ACTIVE,SYNTHETIC
COMP-0073,SOFTWARE_COMPONENT,Software Component 0073,EU-CENTRAL,Security,LOW,INTERNAL,TRUSTED,ACTIVE,SYNTHETIC
COMP-0074,SOFTWARE_COMPONENT,Software Component 0074,LATAM,Manufacturing,CRITICAL,INTERNAL,TRUSTED,ACTIVE,SYNTHETIC
COMP-0075,SOFTWARE_COMPONENT,Software Component 0075,GLOBAL,Support,MEDIUM,INTERNAL,TRUSTED,ACTIVE,SYNTHETIC
COMP-0076,SOFTWARE_COMPONENT,Software Component 0076,AP-NORTHEAST,Supply Chain,MEDIUM,INTERNAL,TRUSTED,ACTIVE,SYNTHETIC
COMP-0077,SOFTWARE_COMPONENT,Software Component 0077,EU-CENTRAL,Security,HIGH,INTERNAL,TRUSTED,ACTIVE,SYNTHETIC
COMP-0078,SOFTWARE_COMPONENT,Software Component 0078,AP-NORTHEAST,Corporate,LOW,INTERNAL,TRUSTED,ACTIVE,SYNTHETIC
COMP-0079,SOFTWARE_COMPONENT,Software Component 0079,EU-CENTRAL,Supply Chain,CRITICAL,INTERNAL,TRUSTED,ACTIVE,SYNTHETIC
COMP-0080,SOFTWARE_COMPONENT,Software Component 0080,EU-WEST,Commerce,HIGH,INTERNAL,CONDITIONAL,ACTIVE,SYNTHETIC
COMP-0081,SOFTWARE_COMPONENT,Software Component 0081,US-WEST,Commerce,LOW,INTERNAL,TRUSTED,ACTIVE,SYNTHETIC
COMP-0082,SOFTWARE_COMPONENT,Software Component 0082,EU-CENTRAL,Support,CRITICAL,INTERNAL,TRUSTED,ACTIVE,SYNTHETIC
COMP-0083,SOFTWARE_COMPONENT,Software Component 0083,EU-WEST,HR,CRITICAL,INTERNAL,TRUSTED,ACTIVE,SYNTHETIC
COMP-0084,SOFTWARE_COMPONENT,Software Component 0084,GLOBAL,Sales,MEDIUM,INTERNAL,TRUSTED,ACTIVE,SYNTHETIC
COMP-0085,SOFTWARE_COMPONENT,Software Component 0085,AP-NORTHEAST,Finance,LOW,INTERNAL,TRUSTED,ACTIVE,SYNTHETIC
COMP-0086,SOFTWARE_COMPONENT,Software Component 0086,EU-WEST,Data,MEDIUM,INTERNAL,TRUSTED,ACTIVE,SYNTHETIC
COMP-0087,SOFTWARE_COMPONENT,Software Component 0087,AP-SOUTH,HR,CRITICAL,INTERNAL,TRUSTED,ACTIVE,SYNTHETIC
COMP-0088,SOFTWARE_COMPONENT,Software Component 0088,EU-CENTRAL,Finance,CRITICAL,INTERNAL,CONDITIONAL,ACTIVE,SYNTHETIC
COMP-0089,SOFTWARE_COMPONENT,Software Component 0089,LATAM,Commerce,MEDIUM,INTERNAL,TRUSTED,ACTIVE,SYNTHETIC
COMP-0090,SOFTWARE_COMPONENT,Software Component 0090,AP-NORTHEAST,Finance,CRITICAL,INTERNAL,TRUSTED,ACTIVE,SYNTHETIC
COMP-0091,SOFTWARE_COMPONENT,Software Component 0091,AP-NORTHEAST,Data,CRITICAL,INTERNAL,TRUSTED,ACTIVE,SYNTHETIC
COMP-0092,SOFTWARE_COMPONENT,Software Component 0092,US-EAST,Supply Chain,LOW,INTERNAL,TRUSTED,ACTIVE,SYNTHETIC
COMP-0093,SOFTWARE_COMPONENT,Software Component 0093,AP-SOUTH,HR,HIGH,INTERNAL,TRUSTED,ACTIVE,SYNTHETIC
COMP-0094,SOFTWARE_COMPONENT,Software Component 0094,EU-CENTRAL,Supply Chain,MEDIUM,INTERNAL,TRUSTED,ACTIVE,SYNTHETIC
COMP-0095,SOFTWARE_COMPONENT,Software Component 0095,LATAM,Engineering,MEDIUM,INTERNAL,TRUSTED,ACTIVE,SYNTHETIC
COMP-0096,SOFTWARE_COMPONENT,Software Component 0096,US-EAST,Manufacturing,LOW,INTERNAL,TRUSTED,ACTIVE,SYNTHETIC
COMP-0097,SOFTWARE_COMPONENT,Software Component 0097,LATAM,Support,CRITICAL,INTERNAL,TRUSTED,ACTIVE,SYNTHETIC
COMP-0098,SOFTWARE_COMPONENT,Software Component 0098,GLOBAL,Supply Chain,HIGH,INTERNAL,TRUSTED,ACTIVE,SYNTHETIC
COMP-0099,SOFTWARE_COMPONENT,Software Component 0099,US-WEST,Engineering,MEDIUM,INTERNAL,TRUSTED,ACTIVE,SYNTHETIC
COMP-0100,SOFTWARE_COMPONENT,Software Component 0100,AP-NORTHEAST,Commerce,MEDIUM,INTERNAL,TRUSTED,ACTIVE,SYNTHETIC
COMP-0101,SOFTWARE_COMPONENT,Software Component 0101,EU-WEST,Support,CRITICAL,INTERNAL,TRUSTED,ACTIVE,SYNTHETIC
COMP-0102,SOFTWARE_COMPONENT,Software Component 0102,US-WEST,Supply Chain,HIGH,INTERNAL,TRUSTED,ACTIVE,SYNTHETIC
COMP-0103,SOFTWARE_COMPONENT,Software Component 0103,AP-SOUTH,Support,MEDIUM,INTERNAL,TRUSTED,ACTIVE,SYNTHETIC
COMP-0104,SOFTWARE_COMPONENT,Software Component 0104,EU-CENTRAL,Manufacturing,MEDIUM,INTERNAL,TRUSTED,ACTIVE,SYNTHETIC
COMP-0105,SOFTWARE_COMPONENT,Software Component 0105,EU-CENTRAL,Sales,HIGH,INTERNAL,TRUSTED,ACTIVE,SYNTHETIC
COMP-0106,SOFTWARE_COMPONENT,Software Component 0106,EU-CENTRAL,Data,HIGH,INTERNAL,TRUSTED,ACTIVE,SYNTHETIC
COMP-0107,SOFTWARE_COMPONENT,Software Component 0107,US-EAST,Data,MEDIUM,INTERNAL,TRUSTED,ACTIVE,SYNTHETIC
COMP-0108,SOFTWARE_COMPONENT,Software Component 0108,GLOBAL,HR,HIGH,INTERNAL,TRUSTED,ACTIVE,SYNTHETIC
COMP-0109,SOFTWARE_COMPONENT,Software Component 0109,US-WEST,Support,HIGH,INTERNAL,TRUSTED,ACTIVE,SYNTHETIC
COMP-0110,SOFTWARE_COMPONENT,Software Component 0110,AP-SOUTH,Corporate,LOW,INTERNAL,TRUSTED,ACTIVE,SYNTHETIC
COMP-0111,SOFTWARE_COMPONENT,Software Component 0111,US-WEST,HR,CRITICAL,INTERNAL,TRUSTED,ACTIVE,SYNTHETIC
COMP-0112,SOFTWARE_COMPONENT,Software Component 0112,AP-NORTHEAST,Security,LOW,INTERNAL,CONDITIONAL,ACTIVE,SYNTHETIC
COMP-0113,SOFTWARE_COMPONENT,Software Component 0113,AP-SOUTH,Legal,LOW,INTERNAL,TRUSTED,ACTIVE,SYNTHETIC
COMP-0114,SOFTWARE_COMPONENT,Software Component 0114,US-WEST,Data,CRITICAL,INTERNAL,TRUSTED,ACTIVE,SYNTHETIC
COMP-0115,SOFTWARE_COMPONENT,Software Component 0115,US-WEST,Support,MEDIUM,INTERNAL,CONDITIONAL,ACTIVE,SYNTHETIC
COMP-0116,SOFTWARE_COMPONENT,Software Component 0116,US-WEST,HR,CRITICAL,INTERNAL,TRUSTED,ACTIVE,SYNTHETIC
COMP-0117,SOFTWARE_COMPONENT,Software Component 0117,EU-CENTRAL,Supply Chain,LOW,INTERNAL,TRUSTED,ACTIVE,SYNTHETIC
COMP-0118,SOFTWARE_COMPONENT,Software Component 0118,AP-SOUTH,Security,HIGH,INTERNAL,TRUSTED,ACTIVE,SYNTHETIC
COMP-0119,SOFTWARE_COMPONENT,Software Component 0119,GLOBAL,Supply Chain,LOW,INTERNAL,TRUSTED,ACTIVE,SYNTHETIC
COMP-0120,SOFTWARE_COMPONENT,Software Component 0120,AP-NORTHEAST,Sales,CRITICAL,INTERNAL,TRUSTED,ACTIVE,SYNTHETIC
COMP-0121,SOFTWARE_COMPONENT,Software Component 0121,AP-SOUTH,Commerce,MEDIUM,INTERNAL,TRUSTED,ACTIVE,SYNTHETIC
COMP-0122,SOFTWARE_COMPONENT,Software Component 0122,AP-NORTHEAST,Legal,MEDIUM,INTERNAL,TRUSTED,ACTIVE,SYNTHETIC
COMP-0123,SOFTWARE_COMPONENT,Software Component 0123,US-WEST,Manufacturing,MEDIUM,INTERNAL,TRUSTED,ACTIVE,SYNTHETIC
COMP-0124,SOFTWARE_COMPONENT,Software Component 0124,EU-WEST,Supply Chain,LOW,INTERNAL,TRUSTED,ACTIVE,SYNTHETIC
COMP-0125,SOFTWARE_COMPONENT,Software Component 0125,US-EAST,Engineering,LOW,INTERNAL,TRUSTED,ACTIVE,SYNTHETIC
COMP-0126,SOFTWARE_COMPONENT,Software Component 0126,AP-NORTHEAST,Corporate,LOW,INTERNAL,TRUSTED,ACTIVE,SYNTHETIC
COMP-0127,SOFTWARE_COMPONENT,Software Component 0127,US-EAST,Sales,CRITICAL,INTERNAL,TRUSTED,ACTIVE,SYNTHETIC
COMP-0128,SOFTWARE_COMPONENT,Software Component 0128,AP-SOUTH,Finance,CRITICAL,INTERNAL,TRUSTED,ACTIVE,SYNTHETIC
COMP-0129,SOFTWARE_COMPONENT,Software Component 0129,LATAM,Legal,CRITICAL,INTERNAL,TRUSTED,ACTIVE,SYNTHETIC
COMP-0130,SOFTWARE_COMPONENT,Software Component 0130,US-EAST,Commerce,CRITICAL,INTERNAL,CONDITIONAL,ACTIVE,SYNTHETIC
COMP-0131,SOFTWARE_COMPONENT,Software Component 0131,LATAM,HR,LOW,INTERNAL,TRUSTED,ACTIVE,SYNTHETIC
COMP-0132,SOFTWARE_COMPONENT,Software Component 0132,US-WEST,Sales,CRITICAL,INTERNAL,TRUSTED,ACTIVE,SYNTHETIC
COMP-0133,SOFTWARE_COMPONENT,Software Component 0133,LATAM,Manufacturing,LOW,INTERNAL,TRUSTED,ACTIVE,SYNTHETIC
COMP-0134,SOFTWARE_COMPONENT,Software Component 0134,EU-CENTRAL,Engineering,MEDIUM,INTERNAL,TRUSTED,ACTIVE,SYNTHETIC
COMP-0135,SOFTWARE_COMPONENT,Software Component 0135,GLOBAL,Supply Chain,CRITICAL,INTERNAL,TRUSTED,ACTIVE,SYNTHETIC
COMP-0136,SOFTWARE_COMPONENT,Software Component 0136,EU-CENTRAL,Commerce,CRITICAL,INTERNAL,TRUSTED,ACTIVE,SYNTHETIC
COMP-0137,SOFTWARE_COMPONENT,Software Component 0137,US-EAST,HR,HIGH,INTERNAL,CONDITIONAL,ACTIVE,SYNTHETIC
COMP-0138,SOFTWARE_COMPONENT,Software Component 0138,EU-CENTRAL,Corporate,HIGH,INTERNAL,CONDITIONAL,ACTIVE,SYNTHETIC
COMP-0139,SOFTWARE_COMPONENT,Software Component 0139,GLOBAL,Support,LOW,INTERNAL,TRUSTED,ACTIVE,SYNTHETIC
COMP-0140,SOFTWARE_COMPONENT,Software Component 0140,LATAM,Engineering,HIGH,INTERNAL,TRUSTED,ACTIVE,SYNTHETIC
COMP-0141,SOFTWARE_COMPONENT,Software Component 0141,AP-NORTHEAST,Supply Chain,CRITICAL,INTERNAL,TRUSTED,ACTIVE,SYNTHETIC
COMP-0142,SOFTWARE_COMPONENT,Software Component 0142,GLOBAL,HR,LOW,INTERNAL,TRUSTED,ACTIVE,SYNTHETIC
COMP-0143,SOFTWARE_COMPONENT,Software Component 0143,GLOBAL,Legal,MEDIUM,INTERNAL,TRUSTED,ACTIVE,SYNTHETIC
COMP-0144,SOFTWARE_COMPONENT,Software Component 0144,US-WEST,Support,LOW,INTERNAL,TRUSTED,ACTIVE,SYNTHETIC
COMP-0145,SOFTWARE_COMPONENT,Software Component 0145,AP-SOUTH,Security,HIGH,INTERNAL,TRUSTED,ACTIVE,SYNTHETIC
COMP-0146,SOFTWARE_COMPONENT,Software Component 0146,US-EAST,HR,MEDIUM,INTERNAL,TRUSTED,ACTIVE,SYNTHETIC
COMP-0147,SOFTWARE_COMPONENT,Software Component 0147,US-EAST,Sales,CRITICAL,INTERNAL,TRUSTED,ACTIVE,SYNTHETIC
COMP-0148,SOFTWARE_COMPONENT,Software Component 0148,US-WEST,Commerce,MEDIUM,INTERNAL,TRUSTED,ACTIVE,SYNTHETIC
COMP-0149,SOFTWARE_COMPONENT,Software Component 0149,AP-SOUTH,Security,LOW,INTERNAL,TRUSTED,ACTIVE,SYNTHETIC
COMP-0150,SOFTWARE_COMPONENT,Software Component 0150,US-EAST,Engineering,MEDIUM,INTERNAL,TRUSTED,ACTIVE,SYNTHETIC
COMP-0151,SOFTWARE_COMPONENT,Software Component 0151,EU-WEST,Data,LOW,INTERNAL,TRUSTED,ACTIVE,SYNTHETIC
COMP-0152,SOFTWARE_COMPONENT,Software Component 0152,GLOBAL,Corporate,CRITICAL,INTERNAL,TRUSTED,ACTIVE,SYNTHETIC
COMP-0153,SOFTWARE_COMPONENT,Software Component 0153,EU-CENTRAL,HR,LOW,INTERNAL,TRUSTED,ACTIVE,SYNTHETIC
COMP-0154,SOFTWARE_COMPONENT,Software Component 0154,US-EAST,Sales,LOW,INTERNAL,TRUSTED,ACTIVE,SYNTHETIC
COMP-0155,SOFTWARE_COMPONENT,Software Component 0155,US-WEST,Corporate,MEDIUM,INTERNAL,TRUSTED,ACTIVE,SYNTHETIC
COMP-0156,SOFTWARE_COMPONENT,Software Component 0156,GLOBAL,Engineering,HIGH,INTERNAL,TRUSTED,ACTIVE,SYNTHETIC
COMP-0157,SOFTWARE_COMPONENT,Software Component 0157,EU-WEST,HR,MEDIUM,INTERNAL,TRUSTED,ACTIVE,SYNTHETIC
COMP-0158,SOFTWARE_COMPONENT,Software Component 0158,AP-NORTHEAST,Supply Chain,HIGH,INTERNAL,TRUSTED,ACTIVE,SYNTHETIC
COMP-0159,SOFTWARE_COMPONENT,Software Component 0159,US-WEST,Data,LOW,INTERNAL,TRUSTED,ACTIVE,SYNTHETIC
COMP-0160,SOFTWARE_COMPONENT,Software Component 0160,AP-SOUTH,HR,MEDIUM,INTERNAL,TRUSTED,ACTIVE,SYNTHETIC
COMP-0161,SOFTWARE_COMPONENT,Software Component 0161,LATAM,Engineering,LOW,INTERNAL,TRUSTED,ACTIVE,SYNTHETIC
COMP-0162,SOFTWARE_COMPONENT,Software Component 0162,US-WEST,Sales,CRITICAL,INTERNAL,TRUSTED,ACTIVE,SYNTHETIC
COMP-0163,SOFTWARE_COMPONENT,Software Component 0163,US-EAST,HR,MEDIUM,INTERNAL,TRUSTED,ACTIVE,SYNTHETIC
COMP-0164,SOFTWARE_COMPONENT,Software Component 0164,US-WEST,HR,CRITICAL,INTERNAL,TRUSTED,ACTIVE,SYNTHETIC
COMP-0165,SOFTWARE_COMPONENT,Software Component 0165,AP-NORTHEAST,Finance,MEDIUM,INTERNAL,TRUSTED,ACTIVE,SYNTHETIC
COMP-0166,SOFTWARE_COMPONENT,Software Component 0166,US-EAST,Data,HIGH,INTERNAL,TRUSTED,ACTIVE,SYNTHETIC
COMP-0167,SOFTWARE_COMPONENT,Software Component 0167,AP-SOUTH,HR,CRITICAL,INTERNAL,TRUSTED,ACTIVE,SYNTHETIC
COMP-0168,SOFTWARE_COMPONENT,Software Component 0168,AP-SOUTH,Support,CRITICAL,INTERNAL,TRUSTED,ACTIVE,SYNTHETIC
COMP-0169,SOFTWARE_COMPONENT,Software Component 0169,US-WEST,HR,MEDIUM,INTERNAL,TRUSTED,ACTIVE,SYNTHETIC
COMP-0170,SOFTWARE_COMPONENT,Software Component 0170,GLOBAL,Manufacturing,HIGH,INTERNAL,TRUSTED,ACTIVE,SYNTHETIC
COMP-0171,SOFTWARE_COMPONENT,Software Component 0171,EU-WEST,Manufacturing,HIGH,INTERNAL,CONDITIONAL,ACTIVE,SYNTHETIC
COMP-0172,SOFTWARE_COMPONENT,Software Component 0172,EU-WEST,Finance,HIGH,INTERNAL,TRUSTED,ACTIVE,SYNTHETIC
COMP-0173,SOFTWARE_COMPONENT,Software Component 0173,GLOBAL,Data,HIGH,INTERNAL,TRUSTED,ACTIVE,SYNTHETIC
COMP-0174,SOFTWARE_COMPONENT,Software Component 0174,LATAM,Finance,HIGH,INTERNAL,TRUSTED,ACTIVE,SYNTHETIC
COMP-0175,SOFTWARE_COMPONENT,Software Component 0175,EU-WEST,Data,LOW,INTERNAL,TRUSTED,ACTIVE,SYNTHETIC
COMP-0176,SOFTWARE_COMPONENT,Software Component 0176,AP-SOUTH,Support,LOW,INTERNAL,TRUSTED,ACTIVE,SYNTHETIC
COMP-0177,SOFTWARE_COMPONENT,Software Component 0177,AP-SOUTH,Manufacturing,MEDIUM,INTERNAL,CONDITIONAL,ACTIVE,SYNTHETIC
COMP-0178,SOFTWARE_COMPONENT,Software Component 0178,LATAM,Supply Chain,LOW,INTERNAL,TRUSTED,ACTIVE,SYNTHETIC
COMP-0179,SOFTWARE_COMPONENT,Software Component 0179,GLOBAL,Commerce,MEDIUM,INTERNAL,TRUSTED,ACTIVE,SYNTHETIC
COMP-0180,SOFTWARE_COMPONENT,Software Component 0180,GLOBAL,Manufacturing,LOW,INTERNAL,TRUSTED,ACTIVE,SYNTHETIC
COMP-0181,SOFTWARE_COMPONENT,Software Component 0181,EU-WEST,Data,LOW,INTERNAL,TRUSTED,ACTIVE,SYNTHETIC
COMP-0182,SOFTWARE_COMPONENT,Software Component 0182,EU-CENTRAL,Corporate,HIGH,INTERNAL,TRUSTED,ACTIVE,SYNTHETIC
COMP-0183,SOFTWARE_COMPONENT,Software Component 0183,US-WEST,HR,CRITICAL,INTERNAL,TRUSTED,ACTIVE,SYNTHETIC
COMP-0184,SOFTWARE_COMPONENT,Software Component 0184,LATAM,Security,HIGH,INTERNAL,CONDITIONAL,ACTIVE,SYNTHETIC
COMP-0185,SOFTWARE_COMPONENT,Software Component 0185,EU-CENTRAL,Sales,CRITICAL,INTERNAL,TRUSTED,ACTIVE,SYNTHETIC
COMP-0186,SOFTWARE_COMPONENT,Software Component 0186,AP-SOUTH,Corporate,MEDIUM,INTERNAL,TRUSTED,ACTIVE,SYNTHETIC
COMP-0187,SOFTWARE_COMPONENT,Software Component 0187,US-EAST,Security,MEDIUM,INTERNAL,TRUSTED,ACTIVE,SYNTHETIC
COMP-0188,SOFTWARE_COMPONENT,Software Component 0188,AP-SOUTH,Security,LOW,INTERNAL,TRUSTED,ACTIVE,SYNTHETIC
COMP-0189,SOFTWARE_COMPONENT,Software Component 0189,AP-NORTHEAST,Finance,HIGH,INTERNAL,TRUSTED,ACTIVE,SYNTHETIC
COMP-0190,SOFTWARE_COMPONENT,Software Component 0190,EU-WEST,Support,HIGH,INTERNAL,TRUSTED,ACTIVE,SYNTHETIC
COMP-0191,SOFTWARE_COMPONENT,Software Component 0191,AP-SOUTH,Sales,HIGH,INTERNAL,TRUSTED,ACTIVE,SYNTHETIC
COMP-0192,SOFTWARE_COMPONENT,Software Component 0192,EU-CENTRAL,Finance,LOW,INTERNAL,TRUSTED,ACTIVE,SYNTHETIC
COMP-0193,SOFTWARE_COMPONENT,Software Component 0193,AP-NORTHEAST,Finance,MEDIUM,INTERNAL,TRUSTED,ACTIVE,SYNTHETIC
COMP-0194,SOFTWARE_COMPONENT,Software Component 0194,EU-CENTRAL,Sales,HIGH,INTERNAL,CONDITIONAL,ACTIVE,SYNTHETIC
COMP-0195,SOFTWARE_COMPONENT,Software Component 0195,LATAM,Finance,LOW,INTERNAL,TRUSTED,ACTIVE,SYNTHETIC
COMP-0196,SOFTWARE_COMPONENT,Software Component 0196,AP-NORTHEAST,Security,MEDIUM,INTERNAL,TRUSTED,ACTIVE,SYNTHETIC
COMP-0197,SOFTWARE_COMPONENT,Software Component 0197,EU-WEST,Support,HIGH,INTERNAL,TRUSTED,ACTIVE,SYNTHETIC
COMP-0198,SOFTWARE_COMPONENT,Software Component 0198,AP-NORTHEAST,Legal,LOW,INTERNAL,TRUSTED,ACTIVE,SYNTHETIC
COMP-0199,SOFTWARE_COMPONENT,Software Component 0199,US-EAST,Manufacturing,CRITICAL,INTERNAL,TRUSTED,ACTIVE,SYNTHETIC
COMP-0200,SOFTWARE_COMPONENT,Software Component 0200,US-EAST,HR,HIGH,INTERNAL,TRUSTED,ACTIVE,SYNTHETIC
COMP-0201,SOFTWARE_COMPONENT,Software Component 0201,EU-WEST,HR,HIGH,INTERNAL,TRUSTED,ACTIVE,SYNTHETIC
COMP-0202,SOFTWARE_COMPONENT,Software Component 0202,US-EAST,Manufacturing,CRITICAL,INTERNAL,TRUSTED,ACTIVE,SYNTHETIC
COMP-0203,SOFTWARE_COMPONENT,Software Component 0203,EU-CENTRAL,Legal,HIGH,INTERNAL,TRUSTED,ACTIVE,SYNTHETIC
COMP-0204,SOFTWARE_COMPONENT,Software Component 0204,US-EAST,Manufacturing,LOW,INTERNAL,TRUSTED,ACTIVE,SYNTHETIC
COMP-0205,SOFTWARE_COMPONENT,Software Component 0205,US-EAST,Corporate,CRITICAL,INTERNAL,TRUSTED,ACTIVE,SYNTHETIC
COMP-0206,SOFTWARE_COMPONENT,Software Component 0206,GLOBAL,Finance,CRITICAL,INTERNAL,TRUSTED,ACTIVE,SYNTHETIC
COMP-0207,SOFTWARE_COMPONENT,Software Component 0207,US-WEST,Sales,CRITICAL,INTERNAL,TRUSTED,ACTIVE,SYNTHETIC
COMP-0208,SOFTWARE_COMPONENT,Software Component 0208,GLOBAL,Supply Chain,LOW,INTERNAL,TRUSTED,ACTIVE,SYNTHETIC
COMP-0209,SOFTWARE_COMPONENT,Software Component 0209,US-WEST,Security,CRITICAL,INTERNAL,TRUSTED,ACTIVE,SYNTHETIC
COMP-0210,SOFTWARE_COMPONENT,Software Component 0210,AP-SOUTH,Security,MEDIUM,INTERNAL,TRUSTED,ACTIVE,SYNTHETIC
COMP-0211,SOFTWARE_COMPONENT,Software Component 0211,AP-NORTHEAST,HR,HIGH,INTERNAL,TRUSTED,ACTIVE,SYNTHETIC
COMP-0212,SOFTWARE_COMPONENT,Software Component 0212,EU-CENTRAL,Manufacturing,HIGH,INTERNAL,TRUSTED,ACTIVE,SYNTHETIC
COMP-0213,SOFTWARE_COMPONENT,Software Component 0213,EU-CENTRAL,Manufacturing,HIGH,INTERNAL,TRUSTED,ACTIVE,SYNTHETIC
COMP-0214,SOFTWARE_COMPONENT,Software Component 0214,AP-SOUTH,Commerce,HIGH,INTERNAL,TRUSTED,ACTIVE,SYNTHETIC
COMP-0215,SOFTWARE_COMPONENT,Software Component 0215,AP-SOUTH,HR,CRITICAL,INTERNAL,TRUSTED,ACTIVE,SYNTHETIC
COMP-0216,SOFTWARE_COMPONENT,Software Component 0216,AP-NORTHEAST,Security,MEDIUM,INTERNAL,TRUSTED,ACTIVE,SYNTHETIC
COMP-0217,SOFTWARE_COMPONENT,Software Component 0217,US-EAST,Data,CRITICAL,INTERNAL,TRUSTED,ACTIVE,SYNTHETIC
COMP-0218,SOFTWARE_COMPONENT,Software Component 0218,US-EAST,HR,LOW,INTERNAL,TRUSTED,ACTIVE,SYNTHETIC
COMP-0219,SOFTWARE_COMPONENT,Software Component 0219,US-WEST,Commerce,HIGH,INTERNAL,TRUSTED,ACTIVE,SYNTHETIC
COMP-0220,SOFTWARE_COMPONENT,Software Component 0220,LATAM,Engineering,HIGH,INTERNAL,TRUSTED,ACTIVE,SYNTHETIC
COMP-0221,SOFTWARE_COMPONENT,Software Component 0221,GLOBAL,Supply Chain,HIGH,INTERNAL,TRUSTED,ACTIVE,SYNTHETIC
COMP-0222,SOFTWARE_COMPONENT,Software Component 0222,AP-NORTHEAST,Commerce,LOW,INTERNAL,TRUSTED,ACTIVE,SYNTHETIC
COMP-0223,SOFTWARE_COMPONENT,Software Component 0223,EU-CENTRAL,Engineering,CRITICAL,INTERNAL,TRUSTED,ACTIVE,SYNTHETIC
COMP-0224,SOFTWARE_COMPONENT,Software Component 0224,EU-CENTRAL,Sales,HIGH,INTERNAL,TRUSTED,ACTIVE,SYNTHETIC
COMP-0225,SOFTWARE_COMPONENT,Software Component 0225,US-WEST,Security,CRITICAL,INTERNAL,CONDITIONAL,ACTIVE,SYNTHETIC
COMP-0226,SOFTWARE_COMPONENT,Software Component 0226,US-WEST,Security,MEDIUM,INTERNAL,TRUSTED,ACTIVE,SYNTHETIC
COMP-0227,SOFTWARE_COMPONENT,Software Component 0227,US-WEST,Manufacturing,HIGH,INTERNAL,TRUSTED,ACTIVE,SYNTHETIC
COMP-0228,SOFTWARE_COMPONENT,Software Component 0228,AP-SOUTH,Corporate,HIGH,INTERNAL,TRUSTED,ACTIVE,SYNTHETIC
COMP-0229,SOFTWARE_COMPONENT,Software Component 0229,LATAM,Commerce,MEDIUM,INTERNAL,TRUSTED,ACTIVE,SYNTHETIC
COMP-0230,SOFTWARE_COMPONENT,Software Component 0230,EU-WEST,Security,MEDIUM,INTERNAL,TRUSTED,ACTIVE,SYNTHETIC
COMP-0231,SOFTWARE_COMPONENT,Software Component 0231,EU-CENTRAL,Sales,CRITICAL,INTERNAL,TRUSTED,ACTIVE,SYNTHETIC
COMP-0232,SOFTWARE_COMPONENT,Software Component 0232,LATAM,Corporate,MEDIUM,INTERNAL,TRUSTED,ACTIVE,SYNTHETIC
COMP-0233,SOFTWARE_COMPONENT,Software Component 0233,EU-WEST,Sales,LOW,INTERNAL,TRUSTED,ACTIVE,SYNTHETIC
COMP-0234,SOFTWARE_COMPONENT,Software Component 0234,US-EAST,Commerce,CRITICAL,INTERNAL,CONDITIONAL,ACTIVE,SYNTHETIC
COMP-0235,SOFTWARE_COMPONENT,Software Component 0235,US-EAST,Finance,HIGH,INTERNAL,TRUSTED,ACTIVE,SYNTHETIC
COMP-0236,SOFTWARE_COMPONENT,Software Component 0236,US-WEST,HR,LOW,INTERNAL,TRUSTED,ACTIVE,SYNTHETIC
COMP-0237,SOFTWARE_COMPONENT,Software Component 0237,EU-CENTRAL,Finance,LOW,INTERNAL,TRUSTED,ACTIVE,SYNTHETIC
COMP-0238,SOFTWARE_COMPONENT,Software Component 0238,US-WEST,Sales,LOW,INTERNAL,TRUSTED,ACTIVE,SYNTHETIC
COMP-0239,SOFTWARE_COMPONENT,Software Component 0239,US-WEST,Sales,CRITICAL,INTERNAL,TRUSTED,ACTIVE,SYNTHETIC
COMP-0240,SOFTWARE_COMPONENT,Software Component 0240,EU-CENTRAL,Support,MEDIUM,INTERNAL,TRUSTED,ACTIVE,SYNTHETIC
COMP-0241,SOFTWARE_COMPONENT,Software Component 0241,LATAM,Support,CRITICAL,INTERNAL,TRUSTED,ACTIVE,SYNTHETIC
COMP-0242,SOFTWARE_COMPONENT,Software Component 0242,AP-NORTHEAST,Sales,LOW,INTERNAL,TRUSTED,ACTIVE,SYNTHETIC
COMP-0243,SOFTWARE_COMPONENT,Software Component 0243,AP-NORTHEAST,Engineering,HIGH,INTERNAL,CONDITIONAL,ACTIVE,SYNTHETIC
COMP-0244,SOFTWARE_COMPONENT,Software Component 0244,US-WEST,Corporate,CRITICAL,INTERNAL,TRUSTED,ACTIVE,SYNTHETIC
COMP-0245,SOFTWARE_COMPONENT,Software Component 0245,AP-NORTHEAST,Legal,LOW,INTERNAL,TRUSTED,ACTIVE,SYNTHETIC
COMP-0246,SOFTWARE_COMPONENT,Software Component 0246,US-WEST,Corporate,HIGH,INTERNAL,TRUSTED,ACTIVE,SYNTHETIC
COMP-0247,SOFTWARE_COMPONENT,Software Component 0247,AP-NORTHEAST,Commerce,MEDIUM,INTERNAL,TRUSTED,ACTIVE,SYNTHETIC
COMP-0248,SOFTWARE_COMPONENT,Software Component 0248,GLOBAL,Legal,LOW,INTERNAL,TRUSTED,ACTIVE,SYNTHETIC
COMP-0249,SOFTWARE_COMPONENT,Software Component 0249,AP-NORTHEAST,Legal,LOW,INTERNAL,TRUSTED,ACTIVE,SYNTHETIC
COMP-0250,SOFTWARE_COMPONENT,Software Component 0250,LATAM,Legal,LOW,INTERNAL,TRUSTED,ACTIVE,SYNTHETIC
COMP-0251,SOFTWARE_COMPONENT,Software Component 0251,US-EAST,Supply Chain,LOW,INTERNAL,TRUSTED,ACTIVE,SYNTHETIC
COMP-0252,SOFTWARE_COMPONENT,Software Component 0252,EU-CENTRAL,Security,HIGH,INTERNAL,TRUSTED,ACTIVE,SYNTHETIC
COMP-0253,SOFTWARE_COMPONENT,Software Component 0253,AP-NORTHEAST,Finance,LOW,INTERNAL,TRUSTED,ACTIVE,SYNTHETIC
COMP-0254,SOFTWARE_COMPONENT,Software Component 0254,US-WEST,Finance,MEDIUM,INTERNAL,TRUSTED,ACTIVE,SYNTHETIC
COMP-0255,SOFTWARE_COMPONENT,Software Component 0255,AP-SOUTH,Supply Chain,HIGH,INTERNAL,CONDITIONAL,ACTIVE,SYNTHETIC
COMP-0256,SOFTWARE_COMPONENT,Software Component 0256,EU-CENTRAL,HR,LOW,INTERNAL,TRUSTED,ACTIVE,SYNTHETIC
COMP-0257,SOFTWARE_COMPONENT,Software Component 0257,EU-CENTRAL,Supply Chain,HIGH,INTERNAL,CONDITIONAL,ACTIVE,SYNTHETIC
COMP-0258,SOFTWARE_COMPONENT,Software Component 0258,US-EAST,Supply Chain,LOW,INTERNAL,TRUSTED,ACTIVE,SYNTHETIC
COMP-0259,SOFTWARE_COMPONENT,Software Component 0259,US-WEST,Finance,CRITICAL,INTERNAL,TRUSTED,ACTIVE,SYNTHETIC
COMP-0260,SOFTWARE_COMPONENT,Software Component 0260,AP-NORTHEAST,Supply Chain,HIGH,INTERNAL,TRUSTED,ACTIVE,SYNTHETIC
COMP-0261,SOFTWARE_COMPONENT,Software Component 0261,US-EAST,Data,LOW,INTERNAL,TRUSTED,ACTIVE,SYNTHETIC
COMP-0262,SOFTWARE_COMPONENT,Software Component 0262,AP-SOUTH,HR,CRITICAL,INTERNAL,TRUSTED,ACTIVE,SYNTHETIC
COMP-0263,SOFTWARE_COMPONENT,Software Component 0263,LATAM,Support,MEDIUM,INTERNAL,TRUSTED,ACTIVE,SYNTHETIC
COMP-0264,SOFTWARE_COMPONENT,Software Component 0264,AP-SOUTH,Engineering,CRITICAL,INTERNAL,TRUSTED,ACTIVE,SYNTHETIC
COMP-0265,SOFTWARE_COMPONENT,Software Component 0265,EU-CENTRAL,Supply Chain,HIGH,INTERNAL,TRUSTED,ACTIVE,SYNTHETIC
COMP-0266,SOFTWARE_COMPONENT,Software Component 0266,US-WEST,Engineering,HIGH,INTERNAL,CONDITIONAL,ACTIVE,SYNTHETIC
COMP-0267,SOFTWARE_COMPONENT,Software Component 0267,EU-WEST,Data,CRITICAL,INTERNAL,TRUSTED,ACTIVE,SYNTHETIC
COMP-0268,SOFTWARE_COMPONENT,Software Component 0268,EU-CENTRAL,Data,MEDIUM,INTERNAL,TRUSTED,ACTIVE,SYNTHETIC
COMP-0269,SOFTWARE_COMPONENT,Software Component 0269,EU-WEST,Commerce,MEDIUM,INTERNAL,TRUSTED,ACTIVE,SYNTHETIC
COMP-0270,SOFTWARE_COMPONENT,Software Component 0270,EU-CENTRAL,Engineering,HIGH,INTERNAL,TRUSTED,ACTIVE,SYNTHETIC
COMP-0271,SOFTWARE_COMPONENT,Software Component 0271,LATAM,Support,HIGH,INTERNAL,TRUSTED,ACTIVE,SYNTHETIC
COMP-0272,SOFTWARE_COMPONENT,Software Component 0272,US-WEST,Corporate,HIGH,INTERNAL,TRUSTED,ACTIVE,SYNTHETIC
COMP-0273,SOFTWARE_COMPONENT,Software Component 0273,EU-CENTRAL,Corporate,LOW,INTERNAL,TRUSTED,ACTIVE,SYNTHETIC
COMP-0274,SOFTWARE_COMPONENT,Software Component 0274,LATAM,Finance,MEDIUM,INTERNAL,TRUSTED,ACTIVE,SYNTHETIC
COMP-0275,SOFTWARE_COMPONENT,Software Component 0275,AP-NORTHEAST,Sales,LOW,INTERNAL,TRUSTED,ACTIVE,SYNTHETIC
COMP-0276,SOFTWARE_COMPONENT,Software Component 0276,EU-CENTRAL,Manufacturing,LOW,INTERNAL,TRUSTED,ACTIVE,SYNTHETIC
COMP-0277,SOFTWARE_COMPONENT,Software Component 0277,EU-WEST,Security,LOW,INTERNAL,TRUSTED,ACTIVE,SYNTHETIC
COMP-0278,SOFTWARE_COMPONENT,Software Component 0278,EU-WEST,Security,MEDIUM,INTERNAL,TRUSTED,ACTIVE,SYNTHETIC
COMP-0279,SOFTWARE_COMPONENT,Software Component 0279,US-WEST,Sales,LOW,INTERNAL,TRUSTED,ACTIVE,SYNTHETIC
COMP-0280,SOFTWARE_COMPONENT,Software Component 0280,US-EAST,HR,HIGH,INTERNAL,TRUSTED,ACTIVE,SYNTHETIC
COMP-0281,SOFTWARE_COMPONENT,Software Component 0281,US-EAST,Supply Chain,LOW,INTERNAL,CONDITIONAL,ACTIVE,SYNTHETIC
COMP-0282,SOFTWARE_COMPONENT,Software Component 0282,AP-NORTHEAST,Finance,HIGH,INTERNAL,TRUSTED,ACTIVE,SYNTHETIC
COMP-0283,SOFTWARE_COMPONENT,Software Component 0283,GLOBAL,Security,MEDIUM,INTERNAL,TRUSTED,ACTIVE,SYNTHETIC
COMP-0284,SOFTWARE_COMPONENT,Software Component 0284,US-WEST,Support,CRITICAL,INTERNAL,CONDITIONAL,ACTIVE,SYNTHETIC
COMP-0285,SOFTWARE_COMPONENT,Software Component 0285,US-WEST,Supply Chain,LOW,INTERNAL,TRUSTED,ACTIVE,SYNTHETIC
COMP-0286,SOFTWARE_COMPONENT,Software Component 0286,EU-WEST,Finance,MEDIUM,INTERNAL,TRUSTED,ACTIVE,SYNTHETIC
COMP-0287,SOFTWARE_COMPONENT,Software Component 0287,LATAM,Sales,MEDIUM,INTERNAL,TRUSTED,ACTIVE,SYNTHETIC
COMP-0288,SOFTWARE_COMPONENT,Software Component 0288,US-EAST,Sales,MEDIUM,INTERNAL,TRUSTED,ACTIVE,SYNTHETIC
COMP-0289,SOFTWARE_COMPONENT,Software Component 0289,AP-NORTHEAST,Legal,CRITICAL,INTERNAL,TRUSTED,ACTIVE,SYNTHETIC
COMP-0290,SOFTWARE_COMPONENT,Software Component 0290,AP-NORTHEAST,Support,LOW,INTERNAL,TRUSTED,ACTIVE,SYNTHETIC
COMP-0291,SOFTWARE_COMPONENT,Software Component 0291,AP-SOUTH,Finance,LOW,INTERNAL,TRUSTED,ACTIVE,SYNTHETIC
COMP-0292,SOFTWARE_COMPONENT,Software Component 0292,AP-SOUTH,Manufacturing,MEDIUM,INTERNAL,TRUSTED,ACTIVE,SYNTHETIC
COMP-0293,SOFTWARE_COMPONENT,Software Component 0293,EU-CENTRAL,Legal,HIGH,INTERNAL,CONDITIONAL,ACTIVE,SYNTHETIC
COMP-0294,SOFTWARE_COMPONENT,Software Component 0294,US-EAST,Security,LOW,INTERNAL,TRUSTED,ACTIVE,SYNTHETIC
COMP-0295,SOFTWARE_COMPONENT,Software Component 0295,AP-SOUTH,Engineering,CRITICAL,INTERNAL,TRUSTED,ACTIVE,SYNTHETIC
COMP-0296,SOFTWARE_COMPONENT,Software Component 0296,AP-NORTHEAST,Engineering,LOW,INTERNAL,TRUSTED,ACTIVE,SYNTHETIC
COMP-0297,SOFTWARE_COMPONENT,Software Component 0297,EU-CENTRAL,Manufacturing,HIGH,INTERNAL,TRUSTED,ACTIVE,SYNTHETIC
COMP-0298,SOFTWARE_COMPONENT,Software Component 0298,GLOBAL,Engineering,MEDIUM,INTERNAL,TRUSTED,ACTIVE,SYNTHETIC
COMP-0299,SOFTWARE_COMPONENT,Software Component 0299,GLOBAL,HR,MEDIUM,INTERNAL,TRUSTED,ACTIVE,SYNTHETIC
COMP-0300,SOFTWARE_COMPONENT,Software Component 0300,GLOBAL,Support,CRITICAL,INTERNAL,CONDITIONAL,ACTIVE,SYNTHETIC
COMP-0301,SOFTWARE_COMPONENT,Software Component 0301,EU-WEST,Security,MEDIUM,INTERNAL,TRUSTED,ACTIVE,SYNTHETIC
COMP-0302,SOFTWARE_COMPONENT,Software Component 0302,AP-SOUTH,Finance,LOW,INTERNAL,TRUSTED,ACTIVE,SYNTHETIC
COMP-0303,SOFTWARE_COMPONENT,Software Component 0303,AP-SOUTH,HR,MEDIUM,INTERNAL,TRUSTED,ACTIVE,SYNTHETIC
COMP-0304,SOFTWARE_COMPONENT,Software Component 0304,GLOBAL,Corporate,HIGH,INTERNAL,TRUSTED,ACTIVE,SYNTHETIC
COMP-0305,SOFTWARE_COMPONENT,Software Component 0305,AP-NORTHEAST,Data,MEDIUM,INTERNAL,TRUSTED,ACTIVE,SYNTHETIC
COMP-0306,SOFTWARE_COMPONENT,Software Component 0306,US-EAST,HR,MEDIUM,INTERNAL,TRUSTED,ACTIVE,SYNTHETIC
COMP-0307,SOFTWARE_COMPONENT,Software Component 0307,AP-SOUTH,Legal,MEDIUM,INTERNAL,TRUSTED,ACTIVE,SYNTHETIC
COMP-0308,SOFTWARE_COMPONENT,Software Component 0308,US-EAST,Finance,CRITICAL,INTERNAL,TRUSTED,ACTIVE,SYNTHETIC
COMP-0309,SOFTWARE_COMPONENT,Software Component 0309,GLOBAL,Data,LOW,INTERNAL,TRUSTED,ACTIVE,SYNTHETIC
COMP-0310,SOFTWARE_COMPONENT,Software Component 0310,EU-CENTRAL,Security,HIGH,INTERNAL,TRUSTED,ACTIVE,SYNTHETIC
COMP-0311,SOFTWARE_COMPONENT,Software Component 0311,EU-CENTRAL,Security,MEDIUM,INTERNAL,CONDITIONAL,ACTIVE,SYNTHETIC
COMP-0312,SOFTWARE_COMPONENT,Software Component 0312,US-WEST,Supply Chain,CRITICAL,INTERNAL,TRUSTED,ACTIVE,SYNTHETIC
COMP-0313,SOFTWARE_COMPONENT,Software Component 0313,EU-WEST,Supply Chain,HIGH,INTERNAL,TRUSTED,ACTIVE,SYNTHETIC
COMP-0314,SOFTWARE_COMPONENT,Software Component 0314,US-WEST,Corporate,HIGH,INTERNAL,TRUSTED,ACTIVE,SYNTHETIC
COMP-0315,SOFTWARE_COMPONENT,Software Component 0315,LATAM,Commerce,MEDIUM,INTERNAL,TRUSTED,ACTIVE,SYNTHETIC
COMP-0316,SOFTWARE_COMPONENT,Software Component 0316,EU-WEST,Engineering,LOW,INTERNAL,TRUSTED,ACTIVE,SYNTHETIC
COMP-0317,SOFTWARE_COMPONENT,Software Component 0317,EU-WEST,Corporate,LOW,INTERNAL,TRUSTED,ACTIVE,SYNTHETIC
COMP-0318,SOFTWARE_COMPONENT,Software Component 0318,AP-NORTHEAST,Finance,CRITICAL,INTERNAL,TRUSTED,ACTIVE,SYNTHETIC
COMP-0319,SOFTWARE_COMPONENT,Software Component 0319,LATAM,Security,LOW,INTERNAL,TRUSTED,ACTIVE,SYNTHETIC
COMP-0320,SOFTWARE_COMPONENT,Software Component 0320,LATAM,Corporate,LOW,INTERNAL,TRUSTED,ACTIVE,SYNTHETIC
COMP-0321,SOFTWARE_COMPONENT,Software Component 0321,EU-WEST,Finance,LOW,INTERNAL,CONDITIONAL,ACTIVE,SYNTHETIC
COMP-0322,SOFTWARE_COMPONENT,Software Component 0322,EU-WEST,Engineering,MEDIUM,INTERNAL,TRUSTED,ACTIVE,SYNTHETIC
COMP-0323,SOFTWARE_COMPONENT,Software Component 0323,GLOBAL,Finance,MEDIUM,INTERNAL,TRUSTED,ACTIVE,SYNTHETIC
COMP-0324,SOFTWARE_COMPONENT,Software Component 0324,LATAM,Security,HIGH,INTERNAL,TRUSTED,ACTIVE,SYNTHETIC
COMP-0325,SOFTWARE_COMPONENT,Software Component 0325,GLOBAL,Security,HIGH,INTERNAL,TRUSTED,ACTIVE,SYNTHETIC
COMP-0326,SOFTWARE_COMPONENT,Software Component 0326,LATAM,Data,MEDIUM,INTERNAL,TRUSTED,ACTIVE,SYNTHETIC
COMP-0327,SOFTWARE_COMPONENT,Software Component 0327,US-WEST,Supply Chain,MEDIUM,INTERNAL,TRUSTED,ACTIVE,SYNTHETIC
COMP-0328,SOFTWARE_COMPONENT,Software Component 0328,EU-WEST,Supply Chain,LOW,INTERNAL,TRUSTED,ACTIVE,SYNTHETIC
COMP-0329,SOFTWARE_COMPONENT,Software Component 0329,EU-CENTRAL,Supply Chain,HIGH,INTERNAL,TRUSTED,ACTIVE,SYNTHETIC
COMP-0330,SOFTWARE_COMPONENT,Software Component 0330,US-EAST,Supply Chain,LOW,INTERNAL,TRUSTED,ACTIVE,SYNTHETIC
COMP-0331,SOFTWARE_COMPONENT,Software Component 0331,GLOBAL,Corporate,LOW,INTERNAL,TRUSTED,ACTIVE,SYNTHETIC
COMP-0332,SOFTWARE_COMPONENT,Software Component 0332,US-EAST,Supply Chain,CRITICAL,INTERNAL,TRUSTED,ACTIVE,SYNTHETIC
COMP-0333,SOFTWARE_COMPONENT,Software Component 0333,AP-SOUTH,Supply Chain,CRITICAL,INTERNAL,TRUSTED,ACTIVE,SYNTHETIC
COMP-0334,SOFTWARE_COMPONENT,Software Component 0334,GLOBAL,Manufacturing,HIGH,INTERNAL,TRUSTED,ACTIVE,SYNTHETIC
COMP-0335,SOFTWARE_COMPONENT,Software Component 0335,US-EAST,Legal,CRITICAL,INTERNAL,TRUSTED,ACTIVE,SYNTHETIC
COMP-0336,SOFTWARE_COMPONENT,Software Component 0336,US-WEST,Sales,LOW,INTERNAL,TRUSTED,ACTIVE,SYNTHETIC
COMP-0337,SOFTWARE_COMPONENT,Software Component 0337,US-EAST,Legal,CRITICAL,INTERNAL,TRUSTED,ACTIVE,SYNTHETIC
COMP-0338,SOFTWARE_COMPONENT,Software Component 0338,EU-CENTRAL,Legal,LOW,INTERNAL,CONDITIONAL,ACTIVE,SYNTHETIC
COMP-0339,SOFTWARE_COMPONENT,Software Component 0339,LATAM,HR,CRITICAL,INTERNAL,TRUSTED,ACTIVE,SYNTHETIC
COMP-0340,SOFTWARE_COMPONENT,Software Component 0340,US-WEST,Data,MEDIUM,INTERNAL,TRUSTED,ACTIVE,SYNTHETIC
COMP-0341,SOFTWARE_COMPONENT,Software Component 0341,AP-NORTHEAST,Engineering,HIGH,INTERNAL,TRUSTED,ACTIVE,SYNTHETIC
COMP-0342,SOFTWARE_COMPONENT,Software Component 0342,US-WEST,Commerce,CRITICAL,INTERNAL,TRUSTED,ACTIVE,SYNTHETIC
COMP-0343,SOFTWARE_COMPONENT,Software Component 0343,EU-WEST,Finance,CRITICAL,INTERNAL,TRUSTED,ACTIVE,SYNTHETIC
COMP-0344,SOFTWARE_COMPONENT,Software Component 0344,AP-SOUTH,Supply Chain,LOW,INTERNAL,TRUSTED,ACTIVE,SYNTHETIC
COMP-0345,SOFTWARE_COMPONENT,Software Component 0345,EU-CENTRAL,Data,LOW,INTERNAL,TRUSTED,ACTIVE,SYNTHETIC
COMP-0346,SOFTWARE_COMPONENT,Software Component 0346,EU-WEST,HR,CRITICAL,INTERNAL,TRUSTED,ACTIVE,SYNTHETIC
COMP-0347,SOFTWARE_COMPONENT,Software Component 0347,US-EAST,Commerce,MEDIUM,INTERNAL,TRUSTED,ACTIVE,SYNTHETIC
COMP-0348,SOFTWARE_COMPONENT,Software Component 0348,AP-NORTHEAST,Data,CRITICAL,INTERNAL,TRUSTED,ACTIVE,SYNTHETIC
COMP-0349,SOFTWARE_COMPONENT,Software Component 0349,EU-CENTRAL,Supply Chain,CRITICAL,INTERNAL,TRUSTED,ACTIVE,SYNTHETIC
COMP-0350,SOFTWARE_COMPONENT,Software Component 0350,LATAM,HR,LOW,INTERNAL,TRUSTED,ACTIVE,SYNTHETIC
COMP-0351,SOFTWARE_COMPONENT,Software Component 0351,US-WEST,Manufacturing,HIGH,INTERNAL,TRUSTED,ACTIVE,SYNTHETIC
COMP-0352,SOFTWARE_COMPONENT,Software Component 0352,EU-WEST,Sales,LOW,INTERNAL,TRUSTED,ACTIVE,SYNTHETIC
COMP-0353,SOFTWARE_COMPONENT,Software Component 0353,US-EAST,Engineering,MEDIUM,INTERNAL,TRUSTED,ACTIVE,SYNTHETIC
COMP-0354,SOFTWARE_COMPONENT,Software Component 0354,US-WEST,Engineering,CRITICAL,INTERNAL,TRUSTED,ACTIVE,SYNTHETIC
COMP-0355,SOFTWARE_COMPONENT,Software Component 0355,EU-CENTRAL,Corporate,HIGH,INTERNAL,TRUSTED,ACTIVE,SYNTHETIC
COMP-0356,SOFTWARE_COMPONENT,Software Component 0356,US-WEST,Sales,CRITICAL,INTERNAL,TRUSTED,ACTIVE,SYNTHETIC
COMP-0357,SOFTWARE_COMPONENT,Software Component 0357,EU-CENTRAL,Manufacturing,HIGH,INTERNAL,TRUSTED,ACTIVE,SYNTHETIC
COMP-0358,SOFTWARE_COMPONENT,Software Component 0358,EU-WEST,Legal,CRITICAL,INTERNAL,TRUSTED,ACTIVE,SYNTHETIC
COMP-0359,SOFTWARE_COMPONENT,Software Component 0359,AP-NORTHEAST,Corporate,MEDIUM,INTERNAL,TRUSTED,ACTIVE,SYNTHETIC
COMP-0360,SOFTWARE_COMPONENT,Software Component 0360,AP-NORTHEAST,Corporate,LOW,INTERNAL,TRUSTED,ACTIVE,SYNTHETIC
COMP-0361,SOFTWARE_COMPONENT,Software Component 0361,AP-NORTHEAST,Support,CRITICAL,INTERNAL,TRUSTED,ACTIVE,SYNTHETIC
COMP-0362,SOFTWARE_COMPONENT,Software Component 0362,AP-NORTHEAST,Engineering,CRITICAL,INTERNAL,TRUSTED,ACTIVE,SYNTHETIC
COMP-0363,SOFTWARE_COMPONENT,Software Component 0363,AP-SOUTH,Engineering,HIGH,INTERNAL,TRUSTED,ACTIVE,SYNTHETIC
COMP-0364,SOFTWARE_COMPONENT,Software Component 0364,US-EAST,Sales,HIGH,INTERNAL,TRUSTED,ACTIVE,SYNTHETIC
COMP-0365,SOFTWARE_COMPONENT,Software Component 0365,GLOBAL,Supply Chain,HIGH,INTERNAL,TRUSTED,ACTIVE,SYNTHETIC
COMP-0366,SOFTWARE_COMPONENT,Software Component 0366,US-EAST,Commerce,HIGH,INTERNAL,TRUSTED,ACTIVE,SYNTHETIC
COMP-0367,SOFTWARE_COMPONENT,Software Component 0367,EU-CENTRAL,Commerce,CRITICAL,INTERNAL,TRUSTED,ACTIVE,SYNTHETIC
COMP-0368,SOFTWARE_COMPONENT,Software Component 0368,EU-WEST,Corporate,MEDIUM,INTERNAL,TRUSTED,ACTIVE,SYNTHETIC
COMP-0369,SOFTWARE_COMPONENT,Software Component 0369,US-WEST,HR,HIGH,INTERNAL,TRUSTED,ACTIVE,SYNTHETIC
COMP-0370,SOFTWARE_COMPONENT,Software Component 0370,EU-WEST,Security,LOW,INTERNAL,CONDITIONAL,ACTIVE,SYNTHETIC
COMP-0371,SOFTWARE_COMPONENT,Software Component 0371,AP-SOUTH,Legal,MEDIUM,INTERNAL,TRUSTED,ACTIVE,SYNTHETIC
COMP-0372,SOFTWARE_COMPONENT,Software Component 0372,EU-WEST,Corporate,LOW,INTERNAL,CONDITIONAL,ACTIVE,SYNTHETIC
COMP-0373,SOFTWARE_COMPONENT,Software Component 0373,LATAM,Manufacturing,CRITICAL,INTERNAL,TRUSTED,ACTIVE,SYNTHETIC
COMP-0374,SOFTWARE_COMPONENT,Software Component 0374,EU-CENTRAL,Commerce,CRITICAL,INTERNAL,TRUSTED,ACTIVE,SYNTHETIC
COMP-0375,SOFTWARE_COMPONENT,Software Component 0375,AP-SOUTH,Data,CRITICAL,INTERNAL,TRUSTED,ACTIVE,SYNTHETIC
COMP-0376,SOFTWARE_COMPONENT,Software Component 0376,EU-CENTRAL,Sales,HIGH,INTERNAL,TRUSTED,ACTIVE,SYNTHETIC
COMP-0377,SOFTWARE_COMPONENT,Software Component 0377,AP-SOUTH,Support,HIGH,INTERNAL,TRUSTED,ACTIVE,SYNTHETIC
COMP-0378,SOFTWARE_COMPONENT,Software Component 0378,AP-SOUTH,Security,MEDIUM,INTERNAL,TRUSTED,ACTIVE,SYNTHETIC
COMP-0379,SOFTWARE_COMPONENT,Software Component 0379,US-WEST,Engineering,CRITICAL,INTERNAL,TRUSTED,ACTIVE,SYNTHETIC
COMP-0380,SOFTWARE_COMPONENT,Software Component 0380,EU-CENTRAL,Supply Chain,MEDIUM,INTERNAL,TRUSTED,ACTIVE,SYNTHETIC
COMP-0381,SOFTWARE_COMPONENT,Software Component 0381,AP-SOUTH,Finance,HIGH,INTERNAL,TRUSTED,ACTIVE,SYNTHETIC
COMP-0382,SOFTWARE_COMPONENT,Software Component 0382,AP-NORTHEAST,Finance,HIGH,INTERNAL,TRUSTED,ACTIVE,SYNTHETIC
COMP-0383,SOFTWARE_COMPONENT,Software Component 0383,EU-WEST,Commerce,MEDIUM,INTERNAL,TRUSTED,ACTIVE,SYNTHETIC
COMP-0384,SOFTWARE_COMPONENT,Software Component 0384,GLOBAL,Support,MEDIUM,INTERNAL,TRUSTED,ACTIVE,SYNTHETIC
COMP-0385,SOFTWARE_COMPONENT,Software Component 0385,GLOBAL,Legal,CRITICAL,INTERNAL,TRUSTED,ACTIVE,SYNTHETIC
COMP-0386,SOFTWARE_COMPONENT,Software Component 0386,LATAM,HR,MEDIUM,INTERNAL,TRUSTED,ACTIVE,SYNTHETIC
COMP-0387,SOFTWARE_COMPONENT,Software Component 0387,US-WEST,Engineering,CRITICAL,INTERNAL,TRUSTED,ACTIVE,SYNTHETIC
COMP-0388,SOFTWARE_COMPONENT,Software Component 0388,AP-SOUTH,Engineering,CRITICAL,INTERNAL,TRUSTED,ACTIVE,SYNTHETIC
COMP-0389,SOFTWARE_COMPONENT,Software Component 0389,AP-SOUTH,Finance,MEDIUM,INTERNAL,TRUSTED,ACTIVE,SYNTHETIC
COMP-0390,SOFTWARE_COMPONENT,Software Component 0390,US-EAST,Manufacturing,LOW,INTERNAL,TRUSTED,ACTIVE,SYNTHETIC
COMP-0391,SOFTWARE_COMPONENT,Software Component 0391,LATAM,Data,MEDIUM,INTERNAL,TRUSTED,ACTIVE,SYNTHETIC
COMP-0392,SOFTWARE_COMPONENT,Software Component 0392,EU-CENTRAL,HR,CRITICAL,INTERNAL,TRUSTED,ACTIVE,SYNTHETIC
COMP-0393,SOFTWARE_COMPONENT,Software Component 0393,GLOBAL,Sales,MEDIUM,INTERNAL,TRUSTED,ACTIVE,SYNTHETIC
COMP-0394,SOFTWARE_COMPONENT,Software Component 0394,GLOBAL,Sales,MEDIUM,INTERNAL,TRUSTED,ACTIVE,SYNTHETIC
COMP-0395,SOFTWARE_COMPONENT,Software Component 0395,AP-SOUTH,Sales,MEDIUM,INTERNAL,TRUSTED,ACTIVE,SYNTHETIC
COMP-0396,SOFTWARE_COMPONENT,Software Component 0396,US-WEST,Manufacturing,MEDIUM,INTERNAL,TRUSTED,ACTIVE,SYNTHETIC
COMP-0397,SOFTWARE_COMPONENT,Software Component 0397,AP-NORTHEAST,Supply Chain,HIGH,INTERNAL,TRUSTED,ACTIVE,SYNTHETIC
COMP-0398,SOFTWARE_COMPONENT,Software Component 0398,US-EAST,Legal,LOW,INTERNAL,TRUSTED,ACTIVE,SYNTHETIC
COMP-0399,SOFTWARE_COMPONENT,Software Component 0399,AP-SOUTH,Commerce,HIGH,INTERNAL,TRUSTED,ACTIVE,SYNTHETIC
COMP-0400,SOFTWARE_COMPONENT,Software Component 0400,EU-WEST,Security,LOW,INTERNAL,TRUSTED,ACTIVE,SYNTHETIC
COMP-0401,SOFTWARE_COMPONENT,Software Component 0401,AP-SOUTH,Security,LOW,INTERNAL,TRUSTED,ACTIVE,SYNTHETIC
COMP-0402,SOFTWARE_COMPONENT,Software Component 0402,US-WEST,Support,CRITICAL,INTERNAL,TRUSTED,ACTIVE,SYNTHETIC
COMP-0403,SOFTWARE_COMPONENT,Software Component 0403,EU-CENTRAL,Corporate,MEDIUM,INTERNAL,TRUSTED,ACTIVE,SYNTHETIC
COMP-0404,SOFTWARE_COMPONENT,Software Component 0404,GLOBAL,Manufacturing,LOW,INTERNAL,TRUSTED,ACTIVE,SYNTHETIC
COMP-0405,SOFTWARE_COMPONENT,Software Component 0405,US-WEST,Support,HIGH,INTERNAL,TRUSTED,ACTIVE,SYNTHETIC
COMP-0406,SOFTWARE_COMPONENT,Software Component 0406,AP-SOUTH,Finance,MEDIUM,INTERNAL,TRUSTED,ACTIVE,SYNTHETIC
COMP-0407,SOFTWARE_COMPONENT,Software Component 0407,EU-CENTRAL,Finance,HIGH,INTERNAL,TRUSTED,ACTIVE,SYNTHETIC
COMP-0408,SOFTWARE_COMPONENT,Software Component 0408,US-EAST,Finance,HIGH,INTERNAL,TRUSTED,ACTIVE,SYNTHETIC
COMP-0409,SOFTWARE_COMPONENT,Software Component 0409,EU-WEST,Finance,MEDIUM,INTERNAL,TRUSTED,ACTIVE,SYNTHETIC
COMP-0410,SOFTWARE_COMPONENT,Software Component 0410,US-WEST,Security,CRITICAL,INTERNAL,TRUSTED,ACTIVE,SYNTHETIC
COMP-0411,SOFTWARE_COMPONENT,Software Component 0411,US-EAST,Corporate,LOW,INTERNAL,TRUSTED,ACTIVE,SYNTHETIC
COMP-0412,SOFTWARE_COMPONENT,Software Component 0412,US-EAST,Supply Chain,CRITICAL,INTERNAL,TRUSTED,ACTIVE,SYNTHETIC
COMP-0413,SOFTWARE_COMPONENT,Software Component 0413,LATAM,Corporate,MEDIUM,INTERNAL,TRUSTED,ACTIVE,SYNTHETIC
COMP-0414,SOFTWARE_COMPONENT,Software Component 0414,AP-SOUTH,Support,CRITICAL,INTERNAL,TRUSTED,ACTIVE,SYNTHETIC
COMP-0415,SOFTWARE_COMPONENT,Software Component 0415,LATAM,Commerce,CRITICAL,INTERNAL,TRUSTED,ACTIVE,SYNTHETIC
COMP-0416,SOFTWARE_COMPONENT,Software Component 0416,AP-NORTHEAST,Commerce,CRITICAL,INTERNAL,TRUSTED,ACTIVE,SYNTHETIC
COMP-0417,SOFTWARE_COMPONENT,Software Component 0417,EU-CENTRAL,Finance,HIGH,INTERNAL,CONDITIONAL,ACTIVE,SYNTHETIC
COMP-0418,SOFTWARE_COMPONENT,Software Component 0418,LATAM,HR,LOW,INTERNAL,TRUSTED,ACTIVE,SYNTHETIC
COMP-0419,SOFTWARE_COMPONENT,Software Component 0419,US-WEST,Data,MEDIUM,INTERNAL,TRUSTED,ACTIVE,SYNTHETIC
COMP-0420,SOFTWARE_COMPONENT,Software Component 0420,EU-WEST,Engineering,MEDIUM,INTERNAL,TRUSTED,ACTIVE,SYNTHETIC
COMP-0421,SOFTWARE_COMPONENT,Software Component 0421,AP-NORTHEAST,Sales,CRITICAL,INTERNAL,TRUSTED,ACTIVE,SYNTHETIC
COMP-0422,SOFTWARE_COMPONENT,Software Component 0422,GLOBAL,Legal,CRITICAL,INTERNAL,TRUSTED,ACTIVE,SYNTHETIC
COMP-0423,SOFTWARE_COMPONENT,Software Component 0423,US-WEST,Supply Chain,CRITICAL,INTERNAL,TRUSTED,ACTIVE,SYNTHETIC
COMP-0424,SOFTWARE_COMPONENT,Software Component 0424,GLOBAL,Legal,CRITICAL,INTERNAL,TRUSTED,ACTIVE,SYNTHETIC
COMP-0425,SOFTWARE_COMPONENT,Software Component 0425,EU-WEST,Finance,LOW,INTERNAL,TRUSTED,ACTIVE,SYNTHETIC
COMP-0426,SOFTWARE_COMPONENT,Software Component 0426,US-EAST,Engineering,HIGH,INTERNAL,TRUSTED,ACTIVE,SYNTHETIC
COMP-0427,SOFTWARE_COMPONENT,Software Component 0427,EU-CENTRAL,Security,LOW,INTERNAL,TRUSTED,ACTIVE,SYNTHETIC
COMP-0428,SOFTWARE_COMPONENT,Software Component 0428,EU-CENTRAL,Support,LOW,INTERNAL,TRUSTED,ACTIVE,SYNTHETIC
COMP-0429,SOFTWARE_COMPONENT,Software Component 0429,GLOBAL,Finance,HIGH,INTERNAL,TRUSTED,ACTIVE,SYNTHETIC
COMP-0430,SOFTWARE_COMPONENT,Software Component 0430,US-EAST,Support,LOW,INTERNAL,CONDITIONAL,ACTIVE,SYNTHETIC
COMP-0431,SOFTWARE_COMPONENT,Software Component 0431,GLOBAL,Finance,MEDIUM,INTERNAL,TRUSTED,ACTIVE,SYNTHETIC
COMP-0432,SOFTWARE_COMPONENT,Software Component 0432,EU-CENTRAL,Data,LOW,INTERNAL,TRUSTED,ACTIVE,SYNTHETIC
COMP-0433,SOFTWARE_COMPONENT,Software Component 0433,GLOBAL,Corporate,MEDIUM,INTERNAL,TRUSTED,ACTIVE,SYNTHETIC
COMP-0434,SOFTWARE_COMPONENT,Software Component 0434,AP-SOUTH,Legal,HIGH,INTERNAL,TRUSTED,ACTIVE,SYNTHETIC
COMP-0435,SOFTWARE_COMPONENT,Software Component 0435,US-WEST,Support,CRITICAL,INTERNAL,TRUSTED,ACTIVE,SYNTHETIC
COMP-0436,SOFTWARE_COMPONENT,Software Component 0436,EU-WEST,Commerce,MEDIUM,INTERNAL,TRUSTED,ACTIVE,SYNTHETIC
COMP-0437,SOFTWARE_COMPONENT,Software Component 0437,LATAM,Supply Chain,CRITICAL,INTERNAL,TRUSTED,ACTIVE,SYNTHETIC
COMP-0438,SOFTWARE_COMPONENT,Software Component 0438,AP-SOUTH,Sales,CRITICAL,INTERNAL,TRUSTED,ACTIVE,SYNTHETIC
COMP-0439,SOFTWARE_COMPONENT,Software Component 0439,EU-WEST,Supply Chain,CRITICAL,INTERNAL,TRUSTED,ACTIVE,SYNTHETIC
COMP-0440,SOFTWARE_COMPONENT,Software Component 0440,AP-SOUTH,Finance,CRITICAL,INTERNAL,TRUSTED,ACTIVE,SYNTHETIC
COMP-0441,SOFTWARE_COMPONENT,Software Component 0441,EU-CENTRAL,Engineering,LOW,INTERNAL,TRUSTED,ACTIVE,SYNTHETIC
COMP-0442,SOFTWARE_COMPONENT,Software Component 0442,EU-WEST,Legal,LOW,INTERNAL,TRUSTED,ACTIVE,SYNTHETIC
COMP-0443,SOFTWARE_COMPONENT,Software Component 0443,AP-NORTHEAST,Data,LOW,INTERNAL,TRUSTED,ACTIVE,SYNTHETIC
COMP-0444,SOFTWARE_COMPONENT,Software Component 0444,US-EAST,HR,HIGH,INTERNAL,TRUSTED,ACTIVE,SYNTHETIC
COMP-0445,SOFTWARE_COMPONENT,Software Component 0445,US-WEST,Commerce,CRITICAL,INTERNAL,TRUSTED,ACTIVE,SYNTHETIC
COMP-0446,SOFTWARE_COMPONENT,Software Component 0446,EU-CENTRAL,Corporate,CRITICAL,INTERNAL,TRUSTED,ACTIVE,SYNTHETIC
COMP-0447,SOFTWARE_COMPONENT,Software Component 0447,EU-CENTRAL,Manufacturing,CRITICAL,INTERNAL,TRUSTED,ACTIVE,SYNTHETIC
COMP-0448,SOFTWARE_COMPONENT,Software Component 0448,US-WEST,HR,MEDIUM,INTERNAL,TRUSTED,ACTIVE,SYNTHETIC
COMP-0449,SOFTWARE_COMPONENT,Software Component 0449,EU-WEST,Legal,MEDIUM,INTERNAL,TRUSTED,ACTIVE,SYNTHETIC
COMP-0450,SOFTWARE_COMPONENT,Software Component 0450,US-WEST,Finance,HIGH,INTERNAL,TRUSTED,ACTIVE,SYNTHETIC
COMP-0451,SOFTWARE_COMPONENT,Software Component 0451,US-EAST,Legal,CRITICAL,INTERNAL,TRUSTED,ACTIVE,SYNTHETIC
COMP-0452,SOFTWARE_COMPONENT,Software Component 0452,EU-CENTRAL,Data,HIGH,INTERNAL,TRUSTED,ACTIVE,SYNTHETIC
COMP-0453,SOFTWARE_COMPONENT,Software Component 0453,US-EAST,Manufacturing,LOW,INTERNAL,TRUSTED,ACTIVE,SYNTHETIC
COMP-0454,SOFTWARE_COMPONENT,Software Component 0454,AP-SOUTH,Supply Chain,HIGH,INTERNAL,TRUSTED,ACTIVE,SYNTHETIC
COMP-0455,SOFTWARE_COMPONENT,Software Component 0455,EU-CENTRAL,Security,MEDIUM,INTERNAL,TRUSTED,ACTIVE,SYNTHETIC
COMP-0456,SOFTWARE_COMPONENT,Software Component 0456,EU-WEST,Supply Chain,LOW,INTERNAL,TRUSTED,ACTIVE,SYNTHETIC
COMP-0457,SOFTWARE_COMPONENT,Software Component 0457,LATAM,Corporate,MEDIUM,INTERNAL,TRUSTED,ACTIVE,SYNTHETIC
COMP-0458,SOFTWARE_COMPONENT,Software Component 0458,EU-CENTRAL,Supply Chain,CRITICAL,INTERNAL,TRUSTED,ACTIVE,SYNTHETIC
COMP-0459,SOFTWARE_COMPONENT,Software Component 0459,US-EAST,Legal,LOW,INTERNAL,TRUSTED,ACTIVE,SYNTHETIC
COMP-0460,SOFTWARE_COMPONENT,Software Component 0460,EU-CENTRAL,Security,CRITICAL,INTERNAL,TRUSTED,ACTIVE,SYNTHETIC
COMP-0461,SOFTWARE_COMPONENT,Software Component 0461,GLOBAL,Support,MEDIUM,INTERNAL,CONDITIONAL,ACTIVE,SYNTHETIC
COMP-0462,SOFTWARE_COMPONENT,Software Component 0462,EU-WEST,Finance,CRITICAL,INTERNAL,TRUSTED,ACTIVE,SYNTHETIC
COMP-0463,SOFTWARE_COMPONENT,Software Component 0463,EU-CENTRAL,Corporate,CRITICAL,INTERNAL,TRUSTED,ACTIVE,SYNTHETIC
COMP-0464,SOFTWARE_COMPONENT,Software Component 0464,US-EAST,Legal,CRITICAL,INTERNAL,TRUSTED,ACTIVE,SYNTHETIC
COMP-0465,SOFTWARE_COMPONENT,Software Component 0465,AP-NORTHEAST,Commerce,LOW,INTERNAL,TRUSTED,ACTIVE,SYNTHETIC
COMP-0466,SOFTWARE_COMPONENT,Software Component 0466,US-WEST,Commerce,CRITICAL,INTERNAL,TRUSTED,ACTIVE,SYNTHETIC
COMP-0467,SOFTWARE_COMPONENT,Software Component 0467,US-EAST,HR,LOW,INTERNAL,TRUSTED,ACTIVE,SYNTHETIC
COMP-0468,SOFTWARE_COMPONENT,Software Component 0468,US-EAST,Finance,LOW,INTERNAL,TRUSTED,ACTIVE,SYNTHETIC
COMP-0469,SOFTWARE_COMPONENT,Software Component 0469,EU-WEST,Security,HIGH,INTERNAL,CONDITIONAL,ACTIVE,SYNTHETIC
COMP-0470,SOFTWARE_COMPONENT,Software Component 0470,US-EAST,Corporate,MEDIUM,INTERNAL,TRUSTED,ACTIVE,SYNTHETIC
COMP-0471,SOFTWARE_COMPONENT,Software Component 0471,EU-WEST,Finance,HIGH,INTERNAL,TRUSTED,ACTIVE,SYNTHETIC
COMP-0472,SOFTWARE_COMPONENT,Software Component 0472,US-EAST,Support,CRITICAL,INTERNAL,TRUSTED,ACTIVE,SYNTHETIC
COMP-0473,SOFTWARE_COMPONENT,Software Component 0473,US-WEST,Corporate,MEDIUM,INTERNAL,TRUSTED,ACTIVE,SYNTHETIC
COMP-0474,SOFTWARE_COMPONENT,Software Component 0474,AP-NORTHEAST,Engineering,MEDIUM,INTERNAL,TRUSTED,ACTIVE,SYNTHETIC
COMP-0475,SOFTWARE_COMPONENT,Software Component 0475,EU-CENTRAL,Legal,HIGH,INTERNAL,TRUSTED,ACTIVE,SYNTHETIC
COMP-0476,SOFTWARE_COMPONENT,Software Component 0476,AP-SOUTH,Legal,CRITICAL,INTERNAL,CONDITIONAL,ACTIVE,SYNTHETIC
COMP-0477,SOFTWARE_COMPONENT,Software Component 0477,EU-CENTRAL,HR,HIGH,INTERNAL,TRUSTED,ACTIVE,SYNTHETIC
COMP-0478,SOFTWARE_COMPONENT,Software Component 0478,LATAM,Legal,MEDIUM,INTERNAL,TRUSTED,ACTIVE,SYNTHETIC
COMP-0479,SOFTWARE_COMPONENT,Software Component 0479,GLOBAL,Corporate,MEDIUM,INTERNAL,TRUSTED,ACTIVE,SYNTHETIC
COMP-0480,SOFTWARE_COMPONENT,Software Component 0480,EU-CENTRAL,Corporate,HIGH,INTERNAL,TRUSTED,ACTIVE,SYNTHETIC
COMP-0481,SOFTWARE_COMPONENT,Software Component 0481,US-WEST,HR,CRITICAL,INTERNAL,TRUSTED,ACTIVE,SYNTHETIC
COMP-0482,SOFTWARE_COMPONENT,Software Component 0482,US-WEST,Engineering,LOW,INTERNAL,TRUSTED,ACTIVE,SYNTHETIC
COMP-0483,SOFTWARE_COMPONENT,Software Component 0483,AP-SOUTH,Legal,MEDIUM,INTERNAL,TRUSTED,ACTIVE,SYNTHETIC
COMP-0484,SOFTWARE_COMPONENT,Software Component 0484,GLOBAL,Manufacturing,HIGH,INTERNAL,TRUSTED,ACTIVE,SYNTHETIC
COMP-0485,SOFTWARE_COMPONENT,Software Component 0485,US-EAST,Support,CRITICAL,INTERNAL,TRUSTED,ACTIVE,SYNTHETIC
COMP-0486,SOFTWARE_COMPONENT,Software Component 0486,US-WEST,Data,LOW,INTERNAL,TRUSTED,ACTIVE,SYNTHETIC
COMP-0487,SOFTWARE_COMPONENT,Software Component 0487,AP-NORTHEAST,Supply Chain,LOW,INTERNAL,CONDITIONAL,ACTIVE,SYNTHETIC
COMP-0488,SOFTWARE_COMPONENT,Software Component 0488,EU-WEST,Legal,CRITICAL,INTERNAL,TRUSTED,ACTIVE,SYNTHETIC
COMP-0489,SOFTWARE_COMPONENT,Software Component 0489,US-WEST,Commerce,HIGH,INTERNAL,TRUSTED,ACTIVE,SYNTHETIC
COMP-0490,SOFTWARE_COMPONENT,Software Component 0490,AP-SOUTH,Sales,MEDIUM,INTERNAL,TRUSTED,ACTIVE,SYNTHETIC
COMP-0491,SOFTWARE_COMPONENT,Software Component 0491,AP-NORTHEAST,HR,CRITICAL,INTERNAL,TRUSTED,ACTIVE,SYNTHETIC
COMP-0492,SOFTWARE_COMPONENT,Software Component 0492,EU-WEST,Sales,CRITICAL,INTERNAL,TRUSTED,ACTIVE,SYNTHETIC
COMP-0493,SOFTWARE_COMPONENT,Software Component 0493,AP-SOUTH,Commerce,LOW,INTERNAL,TRUSTED,ACTIVE,SYNTHETIC
COMP-0494,SOFTWARE_COMPONENT,Software Component 0494,LATAM,Data,HIGH,INTERNAL,TRUSTED,ACTIVE,SYNTHETIC
COMP-0495,SOFTWARE_COMPONENT,Software Component 0495,LATAM,Finance,LOW,INTERNAL,TRUSTED,ACTIVE,SYNTHETIC
COMP-0496,SOFTWARE_COMPONENT,Software Component 0496,EU-WEST,Manufacturing,HIGH,INTERNAL,TRUSTED,ACTIVE,SYNTHETIC
COMP-0497,SOFTWARE_COMPONENT,Software Component 0497,US-EAST,HR,LOW,INTERNAL,TRUSTED,ACTIVE,SYNTHETIC
COMP-0498,SOFTWARE_COMPONENT,Software Component 0498,LATAM,Corporate,HIGH,INTERNAL,TRUSTED,ACTIVE,SYNTHETIC
COMP-0499,SOFTWARE_COMPONENT,Software Component 0499,US-EAST,Sales,MEDIUM,INTERNAL,TRUSTED,ACTIVE,SYNTHETIC
COMP-0500,SOFTWARE_COMPONENT,Software Component 0500,GLOBAL,HR,LOW,INTERNAL,TRUSTED,ACTIVE,SYNTHETIC
CLOUD-0001,CLOUD_RESOURCE,Cloud Resource 0001,AP-NORTHEAST,Commerce,MEDIUM,INTERNAL,TRUSTED,ACTIVE,SYNTHETIC
CLOUD-0002,CLOUD_RESOURCE,Cloud Resource 0002,EU-CENTRAL,Legal,LOW,INTERNAL,TRUSTED,ACTIVE,SYNTHETIC
CLOUD-0003,CLOUD_RESOURCE,Cloud Resource 0003,US-EAST,Commerce,LOW,INTERNAL,CONDITIONAL,ACTIVE,SYNTHETIC
CLOUD-0004,CLOUD_RESOURCE,Cloud Resource 0004,US-WEST,Manufacturing,MEDIUM,INTERNAL,CONDITIONAL,ACTIVE,SYNTHETIC
CLOUD-0005,CLOUD_RESOURCE,Cloud Resource 0005,EU-WEST,Corporate,MEDIUM,INTERNAL,TRUSTED,ACTIVE,SYNTHETIC
CLOUD-0006,CLOUD_RESOURCE,Cloud Resource 0006,GLOBAL,Support,HIGH,INTERNAL,TRUSTED,ACTIVE,SYNTHETIC
CLOUD-0007,CLOUD_RESOURCE,Cloud Resource 0007,US-EAST,Security,HIGH,INTERNAL,TRUSTED,ACTIVE,SYNTHETIC
CLOUD-0008,CLOUD_RESOURCE,Cloud Resource 0008,LATAM,Sales,HIGH,INTERNAL,TRUSTED,ACTIVE,SYNTHETIC
CLOUD-0009,CLOUD_RESOURCE,Cloud Resource 0009,AP-NORTHEAST,HR,CRITICAL,INTERNAL,TRUSTED,ACTIVE,SYNTHETIC
CLOUD-0010,CLOUD_RESOURCE,Cloud Resource 0010,US-WEST,Commerce,LOW,INTERNAL,TRUSTED,ACTIVE,SYNTHETIC
CLOUD-0011,CLOUD_RESOURCE,Cloud Resource 0011,AP-SOUTH,Support,CRITICAL,INTERNAL,TRUSTED,ACTIVE,SYNTHETIC
CLOUD-0012,CLOUD_RESOURCE,Cloud Resource 0012,US-WEST,Manufacturing,MEDIUM,INTERNAL,TRUSTED,ACTIVE,SYNTHETIC
CLOUD-0013,CLOUD_RESOURCE,Cloud Resource 0013,LATAM,Finance,HIGH,INTERNAL,TRUSTED,ACTIVE,SYNTHETIC
CLOUD-0014,CLOUD_RESOURCE,Cloud Resource 0014,GLOBAL,Manufacturing,MEDIUM,INTERNAL,TRUSTED,ACTIVE,SYNTHETIC
CLOUD-0015,CLOUD_RESOURCE,Cloud Resource 0015,GLOBAL,Commerce,HIGH,INTERNAL,TRUSTED,ACTIVE,SYNTHETIC
CLOUD-0016,CLOUD_RESOURCE,Cloud Resource 0016,AP-SOUTH,Data,CRITICAL,INTERNAL,TRUSTED,ACTIVE,SYNTHETIC
CLOUD-0017,CLOUD_RESOURCE,Cloud Resource 0017,US-WEST,Legal,LOW,INTERNAL,TRUSTED,ACTIVE,SYNTHETIC
CLOUD-0018,CLOUD_RESOURCE,Cloud Resource 0018,AP-SOUTH,Legal,CRITICAL,INTERNAL,TRUSTED,ACTIVE,SYNTHETIC
CLOUD-0019,CLOUD_RESOURCE,Cloud Resource 0019,AP-NORTHEAST,Engineering,MEDIUM,INTERNAL,TRUSTED,ACTIVE,SYNTHETIC
CLOUD-0020,CLOUD_RESOURCE,Cloud Resource 0020,GLOBAL,Commerce,HIGH,INTERNAL,TRUSTED,ACTIVE,SYNTHETIC
CLOUD-0021,CLOUD_RESOURCE,Cloud Resource 0021,AP-SOUTH,Corporate,MEDIUM,INTERNAL,TRUSTED,ACTIVE,SYNTHETIC
CLOUD-0022,CLOUD_RESOURCE,Cloud Resource 0022,AP-SOUTH,Finance,MEDIUM,INTERNAL,TRUSTED,ACTIVE,SYNTHETIC
CLOUD-0023,CLOUD_RESOURCE,Cloud Resource 0023,EU-CENTRAL,Data,LOW,INTERNAL,TRUSTED,ACTIVE,SYNTHETIC
CLOUD-0024,CLOUD_RESOURCE,Cloud Resource 0024,US-WEST,Manufacturing,CRITICAL,INTERNAL,TRUSTED,ACTIVE,SYNTHETIC
CLOUD-0025,CLOUD_RESOURCE,Cloud Resource 0025,LATAM,Engineering,HIGH,INTERNAL,TRUSTED,ACTIVE,SYNTHETIC
CLOUD-0026,CLOUD_RESOURCE,Cloud Resource 0026,LATAM,Security,LOW,INTERNAL,TRUSTED,ACTIVE,SYNTHETIC
CLOUD-0027,CLOUD_RESOURCE,Cloud Resource 0027,US-WEST,Engineering,CRITICAL,INTERNAL,CONDITIONAL,ACTIVE,SYNTHETIC
CLOUD-0028,CLOUD_RESOURCE,Cloud Resource 0028,EU-CENTRAL,Finance,CRITICAL,INTERNAL,CONDITIONAL,ACTIVE,SYNTHETIC
CLOUD-0029,CLOUD_RESOURCE,Cloud Resource 0029,AP-NORTHEAST,HR,MEDIUM,INTERNAL,TRUSTED,ACTIVE,SYNTHETIC
CLOUD-0030,CLOUD_RESOURCE,Cloud Resource 0030,EU-WEST,Legal,HIGH,INTERNAL,TRUSTED,ACTIVE,SYNTHETIC
CLOUD-0031,CLOUD_RESOURCE,Cloud Resource 0031,US-EAST,Supply Chain,CRITICAL,INTERNAL,TRUSTED,ACTIVE,SYNTHETIC
CLOUD-0032,CLOUD_RESOURCE,Cloud Resource 0032,GLOBAL,Manufacturing,LOW,INTERNAL,TRUSTED,ACTIVE,SYNTHETIC
CLOUD-0033,CLOUD_RESOURCE,Cloud Resource 0033,US-WEST,Supply Chain,CRITICAL,INTERNAL,TRUSTED,ACTIVE,SYNTHETIC
CLOUD-0034,CLOUD_RESOURCE,Cloud Resource 0034,US-WEST,Supply Chain,HIGH,INTERNAL,TRUSTED,ACTIVE,SYNTHETIC
CLOUD-0035,CLOUD_RESOURCE,Cloud Resource 0035,GLOBAL,Engineering,LOW,INTERNAL,TRUSTED,ACTIVE,SYNTHETIC
CLOUD-0036,CLOUD_RESOURCE,Cloud Resource 0036,LATAM,Supply Chain,HIGH,INTERNAL,TRUSTED,ACTIVE,SYNTHETIC
CLOUD-0037,CLOUD_RESOURCE,Cloud Resource 0037,AP-NORTHEAST,Support,HIGH,INTERNAL,TRUSTED,ACTIVE,SYNTHETIC
CLOUD-0038,CLOUD_RESOURCE,Cloud Resource 0038,US-EAST,Manufacturing,MEDIUM,INTERNAL,TRUSTED,ACTIVE,SYNTHETIC
CLOUD-0039,CLOUD_RESOURCE,Cloud Resource 0039,US-WEST,Corporate,CRITICAL,INTERNAL,TRUSTED,ACTIVE,SYNTHETIC
CLOUD-0040,CLOUD_RESOURCE,Cloud Resource 0040,GLOBAL,Corporate,HIGH,INTERNAL,TRUSTED,ACTIVE,SYNTHETIC
CLOUD-0041,CLOUD_RESOURCE,Cloud Resource 0041,US-EAST,Engineering,CRITICAL,INTERNAL,TRUSTED,ACTIVE,SYNTHETIC
CLOUD-0042,CLOUD_RESOURCE,Cloud Resource 0042,EU-CENTRAL,Supply Chain,CRITICAL,INTERNAL,TRUSTED,ACTIVE,SYNTHETIC
CLOUD-0043,CLOUD_RESOURCE,Cloud Resource 0043,US-EAST,Data,LOW,INTERNAL,TRUSTED,ACTIVE,SYNTHETIC
CLOUD-0044,CLOUD_RESOURCE,Cloud Resource 0044,EU-CENTRAL,Security,LOW,INTERNAL,TRUSTED,ACTIVE,SYNTHETIC
CLOUD-0045,CLOUD_RESOURCE,Cloud Resource 0045,EU-WEST,Corporate,HIGH,INTERNAL,TRUSTED,ACTIVE,SYNTHETIC
CLOUD-0046,CLOUD_RESOURCE,Cloud Resource 0046,GLOBAL,Finance,CRITICAL,INTERNAL,TRUSTED,ACTIVE,SYNTHETIC
CLOUD-0047,CLOUD_RESOURCE,Cloud Resource 0047,US-WEST,HR,LOW,INTERNAL,CONDITIONAL,ACTIVE,SYNTHETIC
CLOUD-0048,CLOUD_RESOURCE,Cloud Resource 0048,EU-CENTRAL,Security,LOW,INTERNAL,TRUSTED,ACTIVE,SYNTHETIC
CLOUD-0049,CLOUD_RESOURCE,Cloud Resource 0049,LATAM,Commerce,HIGH,INTERNAL,TRUSTED,ACTIVE,SYNTHETIC
CLOUD-0050,CLOUD_RESOURCE,Cloud Resource 0050,AP-NORTHEAST,Finance,MEDIUM,INTERNAL,CONDITIONAL,ACTIVE,SYNTHETIC
CLOUD-0051,CLOUD_RESOURCE,Cloud Resource 0051,US-WEST,Sales,LOW,INTERNAL,TRUSTED,ACTIVE,SYNTHETIC
CLOUD-0052,CLOUD_RESOURCE,Cloud Resource 0052,GLOBAL,Sales,LOW,INTERNAL,CONDITIONAL,ACTIVE,SYNTHETIC
CLOUD-0053,CLOUD_RESOURCE,Cloud Resource 0053,AP-SOUTH,Engineering,CRITICAL,INTERNAL,TRUSTED,ACTIVE,SYNTHETIC
CLOUD-0054,CLOUD_RESOURCE,Cloud Resource 0054,EU-CENTRAL,Finance,HIGH,INTERNAL,TRUSTED,ACTIVE,SYNTHETIC
CLOUD-0055,CLOUD_RESOURCE,Cloud Resource 0055,US-WEST,Support,CRITICAL,INTERNAL,TRUSTED,ACTIVE,SYNTHETIC
CLOUD-0056,CLOUD_RESOURCE,Cloud Resource 0056,LATAM,Support,MEDIUM,INTERNAL,TRUSTED,ACTIVE,SYNTHETIC
CLOUD-0057,CLOUD_RESOURCE,Cloud Resource 0057,US-WEST,Engineering,CRITICAL,INTERNAL,TRUSTED,ACTIVE,SYNTHETIC
CLOUD-0058,CLOUD_RESOURCE,Cloud Resource 0058,US-WEST,Engineering,LOW,INTERNAL,TRUSTED,ACTIVE,SYNTHETIC
CLOUD-0059,CLOUD_RESOURCE,Cloud Resource 0059,US-EAST,Data,MEDIUM,INTERNAL,TRUSTED,ACTIVE,SYNTHETIC
CLOUD-0060,CLOUD_RESOURCE,Cloud Resource 0060,EU-CENTRAL,Engineering,HIGH,INTERNAL,TRUSTED,ACTIVE,SYNTHETIC
CLOUD-0061,CLOUD_RESOURCE,Cloud Resource 0061,AP-SOUTH,Commerce,CRITICAL,INTERNAL,TRUSTED,ACTIVE,SYNTHETIC
CLOUD-0062,CLOUD_RESOURCE,Cloud Resource 0062,US-EAST,Support,LOW,INTERNAL,TRUSTED,ACTIVE,SYNTHETIC
CLOUD-0063,CLOUD_RESOURCE,Cloud Resource 0063,LATAM,Supply Chain,HIGH,INTERNAL,TRUSTED,ACTIVE,SYNTHETIC
CLOUD-0064,CLOUD_RESOURCE,Cloud Resource 0064,EU-WEST,Finance,HIGH,INTERNAL,TRUSTED,ACTIVE,SYNTHETIC
CLOUD-0065,CLOUD_RESOURCE,Cloud Resource 0065,EU-WEST,HR,HIGH,INTERNAL,TRUSTED,ACTIVE,SYNTHETIC
CLOUD-0066,CLOUD_RESOURCE,Cloud Resource 0066,US-WEST,Data,MEDIUM,INTERNAL,TRUSTED,ACTIVE,SYNTHETIC
CLOUD-0067,CLOUD_RESOURCE,Cloud Resource 0067,LATAM,Manufacturing,CRITICAL,INTERNAL,TRUSTED,ACTIVE,SYNTHETIC
CLOUD-0068,CLOUD_RESOURCE,Cloud Resource 0068,US-EAST,Legal,HIGH,INTERNAL,CONDITIONAL,ACTIVE,SYNTHETIC
CLOUD-0069,CLOUD_RESOURCE,Cloud Resource 0069,AP-NORTHEAST,Commerce,CRITICAL,INTERNAL,TRUSTED,ACTIVE,SYNTHETIC
CLOUD-0070,CLOUD_RESOURCE,Cloud Resource 0070,EU-CENTRAL,Commerce,MEDIUM,INTERNAL,TRUSTED,ACTIVE,SYNTHETIC
CLOUD-0071,CLOUD_RESOURCE,Cloud Resource 0071,US-EAST,HR,CRITICAL,INTERNAL,TRUSTED,ACTIVE,SYNTHETIC
CLOUD-0072,CLOUD_RESOURCE,Cloud Resource 0072,AP-SOUTH,Data,CRITICAL,INTERNAL,TRUSTED,ACTIVE,SYNTHETIC
CLOUD-0073,CLOUD_RESOURCE,Cloud Resource 0073,US-EAST,Support,HIGH,INTERNAL,TRUSTED,ACTIVE,SYNTHETIC
CLOUD-0074,CLOUD_RESOURCE,Cloud Resource 0074,AP-SOUTH,Security,HIGH,INTERNAL,TRUSTED,ACTIVE,SYNTHETIC
CLOUD-0075,CLOUD_RESOURCE,Cloud Resource 0075,US-EAST,Sales,LOW,INTERNAL,TRUSTED,ACTIVE,SYNTHETIC
CLOUD-0076,CLOUD_RESOURCE,Cloud Resource 0076,GLOBAL,Security,LOW,INTERNAL,CONDITIONAL,ACTIVE,SYNTHETIC
CLOUD-0077,CLOUD_RESOURCE,Cloud Resource 0077,US-EAST,Engineering,CRITICAL,INTERNAL,TRUSTED,ACTIVE,SYNTHETIC
CLOUD-0078,CLOUD_RESOURCE,Cloud Resource 0078,US-EAST,Engineering,HIGH,INTERNAL,TRUSTED,ACTIVE,SYNTHETIC
CLOUD-0079,CLOUD_RESOURCE,Cloud Resource 0079,EU-CENTRAL,Supply Chain,HIGH,INTERNAL,TRUSTED,ACTIVE,SYNTHETIC
CLOUD-0080,CLOUD_RESOURCE,Cloud Resource 0080,EU-CENTRAL,HR,CRITICAL,INTERNAL,TRUSTED,ACTIVE,SYNTHETIC
CLOUD-0081,CLOUD_RESOURCE,Cloud Resource 0081,US-EAST,Corporate,CRITICAL,INTERNAL,CONDITIONAL,ACTIVE,SYNTHETIC
CLOUD-0082,CLOUD_RESOURCE,Cloud Resource 0082,LATAM,Finance,MEDIUM,INTERNAL,TRUSTED,ACTIVE,SYNTHETIC
CLOUD-0083,CLOUD_RESOURCE,Cloud Resource 0083,AP-NORTHEAST,Supply Chain,MEDIUM,INTERNAL,TRUSTED,ACTIVE,SYNTHETIC
CLOUD-0084,CLOUD_RESOURCE,Cloud Resource 0084,LATAM,Legal,MEDIUM,INTERNAL,TRUSTED,ACTIVE,SYNTHETIC
CLOUD-0085,CLOUD_RESOURCE,Cloud Resource 0085,AP-SOUTH,HR,LOW,INTERNAL,TRUSTED,ACTIVE,SYNTHETIC
CLOUD-0086,CLOUD_RESOURCE,Cloud Resource 0086,AP-NORTHEAST,Supply Chain,LOW,INTERNAL,TRUSTED,ACTIVE,SYNTHETIC
CLOUD-0087,CLOUD_RESOURCE,Cloud Resource 0087,AP-NORTHEAST,Support,MEDIUM,INTERNAL,TRUSTED,ACTIVE,SYNTHETIC
CLOUD-0088,CLOUD_RESOURCE,Cloud Resource 0088,AP-SOUTH,Manufacturing,CRITICAL,INTERNAL,TRUSTED,ACTIVE,SYNTHETIC
CLOUD-0089,CLOUD_RESOURCE,Cloud Resource 0089,EU-CENTRAL,Corporate,LOW,INTERNAL,TRUSTED,ACTIVE,SYNTHETIC
CLOUD-0090,CLOUD_RESOURCE,Cloud Resource 0090,EU-WEST,Manufacturing,LOW,INTERNAL,CONDITIONAL,ACTIVE,SYNTHETIC
CLOUD-0091,CLOUD_RESOURCE,Cloud Resource 0091,EU-CENTRAL,HR,MEDIUM,INTERNAL,TRUSTED,ACTIVE,SYNTHETIC
CLOUD-0092,CLOUD_RESOURCE,Cloud Resource 0092,US-EAST,Manufacturing,MEDIUM,INTERNAL,TRUSTED,ACTIVE,SYNTHETIC
CLOUD-0093,CLOUD_RESOURCE,Cloud Resource 0093,US-WEST,Security,CRITICAL,INTERNAL,TRUSTED,ACTIVE,SYNTHETIC
CLOUD-0094,CLOUD_RESOURCE,Cloud Resource 0094,AP-NORTHEAST,Supply Chain,MEDIUM,INTERNAL,TRUSTED,ACTIVE,SYNTHETIC
CLOUD-0095,CLOUD_RESOURCE,Cloud Resource 0095,US-EAST,Security,CRITICAL,INTERNAL,TRUSTED,ACTIVE,SYNTHETIC
CLOUD-0096,CLOUD_RESOURCE,Cloud Resource 0096,EU-CENTRAL,Support,HIGH,INTERNAL,TRUSTED,ACTIVE,SYNTHETIC
CLOUD-0097,CLOUD_RESOURCE,Cloud Resource 0097,LATAM,Sales,LOW,INTERNAL,TRUSTED,ACTIVE,SYNTHETIC
CLOUD-0098,CLOUD_RESOURCE,Cloud Resource 0098,AP-NORTHEAST,Data,LOW,INTERNAL,TRUSTED,ACTIVE,SYNTHETIC
CLOUD-0099,CLOUD_RESOURCE,Cloud Resource 0099,US-WEST,Support,CRITICAL,INTERNAL,TRUSTED,ACTIVE,SYNTHETIC
CLOUD-0100,CLOUD_RESOURCE,Cloud Resource 0100,US-EAST,Corporate,HIGH,INTERNAL,TRUSTED,ACTIVE,SYNTHETIC
CLOUD-0101,CLOUD_RESOURCE,Cloud Resource 0101,AP-NORTHEAST,Legal,LOW,INTERNAL,TRUSTED,ACTIVE,SYNTHETIC
CLOUD-0102,CLOUD_RESOURCE,Cloud Resource 0102,AP-NORTHEAST,Data,MEDIUM,INTERNAL,TRUSTED,ACTIVE,SYNTHETIC
CLOUD-0103,CLOUD_RESOURCE,Cloud Resource 0103,US-EAST,Finance,HIGH,INTERNAL,TRUSTED,ACTIVE,SYNTHETIC
CLOUD-0104,CLOUD_RESOURCE,Cloud Resource 0104,LATAM,Corporate,LOW,INTERNAL,TRUSTED,ACTIVE,SYNTHETIC
CLOUD-0105,CLOUD_RESOURCE,Cloud Resource 0105,EU-CENTRAL,Legal,CRITICAL,INTERNAL,TRUSTED,ACTIVE,SYNTHETIC
CLOUD-0106,CLOUD_RESOURCE,Cloud Resource 0106,AP-SOUTH,Support,CRITICAL,INTERNAL,TRUSTED,ACTIVE,SYNTHETIC
CLOUD-0107,CLOUD_RESOURCE,Cloud Resource 0107,US-EAST,Legal,CRITICAL,INTERNAL,TRUSTED,ACTIVE,SYNTHETIC
CLOUD-0108,CLOUD_RESOURCE,Cloud Resource 0108,EU-CENTRAL,Security,CRITICAL,INTERNAL,TRUSTED,ACTIVE,SYNTHETIC
CLOUD-0109,CLOUD_RESOURCE,Cloud Resource 0109,EU-CENTRAL,Manufacturing,CRITICAL,INTERNAL,CONDITIONAL,ACTIVE,SYNTHETIC
CLOUD-0110,CLOUD_RESOURCE,Cloud Resource 0110,AP-NORTHEAST,Commerce,MEDIUM,INTERNAL,TRUSTED,ACTIVE,SYNTHETIC
CLOUD-0111,CLOUD_RESOURCE,Cloud Resource 0111,EU-WEST,Security,LOW,INTERNAL,TRUSTED,ACTIVE,SYNTHETIC
CLOUD-0112,CLOUD_RESOURCE,Cloud Resource 0112,US-WEST,Manufacturing,CRITICAL,INTERNAL,TRUSTED,ACTIVE,SYNTHETIC
CLOUD-0113,CLOUD_RESOURCE,Cloud Resource 0113,EU-WEST,Security,MEDIUM,INTERNAL,TRUSTED,ACTIVE,SYNTHETIC
CLOUD-0114,CLOUD_RESOURCE,Cloud Resource 0114,AP-NORTHEAST,Security,HIGH,INTERNAL,TRUSTED,ACTIVE,SYNTHETIC
CLOUD-0115,CLOUD_RESOURCE,Cloud Resource 0115,EU-WEST,Supply Chain,LOW,INTERNAL,TRUSTED,ACTIVE,SYNTHETIC
CLOUD-0116,CLOUD_RESOURCE,Cloud Resource 0116,LATAM,Commerce,MEDIUM,INTERNAL,CONDITIONAL,ACTIVE,SYNTHETIC
CLOUD-0117,CLOUD_RESOURCE,Cloud Resource 0117,LATAM,Finance,LOW,INTERNAL,TRUSTED,ACTIVE,SYNTHETIC
CLOUD-0118,CLOUD_RESOURCE,Cloud Resource 0118,US-WEST,Sales,MEDIUM,INTERNAL,TRUSTED,ACTIVE,SYNTHETIC
CLOUD-0119,CLOUD_RESOURCE,Cloud Resource 0119,AP-SOUTH,HR,LOW,INTERNAL,TRUSTED,ACTIVE,SYNTHETIC
CLOUD-0120,CLOUD_RESOURCE,Cloud Resource 0120,AP-SOUTH,Sales,HIGH,INTERNAL,TRUSTED,ACTIVE,SYNTHETIC
CLOUD-0121,CLOUD_RESOURCE,Cloud Resource 0121,AP-SOUTH,Finance,LOW,INTERNAL,TRUSTED,ACTIVE,SYNTHETIC
CLOUD-0122,CLOUD_RESOURCE,Cloud Resource 0122,AP-SOUTH,Manufacturing,HIGH,INTERNAL,TRUSTED,ACTIVE,SYNTHETIC
CLOUD-0123,CLOUD_RESOURCE,Cloud Resource 0123,AP-NORTHEAST,Data,MEDIUM,INTERNAL,TRUSTED,ACTIVE,SYNTHETIC
CLOUD-0124,CLOUD_RESOURCE,Cloud Resource 0124,US-WEST,Sales,LOW,INTERNAL,TRUSTED,ACTIVE,SYNTHETIC
CLOUD-0125,CLOUD_RESOURCE,Cloud Resource 0125,AP-NORTHEAST,Finance,HIGH,INTERNAL,TRUSTED,ACTIVE,SYNTHETIC
CLOUD-0126,CLOUD_RESOURCE,Cloud Resource 0126,GLOBAL,Support,LOW,INTERNAL,TRUSTED,ACTIVE,SYNTHETIC
CLOUD-0127,CLOUD_RESOURCE,Cloud Resource 0127,EU-CENTRAL,Finance,LOW,INTERNAL,TRUSTED,ACTIVE,SYNTHETIC
CLOUD-0128,CLOUD_RESOURCE,Cloud Resource 0128,EU-CENTRAL,Supply Chain,MEDIUM,INTERNAL,CONDITIONAL,ACTIVE,SYNTHETIC
CLOUD-0129,CLOUD_RESOURCE,Cloud Resource 0129,EU-CENTRAL,Finance,HIGH,INTERNAL,TRUSTED,ACTIVE,SYNTHETIC
CLOUD-0130,CLOUD_RESOURCE,Cloud Resource 0130,GLOBAL,Commerce,CRITICAL,INTERNAL,TRUSTED,ACTIVE,SYNTHETIC
CLOUD-0131,CLOUD_RESOURCE,Cloud Resource 0131,EU-WEST,Corporate,LOW,INTERNAL,TRUSTED,ACTIVE,SYNTHETIC
CLOUD-0132,CLOUD_RESOURCE,Cloud Resource 0132,US-EAST,Data,HIGH,INTERNAL,TRUSTED,ACTIVE,SYNTHETIC
CLOUD-0133,CLOUD_RESOURCE,Cloud Resource 0133,GLOBAL,Manufacturing,LOW,INTERNAL,TRUSTED,ACTIVE,SYNTHETIC
CLOUD-0134,CLOUD_RESOURCE,Cloud Resource 0134,US-EAST,Legal,CRITICAL,INTERNAL,TRUSTED,ACTIVE,SYNTHETIC
CLOUD-0135,CLOUD_RESOURCE,Cloud Resource 0135,US-EAST,Support,CRITICAL,INTERNAL,TRUSTED,ACTIVE,SYNTHETIC
CLOUD-0136,CLOUD_RESOURCE,Cloud Resource 0136,EU-CENTRAL,Security,LOW,INTERNAL,TRUSTED,ACTIVE,SYNTHETIC
CLOUD-0137,CLOUD_RESOURCE,Cloud Resource 0137,EU-CENTRAL,Commerce,HIGH,INTERNAL,TRUSTED,ACTIVE,SYNTHETIC
CLOUD-0138,CLOUD_RESOURCE,Cloud Resource 0138,US-WEST,Engineering,HIGH,INTERNAL,TRUSTED,ACTIVE,SYNTHETIC
CLOUD-0139,CLOUD_RESOURCE,Cloud Resource 0139,AP-SOUTH,Commerce,MEDIUM,INTERNAL,TRUSTED,ACTIVE,SYNTHETIC
CLOUD-0140,CLOUD_RESOURCE,Cloud Resource 0140,US-EAST,Sales,LOW,INTERNAL,TRUSTED,ACTIVE,SYNTHETIC
CLOUD-0141,CLOUD_RESOURCE,Cloud Resource 0141,EU-WEST,Security,MEDIUM,INTERNAL,TRUSTED,ACTIVE,SYNTHETIC
CLOUD-0142,CLOUD_RESOURCE,Cloud Resource 0142,AP-NORTHEAST,Security,HIGH,INTERNAL,TRUSTED,ACTIVE,SYNTHETIC
CLOUD-0143,CLOUD_RESOURCE,Cloud Resource 0143,GLOBAL,Security,MEDIUM,INTERNAL,TRUSTED,ACTIVE,SYNTHETIC
CLOUD-0144,CLOUD_RESOURCE,Cloud Resource 0144,US-WEST,Manufacturing,LOW,INTERNAL,TRUSTED,ACTIVE,SYNTHETIC
CLOUD-0145,CLOUD_RESOURCE,Cloud Resource 0145,AP-NORTHEAST,Data,CRITICAL,INTERNAL,TRUSTED,ACTIVE,SYNTHETIC
CLOUD-0146,CLOUD_RESOURCE,Cloud Resource 0146,US-WEST,Finance,HIGH,INTERNAL,TRUSTED,ACTIVE,SYNTHETIC
CLOUD-0147,CLOUD_RESOURCE,Cloud Resource 0147,LATAM,Engineering,HIGH,INTERNAL,TRUSTED,ACTIVE,SYNTHETIC
CLOUD-0148,CLOUD_RESOURCE,Cloud Resource 0148,EU-CENTRAL,Sales,HIGH,INTERNAL,TRUSTED,ACTIVE,SYNTHETIC
CLOUD-0149,CLOUD_RESOURCE,Cloud Resource 0149,EU-WEST,Sales,MEDIUM,INTERNAL,TRUSTED,ACTIVE,SYNTHETIC
CLOUD-0150,CLOUD_RESOURCE,Cloud Resource 0150,AP-NORTHEAST,Corporate,LOW,INTERNAL,TRUSTED,ACTIVE,SYNTHETIC
CLOUD-0151,CLOUD_RESOURCE,Cloud Resource 0151,GLOBAL,Manufacturing,MEDIUM,INTERNAL,TRUSTED,ACTIVE,SYNTHETIC
CLOUD-0152,CLOUD_RESOURCE,Cloud Resource 0152,LATAM,Legal,LOW,INTERNAL,TRUSTED,ACTIVE,SYNTHETIC
CLOUD-0153,CLOUD_RESOURCE,Cloud Resource 0153,AP-SOUTH,Corporate,HIGH,INTERNAL,CONDITIONAL,ACTIVE,SYNTHETIC
CLOUD-0154,CLOUD_RESOURCE,Cloud Resource 0154,EU-CENTRAL,Corporate,LOW,INTERNAL,TRUSTED,ACTIVE,SYNTHETIC
CLOUD-0155,CLOUD_RESOURCE,Cloud Resource 0155,EU-WEST,Security,MEDIUM,INTERNAL,TRUSTED,ACTIVE,SYNTHETIC
CLOUD-0156,CLOUD_RESOURCE,Cloud Resource 0156,EU-WEST,Security,HIGH,INTERNAL,TRUSTED,ACTIVE,SYNTHETIC
CLOUD-0157,CLOUD_RESOURCE,Cloud Resource 0157,GLOBAL,Sales,HIGH,INTERNAL,TRUSTED,ACTIVE,SYNTHETIC
CLOUD-0158,CLOUD_RESOURCE,Cloud Resource 0158,EU-WEST,Support,HIGH,INTERNAL,TRUSTED,ACTIVE,SYNTHETIC
CLOUD-0159,CLOUD_RESOURCE,Cloud Resource 0159,US-WEST,Manufacturing,CRITICAL,INTERNAL,TRUSTED,ACTIVE,SYNTHETIC
CLOUD-0160,CLOUD_RESOURCE,Cloud Resource 0160,EU-WEST,Manufacturing,HIGH,INTERNAL,TRUSTED,ACTIVE,SYNTHETIC
CLOUD-0161,CLOUD_RESOURCE,Cloud Resource 0161,EU-WEST,Corporate,MEDIUM,INTERNAL,TRUSTED,ACTIVE,SYNTHETIC
CLOUD-0162,CLOUD_RESOURCE,Cloud Resource 0162,LATAM,HR,CRITICAL,INTERNAL,TRUSTED,ACTIVE,SYNTHETIC
CLOUD-0163,CLOUD_RESOURCE,Cloud Resource 0163,AP-NORTHEAST,Finance,MEDIUM,INTERNAL,CONDITIONAL,ACTIVE,SYNTHETIC
CLOUD-0164,CLOUD_RESOURCE,Cloud Resource 0164,AP-NORTHEAST,Finance,HIGH,INTERNAL,TRUSTED,ACTIVE,SYNTHETIC
CLOUD-0165,CLOUD_RESOURCE,Cloud Resource 0165,EU-WEST,HR,LOW,INTERNAL,TRUSTED,ACTIVE,SYNTHETIC
CLOUD-0166,CLOUD_RESOURCE,Cloud Resource 0166,AP-NORTHEAST,Sales,CRITICAL,INTERNAL,TRUSTED,ACTIVE,SYNTHETIC
CLOUD-0167,CLOUD_RESOURCE,Cloud Resource 0167,AP-SOUTH,Sales,LOW,INTERNAL,TRUSTED,ACTIVE,SYNTHETIC
CLOUD-0168,CLOUD_RESOURCE,Cloud Resource 0168,EU-CENTRAL,Security,CRITICAL,INTERNAL,TRUSTED,ACTIVE,SYNTHETIC
CLOUD-0169,CLOUD_RESOURCE,Cloud Resource 0169,US-EAST,Finance,LOW,INTERNAL,TRUSTED,ACTIVE,SYNTHETIC
CLOUD-0170,CLOUD_RESOURCE,Cloud Resource 0170,US-WEST,Support,LOW,INTERNAL,TRUSTED,ACTIVE,SYNTHETIC
CLOUD-0171,CLOUD_RESOURCE,Cloud Resource 0171,GLOBAL,Commerce,LOW,INTERNAL,CONDITIONAL,ACTIVE,SYNTHETIC
CLOUD-0172,CLOUD_RESOURCE,Cloud Resource 0172,AP-NORTHEAST,Manufacturing,MEDIUM,INTERNAL,TRUSTED,ACTIVE,SYNTHETIC
CLOUD-0173,CLOUD_RESOURCE,Cloud Resource 0173,EU-CENTRAL,Finance,LOW,INTERNAL,TRUSTED,ACTIVE,SYNTHETIC
CLOUD-0174,CLOUD_RESOURCE,Cloud Resource 0174,GLOBAL,Legal,LOW,INTERNAL,TRUSTED,ACTIVE,SYNTHETIC
CLOUD-0175,CLOUD_RESOURCE,Cloud Resource 0175,EU-CENTRAL,Support,LOW,INTERNAL,TRUSTED,ACTIVE,SYNTHETIC
CLOUD-0176,CLOUD_RESOURCE,Cloud Resource 0176,EU-WEST,Engineering,LOW,INTERNAL,TRUSTED,ACTIVE,SYNTHETIC
CLOUD-0177,CLOUD_RESOURCE,Cloud Resource 0177,US-EAST,Support,HIGH,INTERNAL,TRUSTED,ACTIVE,SYNTHETIC
CLOUD-0178,CLOUD_RESOURCE,Cloud Resource 0178,AP-NORTHEAST,Corporate,HIGH,INTERNAL,TRUSTED,ACTIVE,SYNTHETIC
CLOUD-0179,CLOUD_RESOURCE,Cloud Resource 0179,AP-NORTHEAST,Sales,MEDIUM,INTERNAL,TRUSTED,ACTIVE,SYNTHETIC
CLOUD-0180,CLOUD_RESOURCE,Cloud Resource 0180,EU-CENTRAL,Commerce,HIGH,INTERNAL,TRUSTED,ACTIVE,SYNTHETIC
CLOUD-0181,CLOUD_RESOURCE,Cloud Resource 0181,GLOBAL,Data,LOW,INTERNAL,TRUSTED,ACTIVE,SYNTHETIC
CLOUD-0182,CLOUD_RESOURCE,Cloud Resource 0182,AP-SOUTH,Commerce,CRITICAL,INTERNAL,TRUSTED,ACTIVE,SYNTHETIC
CLOUD-0183,CLOUD_RESOURCE,Cloud Resource 0183,US-WEST,Commerce,CRITICAL,INTERNAL,TRUSTED,ACTIVE,SYNTHETIC
CLOUD-0184,CLOUD_RESOURCE,Cloud Resource 0184,EU-WEST,Security,HIGH,INTERNAL,TRUSTED,ACTIVE,SYNTHETIC
CLOUD-0185,CLOUD_RESOURCE,Cloud Resource 0185,EU-CENTRAL,HR,MEDIUM,INTERNAL,TRUSTED,ACTIVE,SYNTHETIC
CLOUD-0186,CLOUD_RESOURCE,Cloud Resource 0186,AP-SOUTH,HR,HIGH,INTERNAL,TRUSTED,ACTIVE,SYNTHETIC
CLOUD-0187,CLOUD_RESOURCE,Cloud Resource 0187,US-WEST,Legal,HIGH,INTERNAL,TRUSTED,ACTIVE,SYNTHETIC
CLOUD-0188,CLOUD_RESOURCE,Cloud Resource 0188,GLOBAL,Security,HIGH,INTERNAL,CONDITIONAL,ACTIVE,SYNTHETIC
CLOUD-0189,CLOUD_RESOURCE,Cloud Resource 0189,AP-NORTHEAST,HR,CRITICAL,INTERNAL,TRUSTED,ACTIVE,SYNTHETIC
CLOUD-0190,CLOUD_RESOURCE,Cloud Resource 0190,LATAM,Commerce,MEDIUM,INTERNAL,TRUSTED,ACTIVE,SYNTHETIC
CLOUD-0191,CLOUD_RESOURCE,Cloud Resource 0191,AP-NORTHEAST,HR,MEDIUM,INTERNAL,TRUSTED,ACTIVE,SYNTHETIC
CLOUD-0192,CLOUD_RESOURCE,Cloud Resource 0192,US-EAST,Security,MEDIUM,INTERNAL,TRUSTED,ACTIVE,SYNTHETIC
CLOUD-0193,CLOUD_RESOURCE,Cloud Resource 0193,US-WEST,Manufacturing,CRITICAL,INTERNAL,TRUSTED,ACTIVE,SYNTHETIC
CLOUD-0194,CLOUD_RESOURCE,Cloud Resource 0194,AP-SOUTH,Manufacturing,HIGH,INTERNAL,TRUSTED,ACTIVE,SYNTHETIC
CLOUD-0195,CLOUD_RESOURCE,Cloud Resource 0195,AP-SOUTH,Support,MEDIUM,INTERNAL,TRUSTED,ACTIVE,SYNTHETIC
CLOUD-0196,CLOUD_RESOURCE,Cloud Resource 0196,AP-NORTHEAST,Legal,CRITICAL,INTERNAL,TRUSTED,ACTIVE,SYNTHETIC
CLOUD-0197,CLOUD_RESOURCE,Cloud Resource 0197,EU-CENTRAL,Sales,CRITICAL,INTERNAL,TRUSTED,ACTIVE,SYNTHETIC
CLOUD-0198,CLOUD_RESOURCE,Cloud Resource 0198,LATAM,Finance,HIGH,INTERNAL,TRUSTED,ACTIVE,SYNTHETIC
CLOUD-0199,CLOUD_RESOURCE,Cloud Resource 0199,AP-NORTHEAST,Data,MEDIUM,INTERNAL,TRUSTED,ACTIVE,SYNTHETIC
CLOUD-0200,CLOUD_RESOURCE,Cloud Resource 0200,LATAM,Legal,LOW,INTERNAL,TRUSTED,ACTIVE,SYNTHETIC
CLOUD-0201,CLOUD_RESOURCE,Cloud Resource 0201,GLOBAL,Corporate,HIGH,INTERNAL,TRUSTED,ACTIVE,SYNTHETIC
CLOUD-0202,CLOUD_RESOURCE,Cloud Resource 0202,GLOBAL,Legal,MEDIUM,INTERNAL,TRUSTED,ACTIVE,SYNTHETIC
CLOUD-0203,CLOUD_RESOURCE,Cloud Resource 0203,US-EAST,Support,LOW,INTERNAL,TRUSTED,ACTIVE,SYNTHETIC
CLOUD-0204,CLOUD_RESOURCE,Cloud Resource 0204,EU-CENTRAL,Commerce,CRITICAL,INTERNAL,TRUSTED,ACTIVE,SYNTHETIC
CLOUD-0205,CLOUD_RESOURCE,Cloud Resource 0205,EU-CENTRAL,Finance,CRITICAL,INTERNAL,TRUSTED,ACTIVE,SYNTHETIC
CLOUD-0206,CLOUD_RESOURCE,Cloud Resource 0206,EU-WEST,Security,MEDIUM,INTERNAL,TRUSTED,ACTIVE,SYNTHETIC
CLOUD-0207,CLOUD_RESOURCE,Cloud Resource 0207,US-WEST,Corporate,CRITICAL,INTERNAL,TRUSTED,ACTIVE,SYNTHETIC
CLOUD-0208,CLOUD_RESOURCE,Cloud Resource 0208,AP-NORTHEAST,Corporate,CRITICAL,INTERNAL,TRUSTED,ACTIVE,SYNTHETIC
CLOUD-0209,CLOUD_RESOURCE,Cloud Resource 0209,EU-WEST,Sales,CRITICAL,INTERNAL,TRUSTED,ACTIVE,SYNTHETIC
CLOUD-0210,CLOUD_RESOURCE,Cloud Resource 0210,LATAM,Security,CRITICAL,INTERNAL,CONDITIONAL,ACTIVE,SYNTHETIC
CLOUD-0211,CLOUD_RESOURCE,Cloud Resource 0211,US-WEST,Engineering,LOW,INTERNAL,TRUSTED,ACTIVE,SYNTHETIC
CLOUD-0212,CLOUD_RESOURCE,Cloud Resource 0212,US-WEST,Corporate,HIGH,INTERNAL,CONDITIONAL,ACTIVE,SYNTHETIC
CLOUD-0213,CLOUD_RESOURCE,Cloud Resource 0213,US-WEST,HR,HIGH,INTERNAL,TRUSTED,ACTIVE,SYNTHETIC
CLOUD-0214,CLOUD_RESOURCE,Cloud Resource 0214,US-WEST,Finance,MEDIUM,INTERNAL,TRUSTED,ACTIVE,SYNTHETIC
CLOUD-0215,CLOUD_RESOURCE,Cloud Resource 0215,EU-CENTRAL,Data,HIGH,INTERNAL,TRUSTED,ACTIVE,SYNTHETIC
CLOUD-0216,CLOUD_RESOURCE,Cloud Resource 0216,EU-CENTRAL,Sales,HIGH,INTERNAL,TRUSTED,ACTIVE,SYNTHETIC
CLOUD-0217,CLOUD_RESOURCE,Cloud Resource 0217,US-WEST,Supply Chain,LOW,INTERNAL,TRUSTED,ACTIVE,SYNTHETIC
CLOUD-0218,CLOUD_RESOURCE,Cloud Resource 0218,AP-SOUTH,Commerce,HIGH,INTERNAL,TRUSTED,ACTIVE,SYNTHETIC
CLOUD-0219,CLOUD_RESOURCE,Cloud Resource 0219,AP-SOUTH,Commerce,CRITICAL,INTERNAL,TRUSTED,ACTIVE,SYNTHETIC
CLOUD-0220,CLOUD_RESOURCE,Cloud Resource 0220,AP-NORTHEAST,Sales,LOW,INTERNAL,TRUSTED,ACTIVE,SYNTHETIC
CLOUD-0221,CLOUD_RESOURCE,Cloud Resource 0221,EU-WEST,Sales,MEDIUM,INTERNAL,TRUSTED,ACTIVE,SYNTHETIC
CLOUD-0222,CLOUD_RESOURCE,Cloud Resource 0222,GLOBAL,Data,HIGH,INTERNAL,TRUSTED,ACTIVE,SYNTHETIC
CLOUD-0223,CLOUD_RESOURCE,Cloud Resource 0223,US-WEST,Support,LOW,INTERNAL,TRUSTED,ACTIVE,SYNTHETIC
CLOUD-0224,CLOUD_RESOURCE,Cloud Resource 0224,AP-NORTHEAST,Sales,LOW,INTERNAL,TRUSTED,ACTIVE,SYNTHETIC
CLOUD-0225,CLOUD_RESOURCE,Cloud Resource 0225,US-WEST,HR,MEDIUM,INTERNAL,TRUSTED,ACTIVE,SYNTHETIC
CLOUD-0226,CLOUD_RESOURCE,Cloud Resource 0226,EU-WEST,Supply Chain,MEDIUM,INTERNAL,TRUSTED,ACTIVE,SYNTHETIC
CLOUD-0227,CLOUD_RESOURCE,Cloud Resource 0227,US-WEST,Legal,CRITICAL,INTERNAL,TRUSTED,ACTIVE,SYNTHETIC
CLOUD-0228,CLOUD_RESOURCE,Cloud Resource 0228,AP-NORTHEAST,Data,HIGH,INTERNAL,TRUSTED,ACTIVE,SYNTHETIC
CLOUD-0229,CLOUD_RESOURCE,Cloud Resource 0229,US-EAST,Sales,HIGH,INTERNAL,TRUSTED,ACTIVE,SYNTHETIC
CLOUD-0230,CLOUD_RESOURCE,Cloud Resource 0230,EU-WEST,Corporate,LOW,INTERNAL,TRUSTED,ACTIVE,SYNTHETIC
CLOUD-0231,CLOUD_RESOURCE,Cloud Resource 0231,AP-SOUTH,Finance,LOW,INTERNAL,TRUSTED,ACTIVE,SYNTHETIC
CLOUD-0232,CLOUD_RESOURCE,Cloud Resource 0232,AP-NORTHEAST,Data,LOW,INTERNAL,CONDITIONAL,ACTIVE,SYNTHETIC
CLOUD-0233,CLOUD_RESOURCE,Cloud Resource 0233,EU-CENTRAL,Supply Chain,LOW,INTERNAL,TRUSTED,ACTIVE,SYNTHETIC
CLOUD-0234,CLOUD_RESOURCE,Cloud Resource 0234,EU-WEST,Support,MEDIUM,INTERNAL,TRUSTED,ACTIVE,SYNTHETIC
CLOUD-0235,CLOUD_RESOURCE,Cloud Resource 0235,EU-WEST,Corporate,LOW,INTERNAL,TRUSTED,ACTIVE,SYNTHETIC
CLOUD-0236,CLOUD_RESOURCE,Cloud Resource 0236,EU-WEST,Sales,LOW,INTERNAL,TRUSTED,ACTIVE,SYNTHETIC
CLOUD-0237,CLOUD_RESOURCE,Cloud Resource 0237,GLOBAL,Support,LOW,INTERNAL,CONDITIONAL,ACTIVE,SYNTHETIC
CLOUD-0238,CLOUD_RESOURCE,Cloud Resource 0238,LATAM,Supply Chain,LOW,INTERNAL,TRUSTED,ACTIVE,SYNTHETIC
CLOUD-0239,CLOUD_RESOURCE,Cloud Resource 0239,GLOBAL,Support,LOW,INTERNAL,TRUSTED,ACTIVE,SYNTHETIC
CLOUD-0240,CLOUD_RESOURCE,Cloud Resource 0240,US-EAST,Engineering,CRITICAL,INTERNAL,TRUSTED,ACTIVE,SYNTHETIC
CLOUD-0241,CLOUD_RESOURCE,Cloud Resource 0241,EU-CENTRAL,Sales,HIGH,INTERNAL,TRUSTED,ACTIVE,SYNTHETIC
CLOUD-0242,CLOUD_RESOURCE,Cloud Resource 0242,AP-NORTHEAST,Sales,MEDIUM,INTERNAL,TRUSTED,ACTIVE,SYNTHETIC
CLOUD-0243,CLOUD_RESOURCE,Cloud Resource 0243,GLOBAL,Engineering,CRITICAL,INTERNAL,TRUSTED,ACTIVE,SYNTHETIC
CLOUD-0244,CLOUD_RESOURCE,Cloud Resource 0244,AP-NORTHEAST,Manufacturing,HIGH,INTERNAL,CONDITIONAL,ACTIVE,SYNTHETIC
CLOUD-0245,CLOUD_RESOURCE,Cloud Resource 0245,US-WEST,Engineering,HIGH,INTERNAL,TRUSTED,ACTIVE,SYNTHETIC
CLOUD-0246,CLOUD_RESOURCE,Cloud Resource 0246,EU-WEST,Support,LOW,INTERNAL,TRUSTED,ACTIVE,SYNTHETIC
CLOUD-0247,CLOUD_RESOURCE,Cloud Resource 0247,AP-NORTHEAST,Finance,LOW,INTERNAL,TRUSTED,ACTIVE,SYNTHETIC
CLOUD-0248,CLOUD_RESOURCE,Cloud Resource 0248,EU-CENTRAL,Manufacturing,HIGH,INTERNAL,TRUSTED,ACTIVE,SYNTHETIC
CLOUD-0249,CLOUD_RESOURCE,Cloud Resource 0249,AP-SOUTH,HR,LOW,INTERNAL,CONDITIONAL,ACTIVE,SYNTHETIC
CLOUD-0250,CLOUD_RESOURCE,Cloud Resource 0250,US-WEST,Supply Chain,MEDIUM,INTERNAL,TRUSTED,ACTIVE,SYNTHETIC
CLOUD-0251,CLOUD_RESOURCE,Cloud Resource 0251,US-EAST,Engineering,HIGH,INTERNAL,TRUSTED,ACTIVE,SYNTHETIC
CLOUD-0252,CLOUD_RESOURCE,Cloud Resource 0252,US-EAST,Sales,CRITICAL,INTERNAL,TRUSTED,ACTIVE,SYNTHETIC
CLOUD-0253,CLOUD_RESOURCE,Cloud Resource 0253,EU-WEST,Supply Chain,MEDIUM,INTERNAL,TRUSTED,ACTIVE,SYNTHETIC
CLOUD-0254,CLOUD_RESOURCE,Cloud Resource 0254,LATAM,Security,MEDIUM,INTERNAL,TRUSTED,ACTIVE,SYNTHETIC
CLOUD-0255,CLOUD_RESOURCE,Cloud Resource 0255,US-EAST,Commerce,HIGH,INTERNAL,TRUSTED,ACTIVE,SYNTHETIC
CLOUD-0256,CLOUD_RESOURCE,Cloud Resource 0256,EU-WEST,Manufacturing,LOW,INTERNAL,TRUSTED,ACTIVE,SYNTHETIC
CLOUD-0257,CLOUD_RESOURCE,Cloud Resource 0257,US-EAST,HR,LOW,INTERNAL,TRUSTED,ACTIVE,SYNTHETIC
CLOUD-0258,CLOUD_RESOURCE,Cloud Resource 0258,EU-WEST,Legal,MEDIUM,INTERNAL,TRUSTED,ACTIVE,SYNTHETIC
CLOUD-0259,CLOUD_RESOURCE,Cloud Resource 0259,GLOBAL,Security,CRITICAL,INTERNAL,TRUSTED,ACTIVE,SYNTHETIC
CLOUD-0260,CLOUD_RESOURCE,Cloud Resource 0260,EU-CENTRAL,Corporate,LOW,INTERNAL,TRUSTED,ACTIVE,SYNTHETIC
CLOUD-0261,CLOUD_RESOURCE,Cloud Resource 0261,EU-WEST,Corporate,CRITICAL,INTERNAL,TRUSTED,ACTIVE,SYNTHETIC
CLOUD-0262,CLOUD_RESOURCE,Cloud Resource 0262,AP-NORTHEAST,Engineering,HIGH,INTERNAL,TRUSTED,ACTIVE,SYNTHETIC
CLOUD-0263,CLOUD_RESOURCE,Cloud Resource 0263,AP-SOUTH,HR,CRITICAL,INTERNAL,TRUSTED,ACTIVE,SYNTHETIC
CLOUD-0264,CLOUD_RESOURCE,Cloud Resource 0264,EU-CENTRAL,Data,HIGH,INTERNAL,TRUSTED,ACTIVE,SYNTHETIC
CLOUD-0265,CLOUD_RESOURCE,Cloud Resource 0265,EU-CENTRAL,Corporate,CRITICAL,INTERNAL,TRUSTED,ACTIVE,SYNTHETIC
CLOUD-0266,CLOUD_RESOURCE,Cloud Resource 0266,US-EAST,Manufacturing,MEDIUM,INTERNAL,TRUSTED,ACTIVE,SYNTHETIC
CLOUD-0267,CLOUD_RESOURCE,Cloud Resource 0267,AP-SOUTH,Engineering,MEDIUM,INTERNAL,CONDITIONAL,ACTIVE,SYNTHETIC
CLOUD-0268,CLOUD_RESOURCE,Cloud Resource 0268,LATAM,Data,LOW,INTERNAL,TRUSTED,ACTIVE,SYNTHETIC
CLOUD-0269,CLOUD_RESOURCE,Cloud Resource 0269,US-WEST,Corporate,MEDIUM,INTERNAL,TRUSTED,ACTIVE,SYNTHETIC
CLOUD-0270,CLOUD_RESOURCE,Cloud Resource 0270,AP-SOUTH,Manufacturing,CRITICAL,INTERNAL,TRUSTED,ACTIVE,SYNTHETIC
CLOUD-0271,CLOUD_RESOURCE,Cloud Resource 0271,GLOBAL,Supply Chain,MEDIUM,INTERNAL,TRUSTED,ACTIVE,SYNTHETIC
CLOUD-0272,CLOUD_RESOURCE,Cloud Resource 0272,LATAM,Finance,CRITICAL,INTERNAL,TRUSTED,ACTIVE,SYNTHETIC
CLOUD-0273,CLOUD_RESOURCE,Cloud Resource 0273,LATAM,Corporate,LOW,INTERNAL,TRUSTED,ACTIVE,SYNTHETIC
CLOUD-0274,CLOUD_RESOURCE,Cloud Resource 0274,AP-SOUTH,Manufacturing,MEDIUM,INTERNAL,TRUSTED,ACTIVE,SYNTHETIC
CLOUD-0275,CLOUD_RESOURCE,Cloud Resource 0275,GLOBAL,Commerce,LOW,INTERNAL,TRUSTED,ACTIVE,SYNTHETIC
CLOUD-0276,CLOUD_RESOURCE,Cloud Resource 0276,GLOBAL,Manufacturing,MEDIUM,INTERNAL,TRUSTED,ACTIVE,SYNTHETIC
CLOUD-0277,CLOUD_RESOURCE,Cloud Resource 0277,AP-SOUTH,Commerce,HIGH,INTERNAL,TRUSTED,ACTIVE,SYNTHETIC
CLOUD-0278,CLOUD_RESOURCE,Cloud Resource 0278,US-EAST,HR,MEDIUM,INTERNAL,TRUSTED,ACTIVE,SYNTHETIC
CLOUD-0279,CLOUD_RESOURCE,Cloud Resource 0279,EU-WEST,Finance,CRITICAL,INTERNAL,TRUSTED,ACTIVE,SYNTHETIC
CLOUD-0280,CLOUD_RESOURCE,Cloud Resource 0280,US-EAST,Engineering,CRITICAL,INTERNAL,TRUSTED,ACTIVE,SYNTHETIC
CLOUD-0281,CLOUD_RESOURCE,Cloud Resource 0281,GLOBAL,Finance,CRITICAL,INTERNAL,TRUSTED,ACTIVE,SYNTHETIC
CLOUD-0282,CLOUD_RESOURCE,Cloud Resource 0282,US-WEST,Corporate,MEDIUM,INTERNAL,TRUSTED,ACTIVE,SYNTHETIC
CLOUD-0283,CLOUD_RESOURCE,Cloud Resource 0283,US-EAST,Legal,HIGH,INTERNAL,TRUSTED,ACTIVE,SYNTHETIC
CLOUD-0284,CLOUD_RESOURCE,Cloud Resource 0284,EU-WEST,HR,LOW,INTERNAL,CONDITIONAL,ACTIVE,SYNTHETIC
CLOUD-0285,CLOUD_RESOURCE,Cloud Resource 0285,EU-CENTRAL,Engineering,LOW,INTERNAL,TRUSTED,ACTIVE,SYNTHETIC
CLOUD-0286,CLOUD_RESOURCE,Cloud Resource 0286,US-WEST,HR,CRITICAL,INTERNAL,TRUSTED,ACTIVE,SYNTHETIC
CLOUD-0287,CLOUD_RESOURCE,Cloud Resource 0287,US-EAST,Corporate,CRITICAL,INTERNAL,TRUSTED,ACTIVE,SYNTHETIC
CLOUD-0288,CLOUD_RESOURCE,Cloud Resource 0288,EU-CENTRAL,Engineering,LOW,INTERNAL,TRUSTED,ACTIVE,SYNTHETIC
CLOUD-0289,CLOUD_RESOURCE,Cloud Resource 0289,US-EAST,Security,LOW,INTERNAL,TRUSTED,ACTIVE,SYNTHETIC
CLOUD-0290,CLOUD_RESOURCE,Cloud Resource 0290,GLOBAL,HR,CRITICAL,INTERNAL,TRUSTED,ACTIVE,SYNTHETIC
CLOUD-0291,CLOUD_RESOURCE,Cloud Resource 0291,EU-CENTRAL,Finance,CRITICAL,INTERNAL,CONDITIONAL,ACTIVE,SYNTHETIC
CLOUD-0292,CLOUD_RESOURCE,Cloud Resource 0292,EU-CENTRAL,Manufacturing,HIGH,INTERNAL,TRUSTED,ACTIVE,SYNTHETIC
CLOUD-0293,CLOUD_RESOURCE,Cloud Resource 0293,AP-SOUTH,Finance,CRITICAL,INTERNAL,TRUSTED,ACTIVE,SYNTHETIC
CLOUD-0294,CLOUD_RESOURCE,Cloud Resource 0294,EU-WEST,Security,MEDIUM,INTERNAL,TRUSTED,ACTIVE,SYNTHETIC
CLOUD-0295,CLOUD_RESOURCE,Cloud Resource 0295,AP-NORTHEAST,Security,HIGH,INTERNAL,TRUSTED,ACTIVE,SYNTHETIC
CLOUD-0296,CLOUD_RESOURCE,Cloud Resource 0296,US-EAST,Manufacturing,CRITICAL,INTERNAL,TRUSTED,ACTIVE,SYNTHETIC
CLOUD-0297,CLOUD_RESOURCE,Cloud Resource 0297,EU-WEST,Data,CRITICAL,INTERNAL,TRUSTED,ACTIVE,SYNTHETIC
CLOUD-0298,CLOUD_RESOURCE,Cloud Resource 0298,EU-CENTRAL,Engineering,LOW,INTERNAL,TRUSTED,ACTIVE,SYNTHETIC
CLOUD-0299,CLOUD_RESOURCE,Cloud Resource 0299,AP-NORTHEAST,Data,MEDIUM,INTERNAL,TRUSTED,ACTIVE,SYNTHETIC
CLOUD-0300,CLOUD_RESOURCE,Cloud Resource 0300,US-EAST,Sales,CRITICAL,INTERNAL,TRUSTED,ACTIVE,SYNTHETIC
CLOUD-0301,CLOUD_RESOURCE,Cloud Resource 0301,EU-CENTRAL,Engineering,LOW,INTERNAL,CONDITIONAL,ACTIVE,SYNTHETIC
CLOUD-0302,CLOUD_RESOURCE,Cloud Resource 0302,EU-CENTRAL,Legal,LOW,INTERNAL,CONDITIONAL,ACTIVE,SYNTHETIC
CLOUD-0303,CLOUD_RESOURCE,Cloud Resource 0303,AP-SOUTH,Sales,HIGH,INTERNAL,TRUSTED,ACTIVE,SYNTHETIC
CLOUD-0304,CLOUD_RESOURCE,Cloud Resource 0304,AP-SOUTH,Security,LOW,INTERNAL,TRUSTED,ACTIVE,SYNTHETIC
CLOUD-0305,CLOUD_RESOURCE,Cloud Resource 0305,US-EAST,Commerce,MEDIUM,INTERNAL,TRUSTED,ACTIVE,SYNTHETIC
CLOUD-0306,CLOUD_RESOURCE,Cloud Resource 0306,EU-WEST,Commerce,HIGH,INTERNAL,TRUSTED,ACTIVE,SYNTHETIC
CLOUD-0307,CLOUD_RESOURCE,Cloud Resource 0307,GLOBAL,Finance,CRITICAL,INTERNAL,TRUSTED,ACTIVE,SYNTHETIC
CLOUD-0308,CLOUD_RESOURCE,Cloud Resource 0308,AP-NORTHEAST,HR,HIGH,INTERNAL,TRUSTED,ACTIVE,SYNTHETIC
CLOUD-0309,CLOUD_RESOURCE,Cloud Resource 0309,AP-SOUTH,Security,MEDIUM,INTERNAL,TRUSTED,ACTIVE,SYNTHETIC
CLOUD-0310,CLOUD_RESOURCE,Cloud Resource 0310,US-EAST,Engineering,LOW,INTERNAL,TRUSTED,ACTIVE,SYNTHETIC
CLOUD-0311,CLOUD_RESOURCE,Cloud Resource 0311,EU-WEST,Commerce,LOW,INTERNAL,TRUSTED,ACTIVE,SYNTHETIC
CLOUD-0312,CLOUD_RESOURCE,Cloud Resource 0312,US-EAST,Corporate,CRITICAL,INTERNAL,TRUSTED,ACTIVE,SYNTHETIC
CLOUD-0313,CLOUD_RESOURCE,Cloud Resource 0313,AP-SOUTH,Legal,MEDIUM,INTERNAL,TRUSTED,ACTIVE,SYNTHETIC
CLOUD-0314,CLOUD_RESOURCE,Cloud Resource 0314,EU-WEST,Corporate,LOW,INTERNAL,TRUSTED,ACTIVE,SYNTHETIC
CLOUD-0315,CLOUD_RESOURCE,Cloud Resource 0315,US-WEST,Corporate,CRITICAL,INTERNAL,TRUSTED,ACTIVE,SYNTHETIC
CLOUD-0316,CLOUD_RESOURCE,Cloud Resource 0316,LATAM,HR,HIGH,INTERNAL,CONDITIONAL,ACTIVE,SYNTHETIC
CLOUD-0317,CLOUD_RESOURCE,Cloud Resource 0317,US-WEST,Data,CRITICAL,INTERNAL,TRUSTED,ACTIVE,SYNTHETIC
CLOUD-0318,CLOUD_RESOURCE,Cloud Resource 0318,LATAM,Sales,MEDIUM,INTERNAL,TRUSTED,ACTIVE,SYNTHETIC
CLOUD-0319,CLOUD_RESOURCE,Cloud Resource 0319,LATAM,Manufacturing,CRITICAL,INTERNAL,TRUSTED,ACTIVE,SYNTHETIC
CLOUD-0320,CLOUD_RESOURCE,Cloud Resource 0320,EU-CENTRAL,Support,LOW,INTERNAL,TRUSTED,ACTIVE,SYNTHETIC
CLOUD-0321,CLOUD_RESOURCE,Cloud Resource 0321,US-EAST,HR,LOW,INTERNAL,TRUSTED,ACTIVE,SYNTHETIC
CLOUD-0322,CLOUD_RESOURCE,Cloud Resource 0322,EU-WEST,Legal,CRITICAL,INTERNAL,TRUSTED,ACTIVE,SYNTHETIC
CLOUD-0323,CLOUD_RESOURCE,Cloud Resource 0323,US-EAST,Legal,MEDIUM,INTERNAL,TRUSTED,ACTIVE,SYNTHETIC
CLOUD-0324,CLOUD_RESOURCE,Cloud Resource 0324,AP-NORTHEAST,Data,HIGH,INTERNAL,TRUSTED,ACTIVE,SYNTHETIC
CLOUD-0325,CLOUD_RESOURCE,Cloud Resource 0325,US-WEST,Manufacturing,HIGH,INTERNAL,TRUSTED,ACTIVE,SYNTHETIC
CLOUD-0326,CLOUD_RESOURCE,Cloud Resource 0326,LATAM,Sales,CRITICAL,INTERNAL,TRUSTED,ACTIVE,SYNTHETIC
CLOUD-0327,CLOUD_RESOURCE,Cloud Resource 0327,LATAM,Finance,HIGH,INTERNAL,TRUSTED,ACTIVE,SYNTHETIC
CLOUD-0328,CLOUD_RESOURCE,Cloud Resource 0328,US-WEST,Finance,MEDIUM,INTERNAL,TRUSTED,ACTIVE,SYNTHETIC
CLOUD-0329,CLOUD_RESOURCE,Cloud Resource 0329,EU-CENTRAL,Commerce,HIGH,INTERNAL,TRUSTED,ACTIVE,SYNTHETIC
CLOUD-0330,CLOUD_RESOURCE,Cloud Resource 0330,AP-NORTHEAST,Commerce,CRITICAL,INTERNAL,TRUSTED,ACTIVE,SYNTHETIC
CLOUD-0331,CLOUD_RESOURCE,Cloud Resource 0331,EU-WEST,Security,CRITICAL,INTERNAL,TRUSTED,ACTIVE,SYNTHETIC
CLOUD-0332,CLOUD_RESOURCE,Cloud Resource 0332,AP-SOUTH,Legal,MEDIUM,INTERNAL,TRUSTED,ACTIVE,SYNTHETIC
CLOUD-0333,CLOUD_RESOURCE,Cloud Resource 0333,US-EAST,Support,HIGH,INTERNAL,TRUSTED,ACTIVE,SYNTHETIC
CLOUD-0334,CLOUD_RESOURCE,Cloud Resource 0334,EU-CENTRAL,Commerce,CRITICAL,INTERNAL,TRUSTED,ACTIVE,SYNTHETIC
CLOUD-0335,CLOUD_RESOURCE,Cloud Resource 0335,AP-NORTHEAST,Support,CRITICAL,INTERNAL,TRUSTED,ACTIVE,SYNTHETIC
CLOUD-0336,CLOUD_RESOURCE,Cloud Resource 0336,AP-SOUTH,Commerce,CRITICAL,INTERNAL,TRUSTED,ACTIVE,SYNTHETIC
CLOUD-0337,CLOUD_RESOURCE,Cloud Resource 0337,US-EAST,Manufacturing,HIGH,INTERNAL,TRUSTED,ACTIVE,SYNTHETIC
CLOUD-0338,CLOUD_RESOURCE,Cloud Resource 0338,AP-NORTHEAST,Sales,MEDIUM,INTERNAL,CONDITIONAL,ACTIVE,SYNTHETIC
CLOUD-0339,CLOUD_RESOURCE,Cloud Resource 0339,AP-SOUTH,Security,LOW,INTERNAL,TRUSTED,ACTIVE,SYNTHETIC
CLOUD-0340,CLOUD_RESOURCE,Cloud Resource 0340,EU-CENTRAL,Security,MEDIUM,INTERNAL,CONDITIONAL,ACTIVE,SYNTHETIC
CLOUD-0341,CLOUD_RESOURCE,Cloud Resource 0341,EU-WEST,Legal,LOW,INTERNAL,TRUSTED,ACTIVE,SYNTHETIC
CLOUD-0342,CLOUD_RESOURCE,Cloud Resource 0342,LATAM,HR,MEDIUM,INTERNAL,TRUSTED,ACTIVE,SYNTHETIC
CLOUD-0343,CLOUD_RESOURCE,Cloud Resource 0343,US-EAST,Corporate,HIGH,INTERNAL,TRUSTED,ACTIVE,SYNTHETIC
CLOUD-0344,CLOUD_RESOURCE,Cloud Resource 0344,US-WEST,Supply Chain,HIGH,INTERNAL,TRUSTED,ACTIVE,SYNTHETIC
CLOUD-0345,CLOUD_RESOURCE,Cloud Resource 0345,EU-WEST,Legal,CRITICAL,INTERNAL,TRUSTED,ACTIVE,SYNTHETIC
CLOUD-0346,CLOUD_RESOURCE,Cloud Resource 0346,EU-CENTRAL,HR,HIGH,INTERNAL,TRUSTED,ACTIVE,SYNTHETIC
CLOUD-0347,CLOUD_RESOURCE,Cloud Resource 0347,EU-CENTRAL,Engineering,HIGH,INTERNAL,CONDITIONAL,ACTIVE,SYNTHETIC
CLOUD-0348,CLOUD_RESOURCE,Cloud Resource 0348,GLOBAL,Security,HIGH,INTERNAL,TRUSTED,ACTIVE,SYNTHETIC
CLOUD-0349,CLOUD_RESOURCE,Cloud Resource 0349,US-WEST,Finance,CRITICAL,INTERNAL,TRUSTED,ACTIVE,SYNTHETIC
CLOUD-0350,CLOUD_RESOURCE,Cloud Resource 0350,AP-SOUTH,Finance,CRITICAL,INTERNAL,TRUSTED,ACTIVE,SYNTHETIC
DATA-0001,DATA_STORE,Data Store 0001,US-EAST,Support,LOW,INTERNAL,TRUSTED,ACTIVE,SYNTHETIC
DATA-0002,DATA_STORE,Data Store 0002,US-WEST,Commerce,HIGH,INTERNAL,TRUSTED,ACTIVE,SYNTHETIC
DATA-0003,DATA_STORE,Data Store 0003,AP-SOUTH,Support,HIGH,INTERNAL,TRUSTED,ACTIVE,SYNTHETIC
DATA-0004,DATA_STORE,Data Store 0004,AP-SOUTH,Security,MEDIUM,INTERNAL,TRUSTED,ACTIVE,SYNTHETIC
DATA-0005,DATA_STORE,Data Store 0005,EU-CENTRAL,Security,MEDIUM,INTERNAL,TRUSTED,ACTIVE,SYNTHETIC
DATA-0006,DATA_STORE,Data Store 0006,US-EAST,Security,LOW,INTERNAL,TRUSTED,ACTIVE,SYNTHETIC
DATA-0007,DATA_STORE,Data Store 0007,EU-WEST,Corporate,HIGH,INTERNAL,TRUSTED,ACTIVE,SYNTHETIC
DATA-0008,DATA_STORE,Data Store 0008,GLOBAL,Data,CRITICAL,INTERNAL,TRUSTED,ACTIVE,SYNTHETIC
DATA-0009,DATA_STORE,Data Store 0009,US-WEST,Corporate,MEDIUM,INTERNAL,TRUSTED,ACTIVE,SYNTHETIC
DATA-0010,DATA_STORE,Data Store 0010,AP-SOUTH,Supply Chain,MEDIUM,INTERNAL,TRUSTED,ACTIVE,SYNTHETIC
DATA-0011,DATA_STORE,Data Store 0011,AP-NORTHEAST,Commerce,MEDIUM,INTERNAL,TRUSTED,ACTIVE,SYNTHETIC
DATA-0012,DATA_STORE,Data Store 0012,LATAM,HR,LOW,INTERNAL,TRUSTED,ACTIVE,SYNTHETIC
DATA-0013,DATA_STORE,Data Store 0013,GLOBAL,Engineering,HIGH,INTERNAL,TRUSTED,ACTIVE,SYNTHETIC
DATA-0014,DATA_STORE,Data Store 0014,US-EAST,HR,LOW,INTERNAL,TRUSTED,ACTIVE,SYNTHETIC
DATA-0015,DATA_STORE,Data Store 0015,US-EAST,Security,LOW,INTERNAL,TRUSTED,ACTIVE,SYNTHETIC
DATA-0016,DATA_STORE,Data Store 0016,GLOBAL,Legal,CRITICAL,INTERNAL,TRUSTED,ACTIVE,SYNTHETIC
DATA-0017,DATA_STORE,Data Store 0017,LATAM,Legal,HIGH,INTERNAL,TRUSTED,ACTIVE,SYNTHETIC
DATA-0018,DATA_STORE,Data Store 0018,US-EAST,Sales,LOW,INTERNAL,TRUSTED,ACTIVE,SYNTHETIC
DATA-0019,DATA_STORE,Data Store 0019,EU-CENTRAL,Finance,MEDIUM,INTERNAL,TRUSTED,ACTIVE,SYNTHETIC
DATA-0020,DATA_STORE,Data Store 0020,AP-NORTHEAST,Security,LOW,INTERNAL,TRUSTED,ACTIVE,SYNTHETIC
DATA-0021,DATA_STORE,Data Store 0021,US-EAST,Commerce,CRITICAL,INTERNAL,TRUSTED,ACTIVE,SYNTHETIC
DATA-0022,DATA_STORE,Data Store 0022,LATAM,HR,CRITICAL,INTERNAL,TRUSTED,ACTIVE,SYNTHETIC
DATA-0023,DATA_STORE,Data Store 0023,GLOBAL,Support,MEDIUM,INTERNAL,TRUSTED,ACTIVE,SYNTHETIC
DATA-0024,DATA_STORE,Data Store 0024,AP-SOUTH,Sales,LOW,INTERNAL,TRUSTED,ACTIVE,SYNTHETIC
DATA-0025,DATA_STORE,Data Store 0025,LATAM,Manufacturing,HIGH,INTERNAL,TRUSTED,ACTIVE,SYNTHETIC
DATA-0026,DATA_STORE,Data Store 0026,EU-CENTRAL,Supply Chain,CRITICAL,INTERNAL,TRUSTED,ACTIVE,SYNTHETIC
DATA-0027,DATA_STORE,Data Store 0027,US-WEST,Commerce,MEDIUM,INTERNAL,CONDITIONAL,ACTIVE,SYNTHETIC
DATA-0028,DATA_STORE,Data Store 0028,GLOBAL,Legal,HIGH,INTERNAL,TRUSTED,ACTIVE,SYNTHETIC
DATA-0029,DATA_STORE,Data Store 0029,US-EAST,Engineering,CRITICAL,INTERNAL,TRUSTED,ACTIVE,SYNTHETIC
DATA-0030,DATA_STORE,Data Store 0030,AP-SOUTH,Corporate,HIGH,INTERNAL,TRUSTED,ACTIVE,SYNTHETIC
DATA-0031,DATA_STORE,Data Store 0031,AP-NORTHEAST,Security,HIGH,INTERNAL,TRUSTED,ACTIVE,SYNTHETIC
DATA-0032,DATA_STORE,Data Store 0032,AP-NORTHEAST,Supply Chain,CRITICAL,INTERNAL,TRUSTED,ACTIVE,SYNTHETIC
DATA-0033,DATA_STORE,Data Store 0033,LATAM,Legal,HIGH,INTERNAL,TRUSTED,ACTIVE,SYNTHETIC
DATA-0034,DATA_STORE,Data Store 0034,EU-CENTRAL,Legal,LOW,INTERNAL,TRUSTED,ACTIVE,SYNTHETIC
DATA-0035,DATA_STORE,Data Store 0035,LATAM,Support,MEDIUM,INTERNAL,TRUSTED,ACTIVE,SYNTHETIC
DATA-0036,DATA_STORE,Data Store 0036,AP-NORTHEAST,Finance,MEDIUM,INTERNAL,TRUSTED,ACTIVE,SYNTHETIC
DATA-0037,DATA_STORE,Data Store 0037,LATAM,Sales,HIGH,INTERNAL,TRUSTED,ACTIVE,SYNTHETIC
DATA-0038,DATA_STORE,Data Store 0038,AP-SOUTH,Supply Chain,CRITICAL,INTERNAL,TRUSTED,ACTIVE,SYNTHETIC
DATA-0039,DATA_STORE,Data Store 0039,LATAM,HR,CRITICAL,INTERNAL,TRUSTED,ACTIVE,SYNTHETIC
DATA-0040,DATA_STORE,Data Store 0040,LATAM,Legal,HIGH,INTERNAL,TRUSTED,ACTIVE,SYNTHETIC
DATA-0041,DATA_STORE,Data Store 0041,LATAM,Data,MEDIUM,INTERNAL,TRUSTED,ACTIVE,SYNTHETIC
DATA-0042,DATA_STORE,Data Store 0042,US-EAST,Finance,MEDIUM,INTERNAL,TRUSTED,ACTIVE,SYNTHETIC
DATA-0043,DATA_STORE,Data Store 0043,US-EAST,Corporate,MEDIUM,INTERNAL,TRUSTED,ACTIVE,SYNTHETIC
DATA-0044,DATA_STORE,Data Store 0044,EU-CENTRAL,Corporate,LOW,INTERNAL,TRUSTED,ACTIVE,SYNTHETIC
DATA-0045,DATA_STORE,Data Store 0045,EU-WEST,Engineering,LOW,INTERNAL,TRUSTED,ACTIVE,SYNTHETIC
DATA-0046,DATA_STORE,Data Store 0046,US-EAST,Supply Chain,LOW,INTERNAL,TRUSTED,ACTIVE,SYNTHETIC
DATA-0047,DATA_STORE,Data Store 0047,AP-SOUTH,Corporate,LOW,INTERNAL,TRUSTED,ACTIVE,SYNTHETIC
DATA-0048,DATA_STORE,Data Store 0048,AP-SOUTH,Corporate,LOW,INTERNAL,TRUSTED,ACTIVE,SYNTHETIC
DATA-0049,DATA_STORE,Data Store 0049,AP-NORTHEAST,Corporate,HIGH,INTERNAL,TRUSTED,ACTIVE,SYNTHETIC
DATA-0050,DATA_STORE,Data Store 0050,EU-CENTRAL,Supply Chain,CRITICAL,INTERNAL,CONDITIONAL,ACTIVE,SYNTHETIC
DATA-0051,DATA_STORE,Data Store 0051,US-WEST,Security,CRITICAL,INTERNAL,TRUSTED,ACTIVE,SYNTHETIC
DATA-0052,DATA_STORE,Data Store 0052,AP-SOUTH,Sales,LOW,INTERNAL,TRUSTED,ACTIVE,SYNTHETIC
DATA-0053,DATA_STORE,Data Store 0053,AP-SOUTH,Data,LOW,INTERNAL,TRUSTED,ACTIVE,SYNTHETIC
DATA-0054,DATA_STORE,Data Store 0054,AP-SOUTH,Commerce,HIGH,INTERNAL,TRUSTED,ACTIVE,SYNTHETIC
DATA-0055,DATA_STORE,Data Store 0055,AP-SOUTH,Support,HIGH,INTERNAL,TRUSTED,ACTIVE,SYNTHETIC
DATA-0056,DATA_STORE,Data Store 0056,US-WEST,Manufacturing,MEDIUM,INTERNAL,CONDITIONAL,ACTIVE,SYNTHETIC
DATA-0057,DATA_STORE,Data Store 0057,EU-CENTRAL,Commerce,CRITICAL,INTERNAL,TRUSTED,ACTIVE,SYNTHETIC
DATA-0058,DATA_STORE,Data Store 0058,US-WEST,Engineering,LOW,INTERNAL,CONDITIONAL,ACTIVE,SYNTHETIC
DATA-0059,DATA_STORE,Data Store 0059,LATAM,Security,MEDIUM,INTERNAL,TRUSTED,ACTIVE,SYNTHETIC
DATA-0060,DATA_STORE,Data Store 0060,AP-NORTHEAST,Support,MEDIUM,INTERNAL,CONDITIONAL,ACTIVE,SYNTHETIC
DATA-0061,DATA_STORE,Data Store 0061,EU-CENTRAL,Supply Chain,LOW,INTERNAL,TRUSTED,ACTIVE,SYNTHETIC
DATA-0062,DATA_STORE,Data Store 0062,EU-WEST,HR,MEDIUM,INTERNAL,TRUSTED,ACTIVE,SYNTHETIC
DATA-0063,DATA_STORE,Data Store 0063,EU-WEST,Supply Chain,MEDIUM,INTERNAL,TRUSTED,ACTIVE,SYNTHETIC
DATA-0064,DATA_STORE,Data Store 0064,LATAM,Legal,HIGH,INTERNAL,TRUSTED,ACTIVE,SYNTHETIC
DATA-0065,DATA_STORE,Data Store 0065,LATAM,Support,HIGH,INTERNAL,TRUSTED,ACTIVE,SYNTHETIC
DATA-0066,DATA_STORE,Data Store 0066,GLOBAL,Corporate,MEDIUM,INTERNAL,TRUSTED,ACTIVE,SYNTHETIC
DATA-0067,DATA_STORE,Data Store 0067,US-WEST,HR,CRITICAL,INTERNAL,TRUSTED,ACTIVE,SYNTHETIC
DATA-0068,DATA_STORE,Data Store 0068,AP-NORTHEAST,Support,MEDIUM,INTERNAL,TRUSTED,ACTIVE,SYNTHETIC
DATA-0069,DATA_STORE,Data Store 0069,EU-CENTRAL,Legal,LOW,INTERNAL,TRUSTED,ACTIVE,SYNTHETIC
DATA-0070,DATA_STORE,Data Store 0070,US-EAST,Security,CRITICAL,INTERNAL,TRUSTED,ACTIVE,SYNTHETIC
DATA-0071,DATA_STORE,Data Store 0071,AP-SOUTH,Manufacturing,CRITICAL,INTERNAL,TRUSTED,ACTIVE,SYNTHETIC
DATA-0072,DATA_STORE,Data Store 0072,US-WEST,Commerce,LOW,INTERNAL,TRUSTED,ACTIVE,SYNTHETIC
DATA-0073,DATA_STORE,Data Store 0073,US-WEST,HR,MEDIUM,INTERNAL,CONDITIONAL,ACTIVE,SYNTHETIC
DATA-0074,DATA_STORE,Data Store 0074,EU-CENTRAL,HR,MEDIUM,INTERNAL,TRUSTED,ACTIVE,SYNTHETIC
DATA-0075,DATA_STORE,Data Store 0075,AP-NORTHEAST,Commerce,HIGH,INTERNAL,TRUSTED,ACTIVE,SYNTHETIC
DATA-0076,DATA_STORE,Data Store 0076,AP-NORTHEAST,Supply Chain,MEDIUM,INTERNAL,TRUSTED,ACTIVE,SYNTHETIC
DATA-0077,DATA_STORE,Data Store 0077,AP-SOUTH,HR,HIGH,INTERNAL,TRUSTED,ACTIVE,SYNTHETIC
DATA-0078,DATA_STORE,Data Store 0078,AP-NORTHEAST,Manufacturing,MEDIUM,INTERNAL,TRUSTED,ACTIVE,SYNTHETIC
DATA-0079,DATA_STORE,Data Store 0079,AP-NORTHEAST,Corporate,LOW,INTERNAL,TRUSTED,ACTIVE,SYNTHETIC
DATA-0080,DATA_STORE,Data Store 0080,GLOBAL,Support,CRITICAL,INTERNAL,TRUSTED,ACTIVE,SYNTHETIC
DATA-0081,DATA_STORE,Data Store 0081,US-EAST,Engineering,MEDIUM,INTERNAL,TRUSTED,ACTIVE,SYNTHETIC
DATA-0082,DATA_STORE,Data Store 0082,US-EAST,Engineering,LOW,INTERNAL,TRUSTED,ACTIVE,SYNTHETIC
DATA-0083,DATA_STORE,Data Store 0083,LATAM,HR,CRITICAL,INTERNAL,TRUSTED,ACTIVE,SYNTHETIC
DATA-0084,DATA_STORE,Data Store 0084,LATAM,Sales,MEDIUM,INTERNAL,TRUSTED,ACTIVE,SYNTHETIC
DATA-0085,DATA_STORE,Data Store 0085,US-EAST,Engineering,CRITICAL,INTERNAL,TRUSTED,ACTIVE,SYNTHETIC
DATA-0086,DATA_STORE,Data Store 0086,EU-CENTRAL,Commerce,CRITICAL,INTERNAL,TRUSTED,ACTIVE,SYNTHETIC
DATA-0087,DATA_STORE,Data Store 0087,AP-NORTHEAST,Supply Chain,CRITICAL,INTERNAL,TRUSTED,ACTIVE,SYNTHETIC
DATA-0088,DATA_STORE,Data Store 0088,US-WEST,Supply Chain,MEDIUM,INTERNAL,CONDITIONAL,ACTIVE,SYNTHETIC
DATA-0089,DATA_STORE,Data Store 0089,LATAM,Data,HIGH,INTERNAL,TRUSTED,ACTIVE,SYNTHETIC
DATA-0090,DATA_STORE,Data Store 0090,AP-NORTHEAST,Legal,HIGH,INTERNAL,TRUSTED,ACTIVE,SYNTHETIC
DATA-0091,DATA_STORE,Data Store 0091,US-EAST,Data,CRITICAL,INTERNAL,TRUSTED,ACTIVE,SYNTHETIC
DATA-0092,DATA_STORE,Data Store 0092,GLOBAL,Commerce,MEDIUM,INTERNAL,TRUSTED,ACTIVE,SYNTHETIC
DATA-0093,DATA_STORE,Data Store 0093,EU-WEST,Data,LOW,INTERNAL,TRUSTED,ACTIVE,SYNTHETIC
DATA-0094,DATA_STORE,Data Store 0094,EU-WEST,Engineering,MEDIUM,INTERNAL,TRUSTED,ACTIVE,SYNTHETIC
DATA-0095,DATA_STORE,Data Store 0095,AP-SOUTH,Corporate,MEDIUM,INTERNAL,TRUSTED,ACTIVE,SYNTHETIC
DATA-0096,DATA_STORE,Data Store 0096,EU-CENTRAL,Finance,HIGH,INTERNAL,TRUSTED,ACTIVE,SYNTHETIC
DATA-0097,DATA_STORE,Data Store 0097,GLOBAL,HR,LOW,INTERNAL,TRUSTED,ACTIVE,SYNTHETIC
DATA-0098,DATA_STORE,Data Store 0098,US-WEST,Supply Chain,CRITICAL,INTERNAL,TRUSTED,ACTIVE,SYNTHETIC
DATA-0099,DATA_STORE,Data Store 0099,LATAM,HR,CRITICAL,INTERNAL,TRUSTED,ACTIVE,SYNTHETIC
DATA-0100,DATA_STORE,Data Store 0100,US-EAST,Support,CRITICAL,INTERNAL,TRUSTED,ACTIVE,SYNTHETIC
DATA-0101,DATA_STORE,Data Store 0101,US-WEST,Manufacturing,HIGH,INTERNAL,TRUSTED,ACTIVE,SYNTHETIC
DATA-0102,DATA_STORE,Data Store 0102,AP-NORTHEAST,Sales,CRITICAL,INTERNAL,TRUSTED,ACTIVE,SYNTHETIC
DATA-0103,DATA_STORE,Data Store 0103,EU-WEST,Sales,CRITICAL,INTERNAL,TRUSTED,ACTIVE,SYNTHETIC
DATA-0104,DATA_STORE,Data Store 0104,LATAM,Security,MEDIUM,INTERNAL,TRUSTED,ACTIVE,SYNTHETIC
DATA-0105,DATA_STORE,Data Store 0105,US-WEST,Corporate,CRITICAL,INTERNAL,TRUSTED,ACTIVE,SYNTHETIC
DATA-0106,DATA_STORE,Data Store 0106,AP-NORTHEAST,Sales,MEDIUM,INTERNAL,TRUSTED,ACTIVE,SYNTHETIC
DATA-0107,DATA_STORE,Data Store 0107,AP-NORTHEAST,Legal,LOW,INTERNAL,CONDITIONAL,ACTIVE,SYNTHETIC
DATA-0108,DATA_STORE,Data Store 0108,US-WEST,Corporate,LOW,INTERNAL,TRUSTED,ACTIVE,SYNTHETIC
DATA-0109,DATA_STORE,Data Store 0109,GLOBAL,Data,LOW,INTERNAL,TRUSTED,ACTIVE,SYNTHETIC
DATA-0110,DATA_STORE,Data Store 0110,EU-CENTRAL,Manufacturing,MEDIUM,INTERNAL,TRUSTED,ACTIVE,SYNTHETIC
DATA-0111,DATA_STORE,Data Store 0111,GLOBAL,Supply Chain,HIGH,INTERNAL,TRUSTED,ACTIVE,SYNTHETIC
DATA-0112,DATA_STORE,Data Store 0112,GLOBAL,Data,CRITICAL,INTERNAL,TRUSTED,ACTIVE,SYNTHETIC
DATA-0113,DATA_STORE,Data Store 0113,US-WEST,Support,CRITICAL,INTERNAL,TRUSTED,ACTIVE,SYNTHETIC
DATA-0114,DATA_STORE,Data Store 0114,US-WEST,Sales,MEDIUM,INTERNAL,TRUSTED,ACTIVE,SYNTHETIC
DATA-0115,DATA_STORE,Data Store 0115,EU-WEST,Legal,MEDIUM,INTERNAL,TRUSTED,ACTIVE,SYNTHETIC
DATA-0116,DATA_STORE,Data Store 0116,US-EAST,Engineering,LOW,INTERNAL,TRUSTED,ACTIVE,SYNTHETIC
DATA-0117,DATA_STORE,Data Store 0117,EU-CENTRAL,Manufacturing,HIGH,INTERNAL,TRUSTED,ACTIVE,SYNTHETIC
DATA-0118,DATA_STORE,Data Store 0118,AP-NORTHEAST,Finance,CRITICAL,INTERNAL,TRUSTED,ACTIVE,SYNTHETIC
DATA-0119,DATA_STORE,Data Store 0119,GLOBAL,Support,CRITICAL,INTERNAL,TRUSTED,ACTIVE,SYNTHETIC
DATA-0120,DATA_STORE,Data Store 0120,EU-CENTRAL,Corporate,HIGH,INTERNAL,TRUSTED,ACTIVE,SYNTHETIC
DATA-0121,DATA_STORE,Data Store 0121,LATAM,Finance,HIGH,INTERNAL,TRUSTED,ACTIVE,SYNTHETIC
DATA-0122,DATA_STORE,Data Store 0122,EU-WEST,Corporate,LOW,INTERNAL,TRUSTED,ACTIVE,SYNTHETIC
DATA-0123,DATA_STORE,Data Store 0123,AP-SOUTH,Engineering,LOW,INTERNAL,TRUSTED,ACTIVE,SYNTHETIC
DATA-0124,DATA_STORE,Data Store 0124,US-EAST,Support,CRITICAL,INTERNAL,CONDITIONAL,ACTIVE,SYNTHETIC
DATA-0125,DATA_STORE,Data Store 0125,EU-WEST,Engineering,MEDIUM,INTERNAL,TRUSTED,ACTIVE,SYNTHETIC
DATA-0126,DATA_STORE,Data Store 0126,AP-NORTHEAST,Support,CRITICAL,INTERNAL,TRUSTED,ACTIVE,SYNTHETIC
DATA-0127,DATA_STORE,Data Store 0127,AP-SOUTH,Engineering,CRITICAL,INTERNAL,TRUSTED,ACTIVE,SYNTHETIC
DATA-0128,DATA_STORE,Data Store 0128,EU-WEST,Sales,LOW,INTERNAL,TRUSTED,ACTIVE,SYNTHETIC
DATA-0129,DATA_STORE,Data Store 0129,EU-WEST,Commerce,MEDIUM,INTERNAL,TRUSTED,ACTIVE,SYNTHETIC
DATA-0130,DATA_STORE,Data Store 0130,EU-CENTRAL,Data,LOW,INTERNAL,CONDITIONAL,ACTIVE,SYNTHETIC
DATA-0131,DATA_STORE,Data Store 0131,GLOBAL,Legal,LOW,INTERNAL,TRUSTED,ACTIVE,SYNTHETIC
DATA-0132,DATA_STORE,Data Store 0132,LATAM,Security,HIGH,INTERNAL,TRUSTED,ACTIVE,SYNTHETIC
DATA-0133,DATA_STORE,Data Store 0133,EU-WEST,Data,HIGH,INTERNAL,TRUSTED,ACTIVE,SYNTHETIC
DATA-0134,DATA_STORE,Data Store 0134,EU-WEST,Support,MEDIUM,INTERNAL,CONDITIONAL,ACTIVE,SYNTHETIC
DATA-0135,DATA_STORE,Data Store 0135,GLOBAL,Engineering,LOW,INTERNAL,TRUSTED,ACTIVE,SYNTHETIC
DATA-0136,DATA_STORE,Data Store 0136,AP-NORTHEAST,Engineering,LOW,INTERNAL,CONDITIONAL,ACTIVE,SYNTHETIC
DATA-0137,DATA_STORE,Data Store 0137,EU-CENTRAL,Supply Chain,CRITICAL,INTERNAL,TRUSTED,ACTIVE,SYNTHETIC
DATA-0138,DATA_STORE,Data Store 0138,AP-SOUTH,Manufacturing,CRITICAL,INTERNAL,TRUSTED,ACTIVE,SYNTHETIC
DATA-0139,DATA_STORE,Data Store 0139,LATAM,Support,HIGH,INTERNAL,TRUSTED,ACTIVE,SYNTHETIC
DATA-0140,DATA_STORE,Data Store 0140,EU-WEST,Finance,CRITICAL,INTERNAL,TRUSTED,ACTIVE,SYNTHETIC
DATA-0141,DATA_STORE,Data Store 0141,AP-SOUTH,Commerce,HIGH,INTERNAL,TRUSTED,ACTIVE,SYNTHETIC
DATA-0142,DATA_STORE,Data Store 0142,EU-CENTRAL,Support,CRITICAL,INTERNAL,TRUSTED,ACTIVE,SYNTHETIC
DATA-0143,DATA_STORE,Data Store 0143,US-WEST,Security,CRITICAL,INTERNAL,CONDITIONAL,ACTIVE,SYNTHETIC
DATA-0144,DATA_STORE,Data Store 0144,EU-WEST,Support,CRITICAL,INTERNAL,CONDITIONAL,ACTIVE,SYNTHETIC
DATA-0145,DATA_STORE,Data Store 0145,AP-NORTHEAST,Support,LOW,INTERNAL,TRUSTED,ACTIVE,SYNTHETIC
DATA-0146,DATA_STORE,Data Store 0146,AP-SOUTH,Support,HIGH,INTERNAL,CONDITIONAL,ACTIVE,SYNTHETIC
DATA-0147,DATA_STORE,Data Store 0147,EU-WEST,HR,MEDIUM,INTERNAL,TRUSTED,ACTIVE,SYNTHETIC
DATA-0148,DATA_STORE,Data Store 0148,AP-SOUTH,Manufacturing,CRITICAL,INTERNAL,TRUSTED,ACTIVE,SYNTHETIC
DATA-0149,DATA_STORE,Data Store 0149,EU-WEST,Engineering,HIGH,INTERNAL,TRUSTED,ACTIVE,SYNTHETIC
DATA-0150,DATA_STORE,Data Store 0150,LATAM,Corporate,LOW,INTERNAL,TRUSTED,ACTIVE,SYNTHETIC
DATA-0151,DATA_STORE,Data Store 0151,EU-CENTRAL,Legal,LOW,INTERNAL,TRUSTED,ACTIVE,SYNTHETIC
DATA-0152,DATA_STORE,Data Store 0152,AP-NORTHEAST,Supply Chain,LOW,INTERNAL,TRUSTED,ACTIVE,SYNTHETIC
DATA-0153,DATA_STORE,Data Store 0153,LATAM,Sales,CRITICAL,INTERNAL,TRUSTED,ACTIVE,SYNTHETIC
DATA-0154,DATA_STORE,Data Store 0154,AP-NORTHEAST,Security,HIGH,INTERNAL,TRUSTED,ACTIVE,SYNTHETIC
DATA-0155,DATA_STORE,Data Store 0155,GLOBAL,Legal,HIGH,INTERNAL,TRUSTED,ACTIVE,SYNTHETIC
DATA-0156,DATA_STORE,Data Store 0156,LATAM,Manufacturing,HIGH,INTERNAL,TRUSTED,ACTIVE,SYNTHETIC
DATA-0157,DATA_STORE,Data Store 0157,US-WEST,Finance,CRITICAL,INTERNAL,TRUSTED,ACTIVE,SYNTHETIC
DATA-0158,DATA_STORE,Data Store 0158,US-WEST,Finance,CRITICAL,INTERNAL,TRUSTED,ACTIVE,SYNTHETIC
DATA-0159,DATA_STORE,Data Store 0159,US-WEST,Finance,HIGH,INTERNAL,TRUSTED,ACTIVE,SYNTHETIC
DATA-0160,DATA_STORE,Data Store 0160,GLOBAL,Data,HIGH,INTERNAL,TRUSTED,ACTIVE,SYNTHETIC
INFRA-0001,SHARED_INFRASTRUCTURE,Shared Infrastructure 0001,LATAM,Security,LOW,INTERNAL,TRUSTED,ACTIVE,SYNTHETIC
INFRA-0002,SHARED_INFRASTRUCTURE,Shared Infrastructure 0002,AP-NORTHEAST,Security,HIGH,INTERNAL,TRUSTED,ACTIVE,SYNTHETIC
INFRA-0003,SHARED_INFRASTRUCTURE,Shared Infrastructure 0003,AP-SOUTH,Support,HIGH,INTERNAL,TRUSTED,ACTIVE,SYNTHETIC
INFRA-0004,SHARED_INFRASTRUCTURE,Shared Infrastructure 0004,EU-CENTRAL,Sales,CRITICAL,INTERNAL,TRUSTED,ACTIVE,SYNTHETIC
INFRA-0005,SHARED_INFRASTRUCTURE,Shared Infrastructure 0005,US-EAST,Support,LOW,INTERNAL,TRUSTED,ACTIVE,SYNTHETIC
INFRA-0006,SHARED_INFRASTRUCTURE,Shared Infrastructure 0006,US-WEST,Commerce,LOW,INTERNAL,TRUSTED,ACTIVE,SYNTHETIC
INFRA-0007,SHARED_INFRASTRUCTURE,Shared Infrastructure 0007,AP-SOUTH,Engineering,CRITICAL,INTERNAL,TRUSTED,ACTIVE,SYNTHETIC
INFRA-0008,SHARED_INFRASTRUCTURE,Shared Infrastructure 0008,EU-WEST,Manufacturing,HIGH,INTERNAL,TRUSTED,ACTIVE,SYNTHETIC
INFRA-0009,SHARED_INFRASTRUCTURE,Shared Infrastructure 0009,AP-SOUTH,Engineering,LOW,INTERNAL,TRUSTED,ACTIVE,SYNTHETIC
INFRA-0010,SHARED_INFRASTRUCTURE,Shared Infrastructure 0010,AP-SOUTH,Engineering,MEDIUM,INTERNAL,TRUSTED,ACTIVE,SYNTHETIC
INFRA-0011,SHARED_INFRASTRUCTURE,Shared Infrastructure 0011,AP-SOUTH,Supply Chain,CRITICAL,INTERNAL,TRUSTED,ACTIVE,SYNTHETIC
INFRA-0012,SHARED_INFRASTRUCTURE,Shared Infrastructure 0012,GLOBAL,Engineering,LOW,INTERNAL,TRUSTED,ACTIVE,SYNTHETIC
INFRA-0013,SHARED_INFRASTRUCTURE,Shared Infrastructure 0013,EU-CENTRAL,Legal,LOW,INTERNAL,CONDITIONAL,ACTIVE,SYNTHETIC
INFRA-0014,SHARED_INFRASTRUCTURE,Shared Infrastructure 0014,AP-SOUTH,Data,MEDIUM,INTERNAL,TRUSTED,ACTIVE,SYNTHETIC
INFRA-0015,SHARED_INFRASTRUCTURE,Shared Infrastructure 0015,US-WEST,Support,HIGH,INTERNAL,TRUSTED,ACTIVE,SYNTHETIC
INFRA-0016,SHARED_INFRASTRUCTURE,Shared Infrastructure 0016,AP-SOUTH,Legal,MEDIUM,INTERNAL,TRUSTED,ACTIVE,SYNTHETIC
INFRA-0017,SHARED_INFRASTRUCTURE,Shared Infrastructure 0017,EU-CENTRAL,Data,CRITICAL,INTERNAL,TRUSTED,ACTIVE,SYNTHETIC
INFRA-0018,SHARED_INFRASTRUCTURE,Shared Infrastructure 0018,US-EAST,HR,CRITICAL,INTERNAL,TRUSTED,ACTIVE,SYNTHETIC
INFRA-0019,SHARED_INFRASTRUCTURE,Shared Infrastructure 0019,GLOBAL,HR,MEDIUM,INTERNAL,TRUSTED,ACTIVE,SYNTHETIC
INFRA-0020,SHARED_INFRASTRUCTURE,Shared Infrastructure 0020,GLOBAL,Finance,CRITICAL,INTERNAL,TRUSTED,ACTIVE,SYNTHETIC
INFRA-0021,SHARED_INFRASTRUCTURE,Shared Infrastructure 0021,GLOBAL,Sales,CRITICAL,INTERNAL,TRUSTED,ACTIVE,SYNTHETIC
INFRA-0022,SHARED_INFRASTRUCTURE,Shared Infrastructure 0022,EU-WEST,Commerce,HIGH,INTERNAL,TRUSTED,ACTIVE,SYNTHETIC
INFRA-0023,SHARED_INFRASTRUCTURE,Shared Infrastructure 0023,US-EAST,Commerce,CRITICAL,INTERNAL,TRUSTED,ACTIVE,SYNTHETIC
INFRA-0024,SHARED_INFRASTRUCTURE,Shared Infrastructure 0024,AP-NORTHEAST,Legal,HIGH,INTERNAL,TRUSTED,ACTIVE,SYNTHETIC
INFRA-0025,SHARED_INFRASTRUCTURE,Shared Infrastructure 0025,AP-NORTHEAST,HR,CRITICAL,INTERNAL,TRUSTED,ACTIVE,SYNTHETIC
INFRA-0026,SHARED_INFRASTRUCTURE,Shared Infrastructure 0026,US-WEST,Corporate,CRITICAL,INTERNAL,TRUSTED,ACTIVE,SYNTHETIC
INFRA-0027,SHARED_INFRASTRUCTURE,Shared Infrastructure 0027,AP-NORTHEAST,Finance,CRITICAL,INTERNAL,TRUSTED,ACTIVE,SYNTHETIC
INFRA-0028,SHARED_INFRASTRUCTURE,Shared Infrastructure 0028,GLOBAL,Finance,CRITICAL,INTERNAL,TRUSTED,ACTIVE,SYNTHETIC
INFRA-0029,SHARED_INFRASTRUCTURE,Shared Infrastructure 0029,US-WEST,Commerce,MEDIUM,INTERNAL,TRUSTED,ACTIVE,SYNTHETIC
INFRA-0030,SHARED_INFRASTRUCTURE,Shared Infrastructure 0030,US-EAST,HR,MEDIUM,INTERNAL,TRUSTED,ACTIVE,SYNTHETIC
INFRA-0031,SHARED_INFRASTRUCTURE,Shared Infrastructure 0031,EU-CENTRAL,Security,HIGH,INTERNAL,TRUSTED,ACTIVE,SYNTHETIC
INFRA-0032,SHARED_INFRASTRUCTURE,Shared Infrastructure 0032,US-EAST,Security,HIGH,INTERNAL,TRUSTED,ACTIVE,SYNTHETIC
INFRA-0033,SHARED_INFRASTRUCTURE,Shared Infrastructure 0033,GLOBAL,Finance,LOW,INTERNAL,TRUSTED,ACTIVE,SYNTHETIC
INFRA-0034,SHARED_INFRASTRUCTURE,Shared Infrastructure 0034,EU-WEST,Security,HIGH,INTERNAL,TRUSTED,ACTIVE,SYNTHETIC
INFRA-0035,SHARED_INFRASTRUCTURE,Shared Infrastructure 0035,US-WEST,Commerce,LOW,INTERNAL,TRUSTED,ACTIVE,SYNTHETIC
INFRA-0036,SHARED_INFRASTRUCTURE,Shared Infrastructure 0036,GLOBAL,Corporate,MEDIUM,INTERNAL,TRUSTED,ACTIVE,SYNTHETIC
INFRA-0037,SHARED_INFRASTRUCTURE,Shared Infrastructure 0037,EU-WEST,Support,HIGH,INTERNAL,TRUSTED,ACTIVE,SYNTHETIC
INFRA-0038,SHARED_INFRASTRUCTURE,Shared Infrastructure 0038,US-EAST,Legal,CRITICAL,INTERNAL,TRUSTED,ACTIVE,SYNTHETIC
INFRA-0039,SHARED_INFRASTRUCTURE,Shared Infrastructure 0039,LATAM,Legal,HIGH,INTERNAL,TRUSTED,ACTIVE,SYNTHETIC
INFRA-0040,SHARED_INFRASTRUCTURE,Shared Infrastructure 0040,US-WEST,Data,MEDIUM,INTERNAL,TRUSTED,ACTIVE,SYNTHETIC
INFRA-0041,SHARED_INFRASTRUCTURE,Shared Infrastructure 0041,EU-WEST,Manufacturing,HIGH,INTERNAL,TRUSTED,ACTIVE,SYNTHETIC
INFRA-0042,SHARED_INFRASTRUCTURE,Shared Infrastructure 0042,LATAM,Security,MEDIUM,INTERNAL,TRUSTED,ACTIVE,SYNTHETIC
INFRA-0043,SHARED_INFRASTRUCTURE,Shared Infrastructure 0043,LATAM,Commerce,LOW,INTERNAL,CONDITIONAL,ACTIVE,SYNTHETIC
INFRA-0044,SHARED_INFRASTRUCTURE,Shared Infrastructure 0044,EU-WEST,Commerce,LOW,INTERNAL,TRUSTED,ACTIVE,SYNTHETIC
INFRA-0045,SHARED_INFRASTRUCTURE,Shared Infrastructure 0045,AP-NORTHEAST,Supply Chain,CRITICAL,INTERNAL,TRUSTED,ACTIVE,SYNTHETIC
INFRA-0046,SHARED_INFRASTRUCTURE,Shared Infrastructure 0046,AP-NORTHEAST,Support,CRITICAL,INTERNAL,TRUSTED,ACTIVE,SYNTHETIC
INFRA-0047,SHARED_INFRASTRUCTURE,Shared Infrastructure 0047,AP-NORTHEAST,Manufacturing,CRITICAL,INTERNAL,TRUSTED,ACTIVE,SYNTHETIC
INFRA-0048,SHARED_INFRASTRUCTURE,Shared Infrastructure 0048,EU-CENTRAL,Finance,LOW,INTERNAL,TRUSTED,ACTIVE,SYNTHETIC
INFRA-0049,SHARED_INFRASTRUCTURE,Shared Infrastructure 0049,AP-SOUTH,Supply Chain,CRITICAL,INTERNAL,TRUSTED,ACTIVE,SYNTHETIC
INFRA-0050,SHARED_INFRASTRUCTURE,Shared Infrastructure 0050,GLOBAL,Data,HIGH,INTERNAL,TRUSTED,ACTIVE,SYNTHETIC
INFRA-0051,SHARED_INFRASTRUCTURE,Shared Infrastructure 0051,LATAM,Supply Chain,MEDIUM,INTERNAL,TRUSTED,ACTIVE,SYNTHETIC
INFRA-0052,SHARED_INFRASTRUCTURE,Shared Infrastructure 0052,GLOBAL,Finance,MEDIUM,INTERNAL,TRUSTED,ACTIVE,SYNTHETIC
INFRA-0053,SHARED_INFRASTRUCTURE,Shared Infrastructure 0053,US-EAST,Security,CRITICAL,INTERNAL,TRUSTED,ACTIVE,SYNTHETIC
INFRA-0054,SHARED_INFRASTRUCTURE,Shared Infrastructure 0054,EU-CENTRAL,Sales,MEDIUM,INTERNAL,CONDITIONAL,ACTIVE,SYNTHETIC
INFRA-0055,SHARED_INFRASTRUCTURE,Shared Infrastructure 0055,EU-WEST,Finance,LOW,INTERNAL,TRUSTED,ACTIVE,SYNTHETIC
INFRA-0056,SHARED_INFRASTRUCTURE,Shared Infrastructure 0056,US-EAST,Sales,CRITICAL,INTERNAL,TRUSTED,ACTIVE,SYNTHETIC
INFRA-0057,SHARED_INFRASTRUCTURE,Shared Infrastructure 0057,EU-WEST,Manufacturing,CRITICAL,INTERNAL,TRUSTED,ACTIVE,SYNTHETIC
INFRA-0058,SHARED_INFRASTRUCTURE,Shared Infrastructure 0058,EU-WEST,Sales,MEDIUM,INTERNAL,TRUSTED,ACTIVE,SYNTHETIC
INFRA-0059,SHARED_INFRASTRUCTURE,Shared Infrastructure 0059,AP-NORTHEAST,HR,HIGH,INTERNAL,TRUSTED,ACTIVE,SYNTHETIC
INFRA-0060,SHARED_INFRASTRUCTURE,Shared Infrastructure 0060,LATAM,Engineering,LOW,INTERNAL,CONDITIONAL,ACTIVE,SYNTHETIC
INFRA-0061,SHARED_INFRASTRUCTURE,Shared Infrastructure 0061,AP-SOUTH,Security,MEDIUM,INTERNAL,TRUSTED,ACTIVE,SYNTHETIC
INFRA-0062,SHARED_INFRASTRUCTURE,Shared Infrastructure 0062,EU-WEST,Legal,LOW,INTERNAL,TRUSTED,ACTIVE,SYNTHETIC
INFRA-0063,SHARED_INFRASTRUCTURE,Shared Infrastructure 0063,GLOBAL,Supply Chain,LOW,INTERNAL,TRUSTED,ACTIVE,SYNTHETIC
INFRA-0064,SHARED_INFRASTRUCTURE,Shared Infrastructure 0064,AP-SOUTH,Manufacturing,HIGH,INTERNAL,CONDITIONAL,ACTIVE,SYNTHETIC
INFRA-0065,SHARED_INFRASTRUCTURE,Shared Infrastructure 0065,US-WEST,Legal,CRITICAL,INTERNAL,TRUSTED,ACTIVE,SYNTHETIC
INFRA-0066,SHARED_INFRASTRUCTURE,Shared Infrastructure 0066,GLOBAL,Support,MEDIUM,INTERNAL,CONDITIONAL,ACTIVE,SYNTHETIC
INFRA-0067,SHARED_INFRASTRUCTURE,Shared Infrastructure 0067,AP-NORTHEAST,Corporate,HIGH,INTERNAL,TRUSTED,ACTIVE,SYNTHETIC
INFRA-0068,SHARED_INFRASTRUCTURE,Shared Infrastructure 0068,EU-WEST,Finance,LOW,INTERNAL,CONDITIONAL,ACTIVE,SYNTHETIC
INFRA-0069,SHARED_INFRASTRUCTURE,Shared Infrastructure 0069,LATAM,Legal,MEDIUM,INTERNAL,TRUSTED,ACTIVE,SYNTHETIC
INFRA-0070,SHARED_INFRASTRUCTURE,Shared Infrastructure 0070,AP-SOUTH,Manufacturing,CRITICAL,INTERNAL,CONDITIONAL,ACTIVE,SYNTHETIC
INFRA-0071,SHARED_INFRASTRUCTURE,Shared Infrastructure 0071,AP-SOUTH,Commerce,CRITICAL,INTERNAL,TRUSTED,ACTIVE,SYNTHETIC
INFRA-0072,SHARED_INFRASTRUCTURE,Shared Infrastructure 0072,EU-CENTRAL,Commerce,CRITICAL,INTERNAL,TRUSTED,ACTIVE,SYNTHETIC
INFRA-0073,SHARED_INFRASTRUCTURE,Shared Infrastructure 0073,AP-NORTHEAST,Data,MEDIUM,INTERNAL,TRUSTED,ACTIVE,SYNTHETIC
INFRA-0074,SHARED_INFRASTRUCTURE,Shared Infrastructure 0074,EU-WEST,Engineering,MEDIUM,INTERNAL,TRUSTED,ACTIVE,SYNTHETIC
INFRA-0075,SHARED_INFRASTRUCTURE,Shared Infrastructure 0075,EU-CENTRAL,Corporate,LOW,INTERNAL,TRUSTED,ACTIVE,SYNTHETIC
INFRA-0076,SHARED_INFRASTRUCTURE,Shared Infrastructure 0076,GLOBAL,Commerce,CRITICAL,INTERNAL,TRUSTED,ACTIVE,SYNTHETIC
INFRA-0077,SHARED_INFRASTRUCTURE,Shared Infrastructure 0077,EU-CENTRAL,Supply Chain,LOW,INTERNAL,TRUSTED,ACTIVE,SYNTHETIC
INFRA-0078,SHARED_INFRASTRUCTURE,Shared Infrastructure 0078,GLOBAL,HR,MEDIUM,INTERNAL,TRUSTED,ACTIVE,SYNTHETIC
INFRA-0079,SHARED_INFRASTRUCTURE,Shared Infrastructure 0079,US-WEST,Support,HIGH,INTERNAL,TRUSTED,ACTIVE,SYNTHETIC
INFRA-0080,SHARED_INFRASTRUCTURE,Shared Infrastructure 0080,AP-SOUTH,Commerce,LOW,INTERNAL,TRUSTED,ACTIVE,SYNTHETIC
INFRA-0081,SHARED_INFRASTRUCTURE,Shared Infrastructure 0081,GLOBAL,Manufacturing,MEDIUM,INTERNAL,TRUSTED,ACTIVE,SYNTHETIC
INFRA-0082,SHARED_INFRASTRUCTURE,Shared Infrastructure 0082,AP-NORTHEAST,Legal,MEDIUM,INTERNAL,TRUSTED,ACTIVE,SYNTHETIC
INFRA-0083,SHARED_INFRASTRUCTURE,Shared Infrastructure 0083,US-WEST,Commerce,LOW,INTERNAL,TRUSTED,ACTIVE,SYNTHETIC
INFRA-0084,SHARED_INFRASTRUCTURE,Shared Infrastructure 0084,EU-WEST,Manufacturing,LOW,INTERNAL,TRUSTED,ACTIVE,SYNTHETIC
INFRA-0085,SHARED_INFRASTRUCTURE,Shared Infrastructure 0085,US-EAST,Supply Chain,MEDIUM,INTERNAL,TRUSTED,ACTIVE,SYNTHETIC
INFRA-0086,SHARED_INFRASTRUCTURE,Shared Infrastructure 0086,US-EAST,Corporate,MEDIUM,INTERNAL,TRUSTED,ACTIVE,SYNTHETIC
INFRA-0087,SHARED_INFRASTRUCTURE,Shared Infrastructure 0087,EU-CENTRAL,Finance,HIGH,INTERNAL,TRUSTED,ACTIVE,SYNTHETIC
INFRA-0088,SHARED_INFRASTRUCTURE,Shared Infrastructure 0088,EU-CENTRAL,Legal,CRITICAL,INTERNAL,TRUSTED,ACTIVE,SYNTHETIC
INFRA-0089,SHARED_INFRASTRUCTURE,Shared Infrastructure 0089,GLOBAL,Commerce,HIGH,INTERNAL,TRUSTED,ACTIVE,SYNTHETIC
INFRA-0090,SHARED_INFRASTRUCTURE,Shared Infrastructure 0090,AP-NORTHEAST,Data,MEDIUM,INTERNAL,TRUSTED,ACTIVE,SYNTHETIC
INFRA-0091,SHARED_INFRASTRUCTURE,Shared Infrastructure 0091,US-WEST,Security,CRITICAL,INTERNAL,TRUSTED,ACTIVE,SYNTHETIC
INFRA-0092,SHARED_INFRASTRUCTURE,Shared Infrastructure 0092,GLOBAL,Finance,MEDIUM,INTERNAL,TRUSTED,ACTIVE,SYNTHETIC
INFRA-0093,SHARED_INFRASTRUCTURE,Shared Infrastructure 0093,EU-CENTRAL,Finance,MEDIUM,INTERNAL,TRUSTED,ACTIVE,SYNTHETIC
INFRA-0094,SHARED_INFRASTRUCTURE,Shared Infrastructure 0094,AP-NORTHEAST,HR,MEDIUM,INTERNAL,TRUSTED,ACTIVE,SYNTHETIC
INFRA-0095,SHARED_INFRASTRUCTURE,Shared Infrastructure 0095,EU-CENTRAL,Data,HIGH,INTERNAL,TRUSTED,ACTIVE,SYNTHETIC
INFRA-0096,SHARED_INFRASTRUCTURE,Shared Infrastructure 0096,EU-CENTRAL,Commerce,LOW,INTERNAL,TRUSTED,ACTIVE,SYNTHETIC
INFRA-0097,SHARED_INFRASTRUCTURE,Shared Infrastructure 0097,LATAM,Data,CRITICAL,INTERNAL,TRUSTED,ACTIVE,SYNTHETIC
INFRA-0098,SHARED_INFRASTRUCTURE,Shared Infrastructure 0098,US-EAST,Support,MEDIUM,INTERNAL,TRUSTED,ACTIVE,SYNTHETIC
INFRA-0099,SHARED_INFRASTRUCTURE,Shared Infrastructure 0099,LATAM,Support,MEDIUM,INTERNAL,TRUSTED,ACTIVE,SYNTHETIC
INFRA-0100,SHARED_INFRASTRUCTURE,Shared Infrastructure 0100,GLOBAL,Legal,MEDIUM,INTERNAL,TRUSTED,ACTIVE,SYNTHETIC
INFRA-0101,SHARED_INFRASTRUCTURE,Shared Infrastructure 0101,EU-WEST,Manufacturing,MEDIUM,INTERNAL,TRUSTED,ACTIVE,SYNTHETIC
INFRA-0102,SHARED_INFRASTRUCTURE,Shared Infrastructure 0102,AP-NORTHEAST,Security,MEDIUM,INTERNAL,CONDITIONAL,ACTIVE,SYNTHETIC
INFRA-0103,SHARED_INFRASTRUCTURE,Shared Infrastructure 0103,LATAM,Supply Chain,HIGH,INTERNAL,TRUSTED,ACTIVE,SYNTHETIC
INFRA-0104,SHARED_INFRASTRUCTURE,Shared Infrastructure 0104,LATAM,Legal,LOW,INTERNAL,TRUSTED,ACTIVE,SYNTHETIC
INFRA-0105,SHARED_INFRASTRUCTURE,Shared Infrastructure 0105,US-WEST,Data,CRITICAL,INTERNAL,TRUSTED,ACTIVE,SYNTHETIC
INFRA-0106,SHARED_INFRASTRUCTURE,Shared Infrastructure 0106,AP-SOUTH,Manufacturing,MEDIUM,INTERNAL,TRUSTED,ACTIVE,SYNTHETIC
INFRA-0107,SHARED_INFRASTRUCTURE,Shared Infrastructure 0107,AP-SOUTH,Data,LOW,INTERNAL,TRUSTED,ACTIVE,SYNTHETIC
INFRA-0108,SHARED_INFRASTRUCTURE,Shared Infrastructure 0108,EU-WEST,Sales,LOW,INTERNAL,TRUSTED,ACTIVE,SYNTHETIC
INFRA-0109,SHARED_INFRASTRUCTURE,Shared Infrastructure 0109,GLOBAL,Data,MEDIUM,INTERNAL,TRUSTED,ACTIVE,SYNTHETIC
INFRA-0110,SHARED_INFRASTRUCTURE,Shared Infrastructure 0110,AP-NORTHEAST,Corporate,HIGH,INTERNAL,TRUSTED,ACTIVE,SYNTHETIC
INFRA-0111,SHARED_INFRASTRUCTURE,Shared Infrastructure 0111,EU-WEST,HR,LOW,INTERNAL,TRUSTED,ACTIVE,SYNTHETIC
INFRA-0112,SHARED_INFRASTRUCTURE,Shared Infrastructure 0112,US-EAST,Engineering,HIGH,INTERNAL,TRUSTED,ACTIVE,SYNTHETIC
INFRA-0113,SHARED_INFRASTRUCTURE,Shared Infrastructure 0113,EU-CENTRAL,Security,HIGH,INTERNAL,TRUSTED,ACTIVE,SYNTHETIC
INFRA-0114,SHARED_INFRASTRUCTURE,Shared Infrastructure 0114,US-WEST,Sales,MEDIUM,INTERNAL,TRUSTED,ACTIVE,SYNTHETIC
INFRA-0115,SHARED_INFRASTRUCTURE,Shared Infrastructure 0115,GLOBAL,Finance,HIGH,INTERNAL,TRUSTED,ACTIVE,SYNTHETIC
INFRA-0116,SHARED_INFRASTRUCTURE,Shared Infrastructure 0116,US-WEST,Engineering,LOW,INTERNAL,TRUSTED,ACTIVE,SYNTHETIC
INFRA-0117,SHARED_INFRASTRUCTURE,Shared Infrastructure 0117,US-WEST,Legal,MEDIUM,INTERNAL,TRUSTED,ACTIVE,SYNTHETIC
INFRA-0118,SHARED_INFRASTRUCTURE,Shared Infrastructure 0118,US-EAST,Legal,CRITICAL,INTERNAL,TRUSTED,ACTIVE,SYNTHETIC
INFRA-0119,SHARED_INFRASTRUCTURE,Shared Infrastructure 0119,LATAM,Supply Chain,LOW,INTERNAL,TRUSTED,ACTIVE,SYNTHETIC
INFRA-0120,SHARED_INFRASTRUCTURE,Shared Infrastructure 0120,AP-SOUTH,Manufacturing,MEDIUM,INTERNAL,CONDITIONAL,ACTIVE,SYNTHETIC
INFRA-0121,SHARED_INFRASTRUCTURE,Shared Infrastructure 0121,AP-NORTHEAST,Legal,LOW,INTERNAL,TRUSTED,ACTIVE,SYNTHETIC
INFRA-0122,SHARED_INFRASTRUCTURE,Shared Infrastructure 0122,EU-CENTRAL,Support,MEDIUM,INTERNAL,TRUSTED,ACTIVE,SYNTHETIC
INFRA-0123,SHARED_INFRASTRUCTURE,Shared Infrastructure 0123,US-EAST,Supply Chain,LOW,INTERNAL,TRUSTED,ACTIVE,SYNTHETIC
INFRA-0124,SHARED_INFRASTRUCTURE,Shared Infrastructure 0124,US-EAST,Support,LOW,INTERNAL,TRUSTED,ACTIVE,SYNTHETIC
INFRA-0125,SHARED_INFRASTRUCTURE,Shared Infrastructure 0125,GLOBAL,Finance,HIGH,INTERNAL,TRUSTED,ACTIVE,SYNTHETIC
INFRA-0126,SHARED_INFRASTRUCTURE,Shared Infrastructure 0126,AP-SOUTH,Corporate,CRITICAL,INTERNAL,CONDITIONAL,ACTIVE,SYNTHETIC
INFRA-0127,SHARED_INFRASTRUCTURE,Shared Infrastructure 0127,AP-NORTHEAST,Engineering,CRITICAL,INTERNAL,TRUSTED,ACTIVE,SYNTHETIC
INFRA-0128,SHARED_INFRASTRUCTURE,Shared Infrastructure 0128,GLOBAL,Security,HIGH,INTERNAL,TRUSTED,ACTIVE,SYNTHETIC
INFRA-0129,SHARED_INFRASTRUCTURE,Shared Infrastructure 0129,AP-SOUTH,HR,HIGH,INTERNAL,TRUSTED,ACTIVE,SYNTHETIC
INFRA-0130,SHARED_INFRASTRUCTURE,Shared Infrastructure 0130,AP-NORTHEAST,Corporate,HIGH,INTERNAL,TRUSTED,ACTIVE,SYNTHETIC
INFRA-0131,SHARED_INFRASTRUCTURE,Shared Infrastructure 0131,EU-WEST,Legal,LOW,INTERNAL,TRUSTED,ACTIVE,SYNTHETIC
INFRA-0132,SHARED_INFRASTRUCTURE,Shared Infrastructure 0132,LATAM,Security,LOW,INTERNAL,TRUSTED,ACTIVE,SYNTHETIC
INFRA-0133,SHARED_INFRASTRUCTURE,Shared Infrastructure 0133,LATAM,Commerce,HIGH,INTERNAL,TRUSTED,ACTIVE,SYNTHETIC
INFRA-0134,SHARED_INFRASTRUCTURE,Shared Infrastructure 0134,GLOBAL,Manufacturing,CRITICAL,INTERNAL,TRUSTED,ACTIVE,SYNTHETIC
INFRA-0135,SHARED_INFRASTRUCTURE,Shared Infrastructure 0135,US-WEST,HR,MEDIUM,INTERNAL,TRUSTED,ACTIVE,SYNTHETIC
INFRA-0136,SHARED_INFRASTRUCTURE,Shared Infrastructure 0136,US-EAST,Security,HIGH,INTERNAL,TRUSTED,ACTIVE,SYNTHETIC
INFRA-0137,SHARED_INFRASTRUCTURE,Shared Infrastructure 0137,EU-CENTRAL,Corporate,HIGH,INTERNAL,TRUSTED,ACTIVE,SYNTHETIC
INFRA-0138,SHARED_INFRASTRUCTURE,Shared Infrastructure 0138,GLOBAL,Engineering,LOW,INTERNAL,TRUSTED,ACTIVE,SYNTHETIC
INFRA-0139,SHARED_INFRASTRUCTURE,Shared Infrastructure 0139,AP-NORTHEAST,Supply Chain,MEDIUM,INTERNAL,TRUSTED,ACTIVE,SYNTHETIC
INFRA-0140,SHARED_INFRASTRUCTURE,Shared Infrastructure 0140,US-WEST,Security,HIGH,INTERNAL,TRUSTED,ACTIVE,SYNTHETIC
VENDOR-0001,EXTERNAL_VENDOR_SERVICE,External Vendor Service 0001,GLOBAL,Finance,HIGH,EXTERNAL_VENDOR,TRUSTED,ACTIVE,SYNTHETIC
VENDOR-0002,EXTERNAL_VENDOR_SERVICE,External Vendor Service 0002,GLOBAL,Manufacturing,CRITICAL,EXTERNAL_VENDOR,TRUSTED,ACTIVE,SYNTHETIC
VENDOR-0003,EXTERNAL_VENDOR_SERVICE,External Vendor Service 0003,GLOBAL,Support,CRITICAL,EXTERNAL_VENDOR,TRUSTED,ACTIVE,SYNTHETIC
VENDOR-0004,EXTERNAL_VENDOR_SERVICE,External Vendor Service 0004,GLOBAL,Security,MEDIUM,EXTERNAL_VENDOR,TRUSTED,ACTIVE,SYNTHETIC
VENDOR-0005,EXTERNAL_VENDOR_SERVICE,External Vendor Service 0005,GLOBAL,Commerce,CRITICAL,EXTERNAL_VENDOR,TRUSTED,ACTIVE,SYNTHETIC
VENDOR-0006,EXTERNAL_VENDOR_SERVICE,External Vendor Service 0006,GLOBAL,Finance,LOW,EXTERNAL_VENDOR,TRUSTED,ACTIVE,SYNTHETIC
VENDOR-0007,EXTERNAL_VENDOR_SERVICE,External Vendor Service 0007,GLOBAL,Commerce,LOW,EXTERNAL_VENDOR,TRUSTED,ACTIVE,SYNTHETIC
VENDOR-0008,EXTERNAL_VENDOR_SERVICE,External Vendor Service 0008,GLOBAL,Sales,HIGH,EXTERNAL_VENDOR,TRUSTED,ACTIVE,SYNTHETIC
VENDOR-0009,EXTERNAL_VENDOR_SERVICE,External Vendor Service 0009,GLOBAL,Data,LOW,EXTERNAL_VENDOR,TRUSTED,ACTIVE,SYNTHETIC
VENDOR-0010,EXTERNAL_VENDOR_SERVICE,External Vendor Service 0010,GLOBAL,Legal,MEDIUM,EXTERNAL_VENDOR,TRUSTED,ACTIVE,SYNTHETIC
VENDOR-0011,EXTERNAL_VENDOR_SERVICE,External Vendor Service 0011,GLOBAL,Sales,CRITICAL,EXTERNAL_VENDOR,TRUSTED,ACTIVE,SYNTHETIC
VENDOR-0012,EXTERNAL_VENDOR_SERVICE,External Vendor Service 0012,GLOBAL,Engineering,MEDIUM,EXTERNAL_VENDOR,TRUSTED,ACTIVE,SYNTHETIC
VENDOR-0013,EXTERNAL_VENDOR_SERVICE,External Vendor Service 0013,GLOBAL,Commerce,HIGH,EXTERNAL_VENDOR,TRUSTED,ACTIVE,SYNTHETIC
VENDOR-0014,EXTERNAL_VENDOR_SERVICE,External Vendor Service 0014,GLOBAL,Manufacturing,MEDIUM,EXTERNAL_VENDOR,TRUSTED,ACTIVE,SYNTHETIC
VENDOR-0015,EXTERNAL_VENDOR_SERVICE,External Vendor Service 0015,GLOBAL,Sales,MEDIUM,EXTERNAL_VENDOR,TRUSTED,ACTIVE,SYNTHETIC
VENDOR-0016,EXTERNAL_VENDOR_SERVICE,External Vendor Service 0016,GLOBAL,Data,CRITICAL,EXTERNAL_VENDOR,TRUSTED,ACTIVE,SYNTHETIC
VENDOR-0017,EXTERNAL_VENDOR_SERVICE,External Vendor Service 0017,GLOBAL,Finance,LOW,EXTERNAL_VENDOR,CONDITIONAL,ACTIVE,SYNTHETIC
VENDOR-0018,EXTERNAL_VENDOR_SERVICE,External Vendor Service 0018,GLOBAL,Manufacturing,CRITICAL,EXTERNAL_VENDOR,TRUSTED,ACTIVE,SYNTHETIC
VENDOR-0019,EXTERNAL_VENDOR_SERVICE,External Vendor Service 0019,GLOBAL,Security,LOW,EXTERNAL_VENDOR,TRUSTED,ACTIVE,SYNTHETIC
VENDOR-0020,EXTERNAL_VENDOR_SERVICE,External Vendor Service 0020,GLOBAL,Security,CRITICAL,EXTERNAL_VENDOR,TRUSTED,ACTIVE,SYNTHETIC
VENDOR-0021,EXTERNAL_VENDOR_SERVICE,External Vendor Service 0021,GLOBAL,Commerce,HIGH,EXTERNAL_VENDOR,TRUSTED,ACTIVE,SYNTHETIC
VENDOR-0022,EXTERNAL_VENDOR_SERVICE,External Vendor Service 0022,GLOBAL,Sales,MEDIUM,EXTERNAL_VENDOR,TRUSTED,ACTIVE,SYNTHETIC
VENDOR-0023,EXTERNAL_VENDOR_SERVICE,External Vendor Service 0023,GLOBAL,Security,LOW,EXTERNAL_VENDOR,TRUSTED,ACTIVE,SYNTHETIC
VENDOR-0024,EXTERNAL_VENDOR_SERVICE,External Vendor Service 0024,GLOBAL,Sales,MEDIUM,EXTERNAL_VENDOR,TRUSTED,ACTIVE,SYNTHETIC
VENDOR-0025,EXTERNAL_VENDOR_SERVICE,External Vendor Service 0025,GLOBAL,Security,CRITICAL,EXTERNAL_VENDOR,TRUSTED,ACTIVE,SYNTHETIC
VENDOR-0026,EXTERNAL_VENDOR_SERVICE,External Vendor Service 0026,GLOBAL,Supply Chain,MEDIUM,EXTERNAL_VENDOR,TRUSTED,ACTIVE,SYNTHETIC
VENDOR-0027,EXTERNAL_VENDOR_SERVICE,External Vendor Service 0027,GLOBAL,Security,LOW,EXTERNAL_VENDOR,TRUSTED,ACTIVE,SYNTHETIC
VENDOR-0028,EXTERNAL_VENDOR_SERVICE,External Vendor Service 0028,GLOBAL,Sales,LOW,EXTERNAL_VENDOR,TRUSTED,ACTIVE,SYNTHETIC
VENDOR-0029,EXTERNAL_VENDOR_SERVICE,External Vendor Service 0029,GLOBAL,Legal,HIGH,EXTERNAL_VENDOR,TRUSTED,ACTIVE,SYNTHETIC
VENDOR-0030,EXTERNAL_VENDOR_SERVICE,External Vendor Service 0030,GLOBAL,Support,LOW,EXTERNAL_VENDOR,TRUSTED,ACTIVE,SYNTHETIC
VENDOR-0031,EXTERNAL_VENDOR_SERVICE,External Vendor Service 0031,GLOBAL,Data,LOW,EXTERNAL_VENDOR,TRUSTED,ACTIVE,SYNTHETIC
VENDOR-0032,EXTERNAL_VENDOR_SERVICE,External Vendor Service 0032,GLOBAL,HR,HIGH,EXTERNAL_VENDOR,TRUSTED,ACTIVE,SYNTHETIC
VENDOR-0033,EXTERNAL_VENDOR_SERVICE,External Vendor Service 0033,GLOBAL,Sales,HIGH,EXTERNAL_VENDOR,TRUSTED,ACTIVE,SYNTHETIC
VENDOR-0034,EXTERNAL_VENDOR_SERVICE,External Vendor Service 0034,GLOBAL,Support,LOW,EXTERNAL_VENDOR,TRUSTED,ACTIVE,SYNTHETIC
VENDOR-0035,EXTERNAL_VENDOR_SERVICE,External Vendor Service 0035,GLOBAL,Legal,HIGH,EXTERNAL_VENDOR,TRUSTED,ACTIVE,SYNTHETIC
VENDOR-0036,EXTERNAL_VENDOR_SERVICE,External Vendor Service 0036,GLOBAL,Security,CRITICAL,EXTERNAL_VENDOR,TRUSTED,ACTIVE,SYNTHETIC
VENDOR-0037,EXTERNAL_VENDOR_SERVICE,External Vendor Service 0037,GLOBAL,Security,HIGH,EXTERNAL_VENDOR,TRUSTED,ACTIVE,SYNTHETIC
VENDOR-0038,EXTERNAL_VENDOR_SERVICE,External Vendor Service 0038,GLOBAL,Security,HIGH,EXTERNAL_VENDOR,TRUSTED,ACTIVE,SYNTHETIC
VENDOR-0039,EXTERNAL_VENDOR_SERVICE,External Vendor Service 0039,GLOBAL,Legal,MEDIUM,EXTERNAL_VENDOR,TRUSTED,ACTIVE,SYNTHETIC
VENDOR-0040,EXTERNAL_VENDOR_SERVICE,External Vendor Service 0040,GLOBAL,Security,CRITICAL,EXTERNAL_VENDOR,CONDITIONAL,ACTIVE,SYNTHETIC
VENDOR-0041,EXTERNAL_VENDOR_SERVICE,External Vendor Service 0041,GLOBAL,Sales,HIGH,EXTERNAL_VENDOR,CONDITIONAL,ACTIVE,SYNTHETIC
VENDOR-0042,EXTERNAL_VENDOR_SERVICE,External Vendor Service 0042,GLOBAL,Sales,MEDIUM,EXTERNAL_VENDOR,TRUSTED,ACTIVE,SYNTHETIC
VENDOR-0043,EXTERNAL_VENDOR_SERVICE,External Vendor Service 0043,GLOBAL,Supply Chain,HIGH,EXTERNAL_VENDOR,TRUSTED,ACTIVE,SYNTHETIC
VENDOR-0044,EXTERNAL_VENDOR_SERVICE,External Vendor Service 0044,GLOBAL,Sales,HIGH,EXTERNAL_VENDOR,TRUSTED,ACTIVE,SYNTHETIC
VENDOR-0045,EXTERNAL_VENDOR_SERVICE,External Vendor Service 0045,GLOBAL,Manufacturing,HIGH,EXTERNAL_VENDOR,TRUSTED,ACTIVE,SYNTHETIC
VENDOR-0046,EXTERNAL_VENDOR_SERVICE,External Vendor Service 0046,GLOBAL,Manufacturing,LOW,EXTERNAL_VENDOR,CONDITIONAL,ACTIVE,SYNTHETIC
VENDOR-0047,EXTERNAL_VENDOR_SERVICE,External Vendor Service 0047,GLOBAL,Support,CRITICAL,EXTERNAL_VENDOR,CONDITIONAL,ACTIVE,SYNTHETIC
VENDOR-0048,EXTERNAL_VENDOR_SERVICE,External Vendor Service 0048,GLOBAL,Security,LOW,EXTERNAL_VENDOR,TRUSTED,ACTIVE,SYNTHETIC
VENDOR-0049,EXTERNAL_VENDOR_SERVICE,External Vendor Service 0049,GLOBAL,Legal,CRITICAL,EXTERNAL_VENDOR,TRUSTED,ACTIVE,SYNTHETIC
VENDOR-0050,EXTERNAL_VENDOR_SERVICE,External Vendor Service 0050,GLOBAL,Security,MEDIUM,EXTERNAL_VENDOR,TRUSTED,ACTIVE,SYNTHETIC
VENDOR-0051,EXTERNAL_VENDOR_SERVICE,External Vendor Service 0051,GLOBAL,Sales,CRITICAL,EXTERNAL_VENDOR,TRUSTED,ACTIVE,SYNTHETIC
VENDOR-0052,EXTERNAL_VENDOR_SERVICE,External Vendor Service 0052,GLOBAL,Commerce,HIGH,EXTERNAL_VENDOR,TRUSTED,ACTIVE,SYNTHETIC
VENDOR-0053,EXTERNAL_VENDOR_SERVICE,External Vendor Service 0053,GLOBAL,Sales,CRITICAL,EXTERNAL_VENDOR,TRUSTED,ACTIVE,SYNTHETIC
VENDOR-0054,EXTERNAL_VENDOR_SERVICE,External Vendor Service 0054,GLOBAL,HR,MEDIUM,EXTERNAL_VENDOR,TRUSTED,ACTIVE,SYNTHETIC
VENDOR-0055,EXTERNAL_VENDOR_SERVICE,External Vendor Service 0055,GLOBAL,HR,HIGH,EXTERNAL_VENDOR,CONDITIONAL,ACTIVE,SYNTHETIC
VENDOR-0056,EXTERNAL_VENDOR_SERVICE,External Vendor Service 0056,GLOBAL,Security,LOW,EXTERNAL_VENDOR,TRUSTED,ACTIVE,SYNTHETIC
VENDOR-0057,EXTERNAL_VENDOR_SERVICE,External Vendor Service 0057,GLOBAL,HR,CRITICAL,EXTERNAL_VENDOR,TRUSTED,ACTIVE,SYNTHETIC
VENDOR-0058,EXTERNAL_VENDOR_SERVICE,External Vendor Service 0058,GLOBAL,Manufacturing,CRITICAL,EXTERNAL_VENDOR,TRUSTED,ACTIVE,SYNTHETIC
VENDOR-0059,EXTERNAL_VENDOR_SERVICE,External Vendor Service 0059,GLOBAL,HR,MEDIUM,EXTERNAL_VENDOR,TRUSTED,ACTIVE,SYNTHETIC
VENDOR-0060,EXTERNAL_VENDOR_SERVICE,External Vendor Service 0060,GLOBAL,Security,HIGH,EXTERNAL_VENDOR,TRUSTED,ACTIVE,SYNTHETIC
TEAM-0001,SUPPORT_TEAM,Support Team 0001,AP-NORTHEAST,Supply Chain,MEDIUM,INTERNAL,TRUSTED,ACTIVE,SYNTHETIC
TEAM-0002,SUPPORT_TEAM,Support Team 0002,AP-NORTHEAST,Support,MEDIUM,INTERNAL,TRUSTED,ACTIVE,SYNTHETIC
TEAM-0003,SUPPORT_TEAM,Support Team 0003,LATAM,Commerce,LOW,INTERNAL,TRUSTED,ACTIVE,SYNTHETIC
TEAM-0004,SUPPORT_TEAM,Support Team 0004,LATAM,Supply Chain,LOW,INTERNAL,TRUSTED,ACTIVE,SYNTHETIC
TEAM-0005,SUPPORT_TEAM,Support Team 0005,LATAM,Security,CRITICAL,INTERNAL,CONDITIONAL,ACTIVE,SYNTHETIC
TEAM-0006,SUPPORT_TEAM,Support Team 0006,EU-WEST,Finance,MEDIUM,INTERNAL,TRUSTED,ACTIVE,SYNTHETIC
TEAM-0007,SUPPORT_TEAM,Support Team 0007,LATAM,Legal,LOW,INTERNAL,TRUSTED,ACTIVE,SYNTHETIC
TEAM-0008,SUPPORT_TEAM,Support Team 0008,AP-NORTHEAST,Sales,HIGH,INTERNAL,TRUSTED,ACTIVE,SYNTHETIC
TEAM-0009,SUPPORT_TEAM,Support Team 0009,US-EAST,Manufacturing,HIGH,INTERNAL,TRUSTED,ACTIVE,SYNTHETIC
TEAM-0010,SUPPORT_TEAM,Support Team 0010,EU-CENTRAL,Manufacturing,LOW,INTERNAL,TRUSTED,ACTIVE,SYNTHETIC
TEAM-0011,SUPPORT_TEAM,Support Team 0011,EU-CENTRAL,Manufacturing,LOW,INTERNAL,TRUSTED,ACTIVE,SYNTHETIC
TEAM-0012,SUPPORT_TEAM,Support Team 0012,GLOBAL,Sales,CRITICAL,INTERNAL,TRUSTED,ACTIVE,SYNTHETIC
TEAM-0013,SUPPORT_TEAM,Support Team 0013,EU-WEST,Data,HIGH,INTERNAL,TRUSTED,ACTIVE,SYNTHETIC
TEAM-0014,SUPPORT_TEAM,Support Team 0014,EU-CENTRAL,Legal,LOW,INTERNAL,TRUSTED,ACTIVE,SYNTHETIC
TEAM-0015,SUPPORT_TEAM,Support Team 0015,AP-SOUTH,Engineering,LOW,INTERNAL,TRUSTED,ACTIVE,SYNTHETIC
TEAM-0016,SUPPORT_TEAM,Support Team 0016,AP-NORTHEAST,Corporate,CRITICAL,INTERNAL,TRUSTED,ACTIVE,SYNTHETIC
TEAM-0017,SUPPORT_TEAM,Support Team 0017,EU-WEST,HR,LOW,INTERNAL,TRUSTED,ACTIVE,SYNTHETIC
TEAM-0018,SUPPORT_TEAM,Support Team 0018,EU-CENTRAL,Corporate,LOW,INTERNAL,TRUSTED,ACTIVE,SYNTHETIC
TEAM-0019,SUPPORT_TEAM,Support Team 0019,GLOBAL,Supply Chain,CRITICAL,INTERNAL,TRUSTED,ACTIVE,SYNTHETIC
TEAM-0020,SUPPORT_TEAM,Support Team 0020,AP-SOUTH,Security,CRITICAL,INTERNAL,TRUSTED,ACTIVE,SYNTHETIC
TEAM-0021,SUPPORT_TEAM,Support Team 0021,EU-WEST,Manufacturing,LOW,INTERNAL,TRUSTED,ACTIVE,SYNTHETIC
TEAM-0022,SUPPORT_TEAM,Support Team 0022,GLOBAL,Engineering,CRITICAL,INTERNAL,TRUSTED,ACTIVE,SYNTHETIC
TEAM-0023,SUPPORT_TEAM,Support Team 0023,US-EAST,Engineering,HIGH,INTERNAL,TRUSTED,ACTIVE,SYNTHETIC
TEAM-0024,SUPPORT_TEAM,Support Team 0024,EU-WEST,Sales,LOW,INTERNAL,TRUSTED,ACTIVE,SYNTHETIC
TEAM-0025,SUPPORT_TEAM,Support Team 0025,EU-WEST,Corporate,CRITICAL,INTERNAL,TRUSTED,ACTIVE,SYNTHETIC
TEAM-0026,SUPPORT_TEAM,Support Team 0026,EU-CENTRAL,Engineering,MEDIUM,INTERNAL,TRUSTED,ACTIVE,SYNTHETIC
TEAM-0027,SUPPORT_TEAM,Support Team 0027,LATAM,HR,CRITICAL,INTERNAL,TRUSTED,ACTIVE,SYNTHETIC
TEAM-0028,SUPPORT_TEAM,Support Team 0028,AP-NORTHEAST,Data,HIGH,INTERNAL,TRUSTED,ACTIVE,SYNTHETIC
TEAM-0029,SUPPORT_TEAM,Support Team 0029,EU-CENTRAL,HR,CRITICAL,INTERNAL,TRUSTED,ACTIVE,SYNTHETIC
TEAM-0030,SUPPORT_TEAM,Support Team 0030,EU-WEST,Legal,LOW,INTERNAL,TRUSTED,ACTIVE,SYNTHETIC
TEAM-0031,SUPPORT_TEAM,Support Team 0031,AP-SOUTH,Finance,LOW,INTERNAL,TRUSTED,ACTIVE,SYNTHETIC
TEAM-0032,SUPPORT_TEAM,Support Team 0032,AP-NORTHEAST,Security,LOW,INTERNAL,TRUSTED,ACTIVE,SYNTHETIC
TEAM-0033,SUPPORT_TEAM,Support Team 0033,EU-WEST,Finance,HIGH,INTERNAL,TRUSTED,ACTIVE,SYNTHETIC
TEAM-0034,SUPPORT_TEAM,Support Team 0034,EU-CENTRAL,Supply Chain,LOW,INTERNAL,CONDITIONAL,ACTIVE,SYNTHETIC
TEAM-0035,SUPPORT_TEAM,Support Team 0035,US-WEST,Support,HIGH,INTERNAL,TRUSTED,ACTIVE,SYNTHETIC
TEAM-0036,SUPPORT_TEAM,Support Team 0036,LATAM,Security,CRITICAL,INTERNAL,TRUSTED,ACTIVE,SYNTHETIC
TEAM-0037,SUPPORT_TEAM,Support Team 0037,US-EAST,Support,LOW,INTERNAL,TRUSTED,ACTIVE,SYNTHETIC
TEAM-0038,SUPPORT_TEAM,Support Team 0038,AP-NORTHEAST,Corporate,MEDIUM,INTERNAL,TRUSTED,ACTIVE,SYNTHETIC
TEAM-0039,SUPPORT_TEAM,Support Team 0039,US-EAST,HR,CRITICAL,INTERNAL,TRUSTED,ACTIVE,SYNTHETIC
TEAM-0040,SUPPORT_TEAM,Support Team 0040,LATAM,HR,MEDIUM,INTERNAL,TRUSTED,ACTIVE,SYNTHETIC
TEAM-0041,SUPPORT_TEAM,Support Team 0041,EU-WEST,Legal,CRITICAL,INTERNAL,TRUSTED,ACTIVE,SYNTHETIC
TEAM-0042,SUPPORT_TEAM,Support Team 0042,AP-SOUTH,Commerce,HIGH,INTERNAL,TRUSTED,ACTIVE,SYNTHETIC
TEAM-0043,SUPPORT_TEAM,Support Team 0043,AP-SOUTH,Manufacturing,HIGH,INTERNAL,TRUSTED,ACTIVE,SYNTHETIC
TEAM-0044,SUPPORT_TEAM,Support Team 0044,AP-NORTHEAST,Data,LOW,INTERNAL,TRUSTED,ACTIVE,SYNTHETIC
TEAM-0045,SUPPORT_TEAM,Support Team 0045,US-EAST,Security,MEDIUM,INTERNAL,TRUSTED,ACTIVE,SYNTHETIC
TEAM-0046,SUPPORT_TEAM,Support Team 0046,EU-CENTRAL,Support,CRITICAL,INTERNAL,CONDITIONAL,ACTIVE,SYNTHETIC
TEAM-0047,SUPPORT_TEAM,Support Team 0047,AP-SOUTH,Engineering,MEDIUM,INTERNAL,TRUSTED,ACTIVE,SYNTHETIC
TEAM-0048,SUPPORT_TEAM,Support Team 0048,LATAM,Supply Chain,HIGH,INTERNAL,TRUSTED,ACTIVE,SYNTHETIC
TEAM-0049,SUPPORT_TEAM,Support Team 0049,US-WEST,Engineering,CRITICAL,INTERNAL,TRUSTED,ACTIVE,SYNTHETIC
TEAM-0050,SUPPORT_TEAM,Support Team 0050,AP-NORTHEAST,HR,CRITICAL,INTERNAL,TRUSTED,ACTIVE,SYNTHETIC
TEAM-0051,SUPPORT_TEAM,Support Team 0051,GLOBAL,Engineering,MEDIUM,INTERNAL,TRUSTED,ACTIVE,SYNTHETIC
TEAM-0052,SUPPORT_TEAM,Support Team 0052,EU-WEST,Sales,HIGH,INTERNAL,TRUSTED,ACTIVE,SYNTHETIC
TEAM-0053,SUPPORT_TEAM,Support Team 0053,AP-NORTHEAST,Data,LOW,INTERNAL,TRUSTED,ACTIVE,SYNTHETIC
TEAM-0054,SUPPORT_TEAM,Support Team 0054,GLOBAL,Support,LOW,INTERNAL,CONDITIONAL,ACTIVE,SYNTHETIC
TEAM-0055,SUPPORT_TEAM,Support Team 0055,AP-NORTHEAST,Supply Chain,MEDIUM,INTERNAL,TRUSTED,ACTIVE,SYNTHETIC
TEAM-0056,SUPPORT_TEAM,Support Team 0056,GLOBAL,Commerce,LOW,INTERNAL,TRUSTED,ACTIVE,SYNTHETIC
TEAM-0057,SUPPORT_TEAM,Support Team 0057,US-WEST,Corporate,HIGH,INTERNAL,TRUSTED,ACTIVE,SYNTHETIC
TEAM-0058,SUPPORT_TEAM,Support Team 0058,EU-CENTRAL,Commerce,CRITICAL,INTERNAL,TRUSTED,ACTIVE,SYNTHETIC
TEAM-0059,SUPPORT_TEAM,Support Team 0059,AP-NORTHEAST,Support,LOW,INTERNAL,CONDITIONAL,ACTIVE,SYNTHETIC
TEAM-0060,SUPPORT_TEAM,Support Team 0060,EU-WEST,Support,MEDIUM,INTERNAL,TRUSTED,ACTIVE,SYNTHETIC
TEAM-0061,SUPPORT_TEAM,Support Team 0061,AP-SOUTH,Security,MEDIUM,INTERNAL,TRUSTED,ACTIVE,SYNTHETIC
TEAM-0062,SUPPORT_TEAM,Support Team 0062,US-EAST,Engineering,MEDIUM,INTERNAL,TRUSTED,ACTIVE,SYNTHETIC
TEAM-0063,SUPPORT_TEAM,Support Team 0063,US-EAST,Finance,LOW,INTERNAL,TRUSTED,ACTIVE,SYNTHETIC
TEAM-0064,SUPPORT_TEAM,Support Team 0064,GLOBAL,Commerce,CRITICAL,INTERNAL,TRUSTED,ACTIVE,SYNTHETIC
TEAM-0065,SUPPORT_TEAM,Support Team 0065,GLOBAL,Finance,HIGH,INTERNAL,TRUSTED,ACTIVE,SYNTHETIC
TEAM-0066,SUPPORT_TEAM,Support Team 0066,GLOBAL,Commerce,MEDIUM,INTERNAL,TRUSTED,ACTIVE,SYNTHETIC
TEAM-0067,SUPPORT_TEAM,Support Team 0067,EU-WEST,Sales,MEDIUM,INTERNAL,TRUSTED,ACTIVE,SYNTHETIC
TEAM-0068,SUPPORT_TEAM,Support Team 0068,US-EAST,Corporate,MEDIUM,INTERNAL,TRUSTED,ACTIVE,SYNTHETIC
TEAM-0069,SUPPORT_TEAM,Support Team 0069,EU-CENTRAL,Support,LOW,INTERNAL,CONDITIONAL,ACTIVE,SYNTHETIC
TEAM-0070,SUPPORT_TEAM,Support Team 0070,US-WEST,Legal,MEDIUM,INTERNAL,TRUSTED,ACTIVE,SYNTHETIC
TEAM-0071,SUPPORT_TEAM,Support Team 0071,AP-SOUTH,Manufacturing,MEDIUM,INTERNAL,TRUSTED,ACTIVE,SYNTHETIC
TEAM-0072,SUPPORT_TEAM,Support Team 0072,EU-CENTRAL,Manufacturing,CRITICAL,INTERNAL,TRUSTED,ACTIVE,SYNTHETIC
TEAM-0073,SUPPORT_TEAM,Support Team 0073,US-EAST,Supply Chain,LOW,INTERNAL,TRUSTED,ACTIVE,SYNTHETIC
TEAM-0074,SUPPORT_TEAM,Support Team 0074,US-WEST,Manufacturing,CRITICAL,INTERNAL,TRUSTED,ACTIVE,SYNTHETIC
TEAM-0075,SUPPORT_TEAM,Support Team 0075,AP-SOUTH,Supply Chain,MEDIUM,INTERNAL,TRUSTED,ACTIVE,SYNTHETIC
TEAM-0076,SUPPORT_TEAM,Support Team 0076,LATAM,Supply Chain,CRITICAL,INTERNAL,TRUSTED,ACTIVE,SYNTHETIC
TEAM-0077,SUPPORT_TEAM,Support Team 0077,EU-WEST,Manufacturing,CRITICAL,INTERNAL,TRUSTED,ACTIVE,SYNTHETIC
TEAM-0078,SUPPORT_TEAM,Support Team 0078,EU-WEST,Finance,HIGH,INTERNAL,TRUSTED,ACTIVE,SYNTHETIC
TEAM-0079,SUPPORT_TEAM,Support Team 0079,LATAM,Data,LOW,INTERNAL,CONDITIONAL,ACTIVE,SYNTHETIC
TEAM-0080,SUPPORT_TEAM,Support Team 0080,LATAM,Security,LOW,INTERNAL,TRUSTED,ACTIVE,SYNTHETIC
TEAM-0081,SUPPORT_TEAM,Support Team 0081,EU-CENTRAL,Commerce,MEDIUM,INTERNAL,TRUSTED,ACTIVE,SYNTHETIC
TEAM-0082,SUPPORT_TEAM,Support Team 0082,LATAM,Data,MEDIUM,INTERNAL,TRUSTED,ACTIVE,SYNTHETIC
TEAM-0083,SUPPORT_TEAM,Support Team 0083,LATAM,Supply Chain,LOW,INTERNAL,TRUSTED,ACTIVE,SYNTHETIC
TEAM-0084,SUPPORT_TEAM,Support Team 0084,US-EAST,Data,LOW,INTERNAL,TRUSTED,ACTIVE,SYNTHETIC
TEAM-0085,SUPPORT_TEAM,Support Team 0085,US-WEST,Finance,HIGH,INTERNAL,CONDITIONAL,ACTIVE,SYNTHETIC
TEAM-0086,SUPPORT_TEAM,Support Team 0086,GLOBAL,Support,HIGH,INTERNAL,TRUSTED,ACTIVE,SYNTHETIC
TEAM-0087,SUPPORT_TEAM,Support Team 0087,US-WEST,Corporate,CRITICAL,INTERNAL,TRUSTED,ACTIVE,SYNTHETIC
TEAM-0088,SUPPORT_TEAM,Support Team 0088,US-WEST,Support,LOW,INTERNAL,TRUSTED,ACTIVE,SYNTHETIC
TEAM-0089,SUPPORT_TEAM,Support Team 0089,AP-SOUTH,Supply Chain,MEDIUM,INTERNAL,TRUSTED,ACTIVE,SYNTHETIC
TEAM-0090,SUPPORT_TEAM,Support Team 0090,LATAM,Manufacturing,LOW,INTERNAL,TRUSTED,ACTIVE,SYNTHETIC
TEAM-0091,SUPPORT_TEAM,Support Team 0091,EU-CENTRAL,HR,LOW,INTERNAL,TRUSTED,ACTIVE,SYNTHETIC
TEAM-0092,SUPPORT_TEAM,Support Team 0092,LATAM,Security,LOW,INTERNAL,TRUSTED,ACTIVE,SYNTHETIC
TEAM-0093,SUPPORT_TEAM,Support Team 0093,LATAM,Supply Chain,LOW,INTERNAL,CONDITIONAL,ACTIVE,SYNTHETIC
TEAM-0094,SUPPORT_TEAM,Support Team 0094,US-WEST,Finance,CRITICAL,INTERNAL,TRUSTED,ACTIVE,SYNTHETIC
TEAM-0095,SUPPORT_TEAM,Support Team 0095,GLOBAL,Engineering,MEDIUM,INTERNAL,TRUSTED,ACTIVE,SYNTHETIC
TEAM-0096,SUPPORT_TEAM,Support Team 0096,AP-SOUTH,Sales,HIGH,INTERNAL,TRUSTED,ACTIVE,SYNTHETIC
TEAM-0097,SUPPORT_TEAM,Support Team 0097,US-WEST,Manufacturing,LOW,INTERNAL,TRUSTED,ACTIVE,SYNTHETIC
TEAM-0098,SUPPORT_TEAM,Support Team 0098,AP-NORTHEAST,Supply Chain,LOW,INTERNAL,TRUSTED,ACTIVE,SYNTHETIC
TEAM-0099,SUPPORT_TEAM,Support Team 0099,US-EAST,Supply Chain,HIGH,INTERNAL,TRUSTED,ACTIVE,SYNTHETIC
TEAM-0100,SUPPORT_TEAM,Support Team 0100,EU-WEST,HR,HIGH,INTERNAL,TRUSTED,ACTIVE,SYNTHETIC
TEAM-0101,SUPPORT_TEAM,Support Team 0101,US-EAST,HR,LOW,INTERNAL,TRUSTED,ACTIVE,SYNTHETIC
TEAM-0102,SUPPORT_TEAM,Support Team 0102,EU-CENTRAL,Corporate,MEDIUM,INTERNAL,TRUSTED,ACTIVE,SYNTHETIC
TEAM-0103,SUPPORT_TEAM,Support Team 0103,US-EAST,Manufacturing,HIGH,INTERNAL,TRUSTED,ACTIVE,SYNTHETIC
TEAM-0104,SUPPORT_TEAM,Support Team 0104,GLOBAL,Engineering,CRITICAL,INTERNAL,TRUSTED,ACTIVE,SYNTHETIC
TEAM-0105,SUPPORT_TEAM,Support Team 0105,EU-WEST,HR,LOW,INTERNAL,TRUSTED,ACTIVE,SYNTHETIC
TEAM-0106,SUPPORT_TEAM,Support Team 0106,GLOBAL,Legal,MEDIUM,INTERNAL,TRUSTED,ACTIVE,SYNTHETIC
TEAM-0107,SUPPORT_TEAM,Support Team 0107,EU-WEST,Supply Chain,HIGH,INTERNAL,TRUSTED,ACTIVE,SYNTHETIC
TEAM-0108,SUPPORT_TEAM,Support Team 0108,EU-WEST,Security,HIGH,INTERNAL,TRUSTED,ACTIVE,SYNTHETIC
TEAM-0109,SUPPORT_TEAM,Support Team 0109,AP-SOUTH,Engineering,LOW,INTERNAL,TRUSTED,ACTIVE,SYNTHETIC
TEAM-0110,SUPPORT_TEAM,Support Team 0110,AP-SOUTH,Engineering,CRITICAL,INTERNAL,TRUSTED,ACTIVE,SYNTHETIC
TEAM-0111,SUPPORT_TEAM,Support Team 0111,US-EAST,Commerce,HIGH,INTERNAL,TRUSTED,ACTIVE,SYNTHETIC
TEAM-0112,SUPPORT_TEAM,Support Team 0112,GLOBAL,Engineering,HIGH,INTERNAL,TRUSTED,ACTIVE,SYNTHETIC
TEAM-0113,SUPPORT_TEAM,Support Team 0113,EU-WEST,Commerce,MEDIUM,INTERNAL,TRUSTED,ACTIVE,SYNTHETIC
TEAM-0114,SUPPORT_TEAM,Support Team 0114,EU-WEST,Engineering,LOW,INTERNAL,TRUSTED,ACTIVE,SYNTHETIC
TEAM-0115,SUPPORT_TEAM,Support Team 0115,GLOBAL,Finance,MEDIUM,INTERNAL,TRUSTED,ACTIVE,SYNTHETIC
TEAM-0116,SUPPORT_TEAM,Support Team 0116,LATAM,HR,LOW,INTERNAL,TRUSTED,ACTIVE,SYNTHETIC
TEAM-0117,SUPPORT_TEAM,Support Team 0117,AP-SOUTH,Engineering,HIGH,INTERNAL,TRUSTED,ACTIVE,SYNTHETIC
TEAM-0118,SUPPORT_TEAM,Support Team 0118,EU-WEST,Data,MEDIUM,INTERNAL,TRUSTED,ACTIVE,SYNTHETIC
TEAM-0119,SUPPORT_TEAM,Support Team 0119,GLOBAL,Support,HIGH,INTERNAL,TRUSTED,ACTIVE,SYNTHETIC
TEAM-0120,SUPPORT_TEAM,Support Team 0120,LATAM,Sales,MEDIUM,INTERNAL,TRUSTED,ACTIVE,SYNTHETIC
POL-0001,POLICY_OR_CREDENTIAL,Policy Or Credential 0001,US-EAST,Security,LOW,INTERNAL,TRUSTED,ACTIVE,SYNTHETIC
POL-0002,POLICY_OR_CREDENTIAL,Policy Or Credential 0002,US-WEST,Data,HIGH,INTERNAL,TRUSTED,ACTIVE,SYNTHETIC
POL-0003,POLICY_OR_CREDENTIAL,Policy Or Credential 0003,US-WEST,HR,HIGH,INTERNAL,TRUSTED,ACTIVE,SYNTHETIC
POL-0004,POLICY_OR_CREDENTIAL,Policy Or Credential 0004,US-WEST,Finance,MEDIUM,INTERNAL,TRUSTED,ACTIVE,SYNTHETIC
POL-0005,POLICY_OR_CREDENTIAL,Policy Or Credential 0005,US-EAST,Manufacturing,MEDIUM,INTERNAL,TRUSTED,ACTIVE,SYNTHETIC
POL-0006,POLICY_OR_CREDENTIAL,Policy Or Credential 0006,AP-SOUTH,Corporate,HIGH,INTERNAL,TRUSTED,ACTIVE,SYNTHETIC
POL-0007,POLICY_OR_CREDENTIAL,Policy Or Credential 0007,EU-CENTRAL,Sales,CRITICAL,INTERNAL,TRUSTED,ACTIVE,SYNTHETIC
POL-0008,POLICY_OR_CREDENTIAL,Policy Or Credential 0008,EU-WEST,HR,LOW,INTERNAL,TRUSTED,ACTIVE,SYNTHETIC
POL-0009,POLICY_OR_CREDENTIAL,Policy Or Credential 0009,AP-NORTHEAST,Engineering,MEDIUM,INTERNAL,TRUSTED,ACTIVE,SYNTHETIC
POL-0010,POLICY_OR_CREDENTIAL,Policy Or Credential 0010,LATAM,Engineering,HIGH,INTERNAL,TRUSTED,ACTIVE,SYNTHETIC
POL-0011,POLICY_OR_CREDENTIAL,Policy Or Credential 0011,EU-CENTRAL,Corporate,LOW,INTERNAL,TRUSTED,ACTIVE,SYNTHETIC
POL-0012,POLICY_OR_CREDENTIAL,Policy Or Credential 0012,LATAM,Engineering,HIGH,INTERNAL,CONDITIONAL,ACTIVE,SYNTHETIC
POL-0013,POLICY_OR_CREDENTIAL,Policy Or Credential 0013,LATAM,Engineering,HIGH,INTERNAL,TRUSTED,ACTIVE,SYNTHETIC
POL-0014,POLICY_OR_CREDENTIAL,Policy Or Credential 0014,US-EAST,Commerce,MEDIUM,INTERNAL,TRUSTED,ACTIVE,SYNTHETIC
POL-0015,POLICY_OR_CREDENTIAL,Policy Or Credential 0015,EU-WEST,HR,CRITICAL,INTERNAL,TRUSTED,ACTIVE,SYNTHETIC
POL-0016,POLICY_OR_CREDENTIAL,Policy Or Credential 0016,AP-NORTHEAST,Support,CRITICAL,INTERNAL,TRUSTED,ACTIVE,SYNTHETIC
POL-0017,POLICY_OR_CREDENTIAL,Policy Or Credential 0017,AP-NORTHEAST,Commerce,CRITICAL,INTERNAL,TRUSTED,ACTIVE,SYNTHETIC
POL-0018,POLICY_OR_CREDENTIAL,Policy Or Credential 0018,AP-SOUTH,Supply Chain,LOW,INTERNAL,TRUSTED,ACTIVE,SYNTHETIC
POL-0019,POLICY_OR_CREDENTIAL,Policy Or Credential 0019,AP-SOUTH,Support,HIGH,INTERNAL,TRUSTED,ACTIVE,SYNTHETIC
POL-0020,POLICY_OR_CREDENTIAL,Policy Or Credential 0020,EU-CENTRAL,HR,CRITICAL,INTERNAL,TRUSTED,ACTIVE,SYNTHETIC
POL-0021,POLICY_OR_CREDENTIAL,Policy Or Credential 0021,US-WEST,Finance,MEDIUM,INTERNAL,TRUSTED,ACTIVE,SYNTHETIC
POL-0022,POLICY_OR_CREDENTIAL,Policy Or Credential 0022,AP-SOUTH,Supply Chain,MEDIUM,INTERNAL,TRUSTED,ACTIVE,SYNTHETIC
POL-0023,POLICY_OR_CREDENTIAL,Policy Or Credential 0023,LATAM,HR,MEDIUM,INTERNAL,TRUSTED,ACTIVE,SYNTHETIC
POL-0024,POLICY_OR_CREDENTIAL,Policy Or Credential 0024,AP-NORTHEAST,Engineering,CRITICAL,INTERNAL,TRUSTED,ACTIVE,SYNTHETIC
POL-0025,POLICY_OR_CREDENTIAL,Policy Or Credential 0025,GLOBAL,Finance,MEDIUM,INTERNAL,TRUSTED,ACTIVE,SYNTHETIC
POL-0026,POLICY_OR_CREDENTIAL,Policy Or Credential 0026,US-EAST,Finance,MEDIUM,INTERNAL,TRUSTED,ACTIVE,SYNTHETIC
POL-0027,POLICY_OR_CREDENTIAL,Policy Or Credential 0027,US-EAST,Finance,CRITICAL,INTERNAL,TRUSTED,ACTIVE,SYNTHETIC
POL-0028,POLICY_OR_CREDENTIAL,Policy Or Credential 0028,GLOBAL,Engineering,MEDIUM,INTERNAL,TRUSTED,ACTIVE,SYNTHETIC
POL-0029,POLICY_OR_CREDENTIAL,Policy Or Credential 0029,US-EAST,Security,MEDIUM,INTERNAL,TRUSTED,ACTIVE,SYNTHETIC
POL-0030,POLICY_OR_CREDENTIAL,Policy Or Credential 0030,EU-WEST,Commerce,HIGH,INTERNAL,TRUSTED,ACTIVE,SYNTHETIC
POL-0031,POLICY_OR_CREDENTIAL,Policy Or Credential 0031,EU-CENTRAL,Supply Chain,LOW,INTERNAL,TRUSTED,ACTIVE,SYNTHETIC
POL-0032,POLICY_OR_CREDENTIAL,Policy Or Credential 0032,AP-NORTHEAST,Sales,LOW,INTERNAL,CONDITIONAL,ACTIVE,SYNTHETIC
POL-0033,POLICY_OR_CREDENTIAL,Policy Or Credential 0033,LATAM,Supply Chain,MEDIUM,INTERNAL,TRUSTED,ACTIVE,SYNTHETIC
POL-0034,POLICY_OR_CREDENTIAL,Policy Or Credential 0034,AP-SOUTH,Support,CRITICAL,INTERNAL,TRUSTED,ACTIVE,SYNTHETIC
POL-0035,POLICY_OR_CREDENTIAL,Policy Or Credential 0035,AP-SOUTH,Legal,MEDIUM,INTERNAL,TRUSTED,ACTIVE,SYNTHETIC
POL-0036,POLICY_OR_CREDENTIAL,Policy Or Credential 0036,EU-CENTRAL,Data,LOW,INTERNAL,TRUSTED,ACTIVE,SYNTHETIC
POL-0037,POLICY_OR_CREDENTIAL,Policy Or Credential 0037,GLOBAL,Legal,MEDIUM,INTERNAL,TRUSTED,ACTIVE,SYNTHETIC
POL-0038,POLICY_OR_CREDENTIAL,Policy Or Credential 0038,EU-CENTRAL,Security,MEDIUM,INTERNAL,TRUSTED,ACTIVE,SYNTHETIC
POL-0039,POLICY_OR_CREDENTIAL,Policy Or Credential 0039,EU-CENTRAL,Engineering,HIGH,INTERNAL,TRUSTED,ACTIVE,SYNTHETIC
POL-0040,POLICY_OR_CREDENTIAL,Policy Or Credential 0040,US-EAST,Manufacturing,HIGH,INTERNAL,TRUSTED,ACTIVE,SYNTHETIC
POL-0041,POLICY_OR_CREDENTIAL,Policy Or Credential 0041,EU-CENTRAL,Legal,CRITICAL,INTERNAL,TRUSTED,ACTIVE,SYNTHETIC
POL-0042,POLICY_OR_CREDENTIAL,Policy Or Credential 0042,AP-NORTHEAST,Security,LOW,INTERNAL,CONDITIONAL,ACTIVE,SYNTHETIC
POL-0043,POLICY_OR_CREDENTIAL,Policy Or Credential 0043,US-EAST,Security,CRITICAL,INTERNAL,TRUSTED,ACTIVE,SYNTHETIC
POL-0044,POLICY_OR_CREDENTIAL,Policy Or Credential 0044,AP-NORTHEAST,Support,HIGH,INTERNAL,TRUSTED,ACTIVE,SYNTHETIC
POL-0045,POLICY_OR_CREDENTIAL,Policy Or Credential 0045,US-EAST,Commerce,MEDIUM,INTERNAL,TRUSTED,ACTIVE,SYNTHETIC
POL-0046,POLICY_OR_CREDENTIAL,Policy Or Credential 0046,LATAM,Corporate,LOW,INTERNAL,TRUSTED,ACTIVE,SYNTHETIC
POL-0047,POLICY_OR_CREDENTIAL,Policy Or Credential 0047,AP-NORTHEAST,Corporate,HIGH,INTERNAL,TRUSTED,ACTIVE,SYNTHETIC
POL-0048,POLICY_OR_CREDENTIAL,Policy Or Credential 0048,AP-SOUTH,Finance,MEDIUM,INTERNAL,TRUSTED,ACTIVE,SYNTHETIC
POL-0049,POLICY_OR_CREDENTIAL,Policy Or Credential 0049,LATAM,Security,CRITICAL,INTERNAL,TRUSTED,ACTIVE,SYNTHETIC
POL-0050,POLICY_OR_CREDENTIAL,Policy Or Credential 0050,GLOBAL,Supply Chain,LOW,INTERNAL,TRUSTED,ACTIVE,SYNTHETIC
POL-0051,POLICY_OR_CREDENTIAL,Policy Or Credential 0051,GLOBAL,Finance,MEDIUM,INTERNAL,TRUSTED,ACTIVE,SYNTHETIC
POL-0052,POLICY_OR_CREDENTIAL,Policy Or Credential 0052,AP-NORTHEAST,HR,HIGH,INTERNAL,TRUSTED,ACTIVE,SYNTHETIC
POL-0053,POLICY_OR_CREDENTIAL,Policy Or Credential 0053,EU-CENTRAL,Corporate,HIGH,INTERNAL,TRUSTED,ACTIVE,SYNTHETIC
POL-0054,POLICY_OR_CREDENTIAL,Policy Or Credential 0054,AP-SOUTH,Data,CRITICAL,INTERNAL,TRUSTED,ACTIVE,SYNTHETIC
POL-0055,POLICY_OR_CREDENTIAL,Policy Or Credential 0055,AP-SOUTH,Corporate,CRITICAL,INTERNAL,TRUSTED,ACTIVE,SYNTHETIC
POL-0056,POLICY_OR_CREDENTIAL,Policy Or Credential 0056,EU-WEST,Sales,CRITICAL,INTERNAL,TRUSTED,ACTIVE,SYNTHETIC
POL-0057,POLICY_OR_CREDENTIAL,Policy Or Credential 0057,GLOBAL,HR,CRITICAL,INTERNAL,TRUSTED,ACTIVE,SYNTHETIC
POL-0058,POLICY_OR_CREDENTIAL,Policy Or Credential 0058,EU-WEST,Supply Chain,LOW,INTERNAL,TRUSTED,ACTIVE,SYNTHETIC
POL-0059,POLICY_OR_CREDENTIAL,Policy Or Credential 0059,EU-WEST,Legal,HIGH,INTERNAL,TRUSTED,ACTIVE,SYNTHETIC
POL-0060,POLICY_OR_CREDENTIAL,Policy Or Credential 0060,AP-NORTHEAST,Engineering,MEDIUM,INTERNAL,TRUSTED,ACTIVE,SYNTHETIC
POL-0061,POLICY_OR_CREDENTIAL,Policy Or Credential 0061,AP-NORTHEAST,Engineering,CRITICAL,INTERNAL,TRUSTED,ACTIVE,SYNTHETIC
POL-0062,POLICY_OR_CREDENTIAL,Policy Or Credential 0062,AP-SOUTH,HR,LOW,INTERNAL,TRUSTED,ACTIVE,SYNTHETIC
POL-0063,POLICY_OR_CREDENTIAL,Policy Or Credential 0063,GLOBAL,Supply Chain,LOW,INTERNAL,TRUSTED,ACTIVE,SYNTHETIC
POL-0064,POLICY_OR_CREDENTIAL,Policy Or Credential 0064,US-EAST,Finance,MEDIUM,INTERNAL,TRUSTED,ACTIVE,SYNTHETIC
POL-0065,POLICY_OR_CREDENTIAL,Policy Or Credential 0065,GLOBAL,Commerce,HIGH,INTERNAL,TRUSTED,ACTIVE,SYNTHETIC
POL-0066,POLICY_OR_CREDENTIAL,Policy Or Credential 0066,US-EAST,Support,CRITICAL,INTERNAL,TRUSTED,ACTIVE,SYNTHETIC
POL-0067,POLICY_OR_CREDENTIAL,Policy Or Credential 0067,AP-SOUTH,HR,MEDIUM,INTERNAL,TRUSTED,ACTIVE,SYNTHETIC
POL-0068,POLICY_OR_CREDENTIAL,Policy Or Credential 0068,EU-WEST,Commerce,HIGH,INTERNAL,TRUSTED,ACTIVE,SYNTHETIC
POL-0069,POLICY_OR_CREDENTIAL,Policy Or Credential 0069,LATAM,Corporate,LOW,INTERNAL,TRUSTED,ACTIVE,SYNTHETIC
POL-0070,POLICY_OR_CREDENTIAL,Policy Or Credential 0070,US-EAST,Support,CRITICAL,INTERNAL,TRUSTED,ACTIVE,SYNTHETIC
