episode_id,incident_id,true_cause_family,true_root_entity_id,true_pattern_id,correct_remediation,propagation_targets,change_id,cause_selection_stream,background_stream,data_classification
EP-000001,INC-000001,CERTIFICATE_EXPIRY,COMP-0005,KE-0003,ROTATE_CERTIFICATE,"[""APP-0005"", ""CAP-0001"", ""CLOUD-0005"", ""COMP-0001"", ""COMP-0006"", ""COMP-0010"", ""COMP-0013"", ""COMP-0020"", ""COMP-0021"", ""COMP-0025"", ""COMP-0027"", ""COMP-0029"", ""COMP-0030"", ""DATA-0005"", ""DATA-0008"", ""INFRA-0005"", ""POL-0001"", ""POL-0002"", ""POL-0003"", ""POL-0004"", ""SVC-0001"", ""SVC-0005"", ""TEAM-0005"", ""VENDOR-0001""]",,cause:2:0,background:EP-000001,SYNTHETIC
EP-000002,INC-000002,IDENTITY_DEGRADATION,VENDOR-0004,KE-0004,RESTORE_IDENTITY_DEPENDENCY,"[""SVC-0002"", ""SVC-0004"", ""SVC-0005"", ""SVC-0007"", ""SVC-0008"", ""SVC-0009"", ""SVC-0011"", ""SVC-0012"", ""SVC-0013"", ""SVC-0014"", ""SVC-0015"", ""SVC-0017""]",,cause:3:0,background:EP-000002,SYNTHETIC
EP-000003,INC-000003,IDENTITY_DEGRADATION,VENDOR-0003,KE-0004,RESTORE_IDENTITY_DEPENDENCY,"[""SVC-0001"", ""SVC-0002"", ""SVC-0003"", ""SVC-0004"", ""SVC-0005"", ""SVC-0007"", ""SVC-0008"", ""SVC-0009"", ""SVC-0010"", ""SVC-0011"", ""SVC-0013"", ""SVC-0014""]",,cause:3:1,background:EP-000003,SYNTHETIC
EP-000004,INC-000004,NETWORK_PATH_DEGRADATION,INFRA-0005,KE-0005,REROUTE_TRAFFIC,"[""APP-0008"", ""CAP-0004"", ""CLOUD-0004"", ""CLOUD-0005"", ""CLOUD-0021"", ""COMP-0013"", ""INFRA-0003"", ""POL-0001"", ""SVC-0001"", ""SVC-0005"", ""SVC-0006"", ""SVC-0007"", ""SVC-0008"", ""SVC-0009"", ""SVC-0010"", ""SVC-0012"", ""SVC-0016"", ""SVC-0017"", ""SVC-0018"", ""TEAM-0001"", ""TEAM-0002"", ""VENDOR-0001"", ""VENDOR-0003""]",,cause:4:0,background:EP-000004,SYNTHETIC
EP-000005,INC-000005,NETWORK_PATH_DEGRADATION,INFRA-0004,KE-0005,REROUTE_TRAFFIC,"[""APP-0004"", ""CAP-0001"", ""CLOUD-0012"", ""CLOUD-0016"", ""CLOUD-0020"", ""COMP-0004"", ""COMP-0028"", ""POL-0004"", ""SVC-0001"", ""SVC-0004"", ""SVC-0005"", ""SVC-0009"", ""SVC-0010"", ""SVC-0011"", ""SVC-0012"", ""SVC-0013"", ""SVC-0015"", ""SVC-0016"", ""SVC-0017"", ""SVC-0018"", ""TEAM-0007""]",,cause:4:1,background:EP-000005,SYNTHETIC
EP-000006,INC-000006,NETWORK_PATH_DEGRADATION,INFRA-0003,KE-0005,REROUTE_TRAFFIC,"[""APP-0004"", ""CAP-0001"", ""CLOUD-0002"", ""CLOUD-0005"", ""CLOUD-0019"", ""CLOUD-0020"", ""COMP-0019"", ""INFRA-0002"", ""INFRA-0006"", ""POL-0003"", ""SVC-0007"", ""SVC-0008"", ""SVC-0009"", ""SVC-0010"", ""SVC-0011"", ""SVC-0012"", ""SVC-0013"", ""SVC-0015"", ""SVC-0017"", ""SVC-0018"", ""TEAM-0001"", ""TEAM-0005"", ""VENDOR-0004""]",,cause:4:2,background:EP-000006,SYNTHETIC
EP-000007,INC-000007,EXTERNAL_VENDOR_OUTAGE,VENDOR-0002,KE-0006,WAIT_AND_FAILOVER,"[""COMP-0002"", ""COMP-0020"", ""SVC-0002"", ""SVC-0004"", ""SVC-0005"", ""SVC-0007"", ""SVC-0009"", ""SVC-0010"", ""SVC-0013"", ""SVC-0014"", ""SVC-0018"", ""TEAM-0001""]",,cause:5:0,background:EP-000007,SYNTHETIC
EP-000008,INC-000008,EXTERNAL_VENDOR_OUTAGE,VENDOR-0001,KE-0006,WAIT_AND_FAILOVER,"[""COMP-0001"", ""COMP-0019"", ""SVC-0001"", ""SVC-0003"", ""SVC-0005"", ""SVC-0008"", ""SVC-0009"", ""SVC-0013"", ""SVC-0014"", ""SVC-0017"", ""SVC-0018"", ""TEAM-0003""]",CHG-000008,cause:5:1,background:EP-000008,SYNTHETIC
EP-000009,INC-000009,EXTERNAL_VENDOR_OUTAGE,VENDOR-0004,KE-0006,WAIT_AND_FAILOVER,"[""SVC-0002"", ""SVC-0004"", ""SVC-0005"", ""SVC-0007"", ""SVC-0008"", ""SVC-0009"", ""SVC-0011"", ""SVC-0012"", ""SVC-0013"", ""SVC-0014"", ""SVC-0015"", ""SVC-0017""]",,cause:5:2,background:EP-000009,SYNTHETIC
EP-000010,INC-000010,EXTERNAL_VENDOR_OUTAGE,VENDOR-0003,KE-0006,WAIT_AND_FAILOVER,"[""SVC-0001"", ""SVC-0002"", ""SVC-0003"", ""SVC-0004"", ""SVC-0005"", ""SVC-0007"", ""SVC-0008"", ""SVC-0009"", ""SVC-0010"", ""SVC-0011"", ""SVC-0013"", ""SVC-0014""]",CHG-000010,cause:5:3,background:EP-000010,SYNTHETIC
EP-000011,INC-000011,SOFTWARE_REGRESSION,COMP-0013,KE-0007,ROLLBACK_RELEASE,"[""APP-0002"", ""CAP-0001"", ""CLOUD-0013"", ""COMP-0003"", ""COMP-0006"", ""COMP-0008"", ""COMP-0011"", ""COMP-0019"", ""COMP-0021"", ""COMP-0029"", ""DATA-0003"", ""DATA-0009"", ""DATA-0010"", ""INFRA-0005"", ""POL-0001"", ""POL-0002"", ""POL-0003"", ""POL-0004"", ""SVC-0013"", ""TEAM-0006"", ""VENDOR-0001""]",CHG-000011,cause:6:0,background:EP-000011,SYNTHETIC
EP-000012,INC-000012,SOFTWARE_REGRESSION,COMP-0020,KE-0007,ROLLBACK_RELEASE,"[""APP-0002"", ""CAP-0004"", ""CLOUD-0020"", ""COMP-0001"", ""COMP-0005"", ""COMP-0010"", ""COMP-0012"", ""COMP-0016"", ""COMP-0019"", ""COMP-0025"", ""COMP-0027"", ""DATA-0003"", ""INFRA-0001"", ""INFRA-0008"", ""POL-0001"", ""POL-0002"", ""POL-0003"", ""POL-0004"", ""SVC-0002"", ""TEAM-0002"", ""VENDOR-0002"", ""VENDOR-0003"", ""VENDOR-0004""]",CHG-000012,cause:6:1,background:EP-000012,SYNTHETIC
EP-000013,INC-000013,SOFTWARE_REGRESSION,COMP-0027,KE-0007,ROLLBACK_RELEASE,"[""APP-0009"", ""CAP-0001"", ""CLOUD-0006"", ""COMP-0001"", ""COMP-0005"", ""COMP-0006"", ""COMP-0007"", ""COMP-0010"", ""COMP-0012"", ""COMP-0016"", ""COMP-0020"", ""COMP-0021"", ""COMP-0025"", ""DATA-0007"", ""DATA-0008"", ""INFRA-0003"", ""POL-0002"", ""POL-0003"", ""POL-0004"", ""SVC-0009"", ""TEAM-0002"", ""VENDOR-0001"", ""VENDOR-0003""]",,cause:6:2,background:EP-000013,SYNTHETIC
EP-000014,INC-000014,SOFTWARE_REGRESSION,COMP-0004,KE-0007,ROLLBACK_RELEASE,"[""APP-0004"", ""CAP-0004"", ""CLOUD-0004"", ""COMP-0003"", ""COMP-0011"", ""COMP-0017"", ""COMP-0019"", ""COMP-0021"", ""COMP-0025"", ""COMP-0029"", ""DATA-0001"", ""INFRA-0004"", ""INFRA-0005"", ""INFRA-0006"", ""INFRA-0007"", ""POL-0001"", ""POL-0002"", ""POL-0003"", ""POL-0004"", ""SVC-0004"", ""TEAM-0004"", ""VENDOR-0003"", ""VENDOR-0004""]",CHG-000014,cause:6:3,background:EP-000014,SYNTHETIC
EP-000015,INC-000015,SOFTWARE_REGRESSION,COMP-0011,KE-0007,ROLLBACK_RELEASE,"[""APP-0011"", ""CAP-0001"", ""CLOUD-0011"", ""COMP-0003"", ""COMP-0008"", ""COMP-0010"", ""COMP-0013"", ""COMP-0021"", ""COMP-0025"", ""DATA-0001"", ""DATA-0009"", ""INFRA-0003"", ""INFRA-0006"", ""POL-0001"", ""POL-0002"", ""POL-0004"", ""SVC-0011"", ""SVC-0012"", ""TEAM-0004"", ""VENDOR-0004""]",,cause:6:4,background:EP-000015,SYNTHETIC
EP-000016,INC-000016,DATA_STORE_CONTENTION,DATA-0010,KE-0008,TERMINATE_BLOCKING_WORKLOAD,"[""COMP-0002"", ""COMP-0003"", ""COMP-0013"", ""COMP-0021"", ""COMP-0028"", ""COMP-0030"", ""DATA-0001"", ""DATA-0002"", ""DATA-0003"", ""DATA-0004"", ""DATA-0005"", ""DATA-0006"", ""DATA-0007"", ""DATA-0008"", ""DATA-0009"", ""SVC-0002""]",,cause:7:0,background:EP-000016,SYNTHETIC
EP-000017,INC-000017,DATA_STORE_CONTENTION,DATA-0007,KE-0008,TERMINATE_BLOCKING_WORKLOAD,"[""COMP-0001"", ""COMP-0003"", ""COMP-0007"", ""COMP-0017"", ""COMP-0018"", ""COMP-0021"", ""COMP-0023"", ""COMP-0027"", ""DATA-0001"", ""DATA-0002"", ""DATA-0003"", ""DATA-0004"", ""DATA-0005"", ""DATA-0006"", ""DATA-0008"", ""DATA-0009"", ""DATA-0010"", ""SVC-0001""]",,cause:7:1,background:EP-000017,SYNTHETIC
EP-000018,INC-000018,DATA_STORE_CONTENTION,DATA-0004,KE-0008,TERMINATE_BLOCKING_WORKLOAD,"[""COMP-0005"", ""COMP-0012"", ""COMP-0014"", ""COMP-0015"", ""COMP-0017"", ""COMP-0025"", ""COMP-0028"", ""DATA-0001"", ""DATA-0002"", ""DATA-0003"", ""DATA-0005"", ""DATA-0006"", ""DATA-0007"", ""DATA-0008"", ""DATA-0009"", ""DATA-0010"", ""SVC-0012""]",,cause:7:2,background:EP-000018,SYNTHETIC
EP-000019,INC-000019,DATA_STORE_CONTENTION,DATA-0001,KE-0008,TERMINATE_BLOCKING_WORKLOAD,"[""COMP-0001"", ""COMP-0002"", ""COMP-0004"", ""COMP-0006"", ""COMP-0010"", ""COMP-0011"", ""COMP-0016"", ""COMP-0021"", ""COMP-0026"", ""COMP-0030"", ""DATA-0002"", ""DATA-0003"", ""DATA-0004"", ""DATA-0005"", ""DATA-0006"", ""DATA-0007"", ""DATA-0008"", ""DATA-0009"", ""DATA-0010"", ""SVC-0001""]",,cause:7:3,background:EP-000019,SYNTHETIC
EP-000020,INC-000020,DATA_STORE_CONTENTION,DATA-0008,KE-0008,TERMINATE_BLOCKING_WORKLOAD,"[""COMP-0003"", ""COMP-0005"", ""COMP-0007"", ""COMP-0014"", ""COMP-0016"", ""COMP-0017"", ""COMP-0023"", ""COMP-0026"", ""COMP-0027"", ""DATA-0001"", ""DATA-0002"", ""DATA-0003"", ""DATA-0004"", ""DATA-0005"", ""DATA-0006"", ""DATA-0007"", ""DATA-0009"", ""DATA-0010"", ""SVC-0005""]",,cause:7:4,background:EP-000020,SYNTHETIC
EP-000021,INC-000021,DATA_STORE_CONTENTION,DATA-0005,KE-0008,TERMINATE_BLOCKING_WORKLOAD,"[""COMP-0005"", ""COMP-0015"", ""COMP-0021"", ""COMP-0025"", ""COMP-0028"", ""DATA-0001"", ""DATA-0002"", ""DATA-0003"", ""DATA-0004"", ""DATA-0006"", ""DATA-0007"", ""DATA-0008"", ""DATA-0009"", ""DATA-0010"", ""SVC-0005""]",,cause:7:5,background:EP-000021,SYNTHETIC
EP-000022,INC-000022,DATA_STORE_CONTENTION,DATA-0002,KE-0008,TERMINATE_BLOCKING_WORKLOAD,"[""COMP-0002"", ""COMP-0003"", ""COMP-0008"", ""COMP-0012"", ""COMP-0025"", ""COMP-0028"", ""COMP-0029"", ""COMP-0030"", ""DATA-0001"", ""DATA-0003"", ""DATA-0004"", ""DATA-0005"", ""DATA-0006"", ""DATA-0007"", ""DATA-0008"", ""DATA-0009"", ""DATA-0010"", ""SVC-0008""]",,cause:7:6,background:EP-000022,SYNTHETIC
EP-000023,INC-000023,DATA_STORE_CONTENTION,DATA-0009,KE-0008,TERMINATE_BLOCKING_WORKLOAD,"[""COMP-0003"", ""COMP-0009"", ""COMP-0011"", ""COMP-0013"", ""COMP-0014"", ""COMP-0017"", ""COMP-0019"", ""COMP-0029"", ""DATA-0001"", ""DATA-0002"", ""DATA-0003"", ""DATA-0004"", ""DATA-0005"", ""DATA-0006"", ""DATA-0007"", ""DATA-0008"", ""DATA-0010"", ""SVC-0003""]",,cause:7:7,background:EP-000023,SYNTHETIC
EP-000024,INC-000024,QUEUE_BACKLOG,DATA-0007,KE-0009,SCALE_CONSUMERS,"[""COMP-0001"", ""COMP-0003"", ""COMP-0007"", ""COMP-0017"", ""COMP-0018"", ""COMP-0021"", ""COMP-0023"", ""COMP-0027"", ""DATA-0001"", ""DATA-0002"", ""DATA-0003"", ""DATA-0004"", ""DATA-0005"", ""DATA-0006"", ""DATA-0008"", ""DATA-0009"", ""DATA-0010"", ""SVC-0001""]",,cause:8:0,background:EP-000024,SYNTHETIC
EP-000025,INC-000025,QUEUE_BACKLOG,DATA-0004,KE-0009,SCALE_CONSUMERS,"[""COMP-0005"", ""COMP-0012"", ""COMP-0014"", ""COMP-0015"", ""COMP-0017"", ""COMP-0025"", ""COMP-0028"", ""DATA-0001"", ""DATA-0002"", ""DATA-0003"", ""DATA-0005"", ""DATA-0006"", ""DATA-0007"", ""DATA-0008"", ""DATA-0009"", ""DATA-0010"", ""SVC-0012""]",CHG-000025,cause:8:1,background:EP-000025,SYNTHETIC
EP-000026,INC-000026,QUEUE_BACKLOG,DATA-0001,KE-0009,SCALE_CONSUMERS,"[""COMP-0001"", ""COMP-0002"", ""COMP-0004"", ""COMP-0006"", ""COMP-0010"", ""COMP-0011"", ""COMP-0016"", ""COMP-0021"", ""COMP-0026"", ""COMP-0030"", ""DATA-0002"", ""DATA-0003"", ""DATA-0004"", ""DATA-0005"", ""DATA-0006"", ""DATA-0007"", ""DATA-0008"", ""DATA-0009"", ""DATA-0010"", ""SVC-0001""]",,cause:8:2,background:EP-000026,SYNTHETIC
EP-000027,INC-000027,QUEUE_BACKLOG,DATA-0008,KE-0009,SCALE_CONSUMERS,"[""COMP-0003"", ""COMP-0005"", ""COMP-0007"", ""COMP-0014"", ""COMP-0016"", ""COMP-0017"", ""COMP-0023"", ""COMP-0026"", ""COMP-0027"", ""DATA-0001"", ""DATA-0002"", ""DATA-0003"", ""DATA-0004"", ""DATA-0005"", ""DATA-0006"", ""DATA-0007"", ""DATA-0009"", ""DATA-0010"", ""SVC-0005""]",,cause:8:3,background:EP-000027,SYNTHETIC
EP-000028,INC-000028,QUEUE_BACKLOG,DATA-0005,KE-0009,SCALE_CONSUMERS,"[""COMP-0005"", ""COMP-0015"", ""COMP-0021"", ""COMP-0025"", ""COMP-0028"", ""DATA-0001"", ""DATA-0002"", ""DATA-0003"", ""DATA-0004"", ""DATA-0006"", ""DATA-0007"", ""DATA-0008"", ""DATA-0009"", ""DATA-0010"", ""SVC-0005""]",,cause:8:4,background:EP-000028,SYNTHETIC
EP-000029,INC-000029,QUEUE_BACKLOG,DATA-0002,KE-0009,SCALE_CONSUMERS,"[""COMP-0002"", ""COMP-0003"", ""COMP-0008"", ""COMP-0012"", ""COMP-0025"", ""COMP-0028"", ""COMP-0029"", ""COMP-0030"", ""DATA-0001"", ""DATA-0003"", ""DATA-0004"", ""DATA-0005"", ""DATA-0006"", ""DATA-0007"", ""DATA-0008"", ""DATA-0009"", ""DATA-0010"", ""SVC-0008""]",,cause:8:5,background:EP-000029,SYNTHETIC
EP-000030,INC-000030,QUEUE_BACKLOG,DATA-0009,KE-0009,SCALE_CONSUMERS,"[""COMP-0003"", ""COMP-0009"", ""COMP-0011"", ""COMP-0013"", ""COMP-0014"", ""COMP-0017"", ""COMP-0019"", ""COMP-0029"", ""DATA-0001"", ""DATA-0002"", ""DATA-0003"", ""DATA-0004"", ""DATA-0005"", ""DATA-0006"", ""DATA-0007"", ""DATA-0008"", ""DATA-0010"", ""SVC-0003""]",CHG-000030,cause:8:6,background:EP-000030,SYNTHETIC
EP-000031,INC-000031,QUEUE_BACKLOG,DATA-0006,KE-0009,SCALE_CONSUMERS,"[""COMP-0001"", ""COMP-0002"", ""COMP-0003"", ""COMP-0007"", ""COMP-0021"", ""COMP-0023"", ""COMP-0028"", ""COMP-0030"", ""DATA-0001"", ""DATA-0002"", ""DATA-0003"", ""DATA-0004"", ""DATA-0005"", ""DATA-0007"", ""DATA-0008"", ""DATA-0009"", ""DATA-0010"", ""POL-0001"", ""SVC-0001""]",CHG-000031,cause:8:7,background:EP-000031,SYNTHETIC
EP-000032,INC-000032,QUEUE_BACKLOG,DATA-0003,KE-0009,SCALE_CONSUMERS,"[""COMP-0003"", ""COMP-0013"", ""COMP-0016"", ""COMP-0019"", ""COMP-0023"", ""COMP-0028"", ""COMP-0029"", ""DATA-0001"", ""DATA-0002"", ""DATA-0004"", ""DATA-0005"", ""DATA-0006"", ""DATA-0007"", ""DATA-0008"", ""DATA-0009"", ""DATA-0010"", ""SVC-0003""]",,cause:8:8,background:EP-000032,SYNTHETIC
EP-000033,INC-000033,QUEUE_BACKLOG,DATA-0010,KE-0009,SCALE_CONSUMERS,"[""COMP-0002"", ""COMP-0003"", ""COMP-0013"", ""COMP-0021"", ""COMP-0028"", ""COMP-0030"", ""DATA-0001"", ""DATA-0002"", ""DATA-0003"", ""DATA-0004"", ""DATA-0005"", ""DATA-0006"", ""DATA-0007"", ""DATA-0008"", ""DATA-0009"", ""SVC-0002""]",CHG-000033,cause:8:9,background:EP-000033,SYNTHETIC
EP-000034,INC-000034,QUEUE_BACKLOG,DATA-0007,KE-0009,SCALE_CONSUMERS,"[""COMP-0001"", ""COMP-0003"", ""COMP-0007"", ""COMP-0017"", ""COMP-0018"", ""COMP-0021"", ""COMP-0023"", ""COMP-0027"", ""DATA-0001"", ""DATA-0002"", ""DATA-0003"", ""DATA-0004"", ""DATA-0005"", ""DATA-0006"", ""DATA-0008"", ""DATA-0009"", ""DATA-0010"", ""SVC-0001""]",CHG-000034,cause:8:10,background:EP-000034,SYNTHETIC
EP-000035,INC-000035,SECURE_GATEWAY_POLICY,POL-0002,KE-0010,ROLLBACK_GATEWAY_POLICY,"[""COMP-0004"", ""COMP-0006"", ""COMP-0023"", ""COMP-0025"", ""COMP-0028"", ""COMP-0030"", ""INFRA-0002"", ""INFRA-0006"", ""SVC-0002"", ""SVC-0005"", ""SVC-0006"", ""SVC-0015"", ""SVC-0016""]",CHG-000035,cause:9:0,background:EP-000035,SYNTHETIC
EP-000036,INC-000036,SECURE_GATEWAY_POLICY,POL-0001,KE-0010,ROLLBACK_GATEWAY_POLICY,"[""COMP-0002"", ""COMP-0011"", ""COMP-0018"", ""COMP-0020"", ""INFRA-0001"", ""INFRA-0005"", ""SVC-0002"", ""SVC-0005"", ""SVC-0006"", ""SVC-0011"", ""SVC-0012"", ""SVC-0014""]",CHG-000036,cause:9:1,background:EP-000036,SYNTHETIC
EP-000037,INC-000037,SECURE_GATEWAY_POLICY,POL-0004,KE-0010,ROLLBACK_GATEWAY_POLICY,"[""COMP-0006"", ""COMP-0007"", ""COMP-0018"", ""COMP-0019"", ""COMP-0021"", ""COMP-0025"", ""COMP-0030"", ""INFRA-0004"", ""INFRA-0008"", ""SVC-0001"", ""SVC-0011"", ""SVC-0012"", ""SVC-0016""]",,cause:9:2,background:EP-000037,SYNTHETIC
EP-000038,INC-000038,SECURE_GATEWAY_POLICY,POL-0003,KE-0010,ROLLBACK_GATEWAY_POLICY,"[""COMP-0014"", ""COMP-0016"", ""COMP-0023"", ""COMP-0027"", ""COMP-0030"", ""INFRA-0003"", ""INFRA-0007"", ""SVC-0002"", ""SVC-0006"", ""SVC-0008"", ""SVC-0010"", ""SVC-0011"", ""SVC-0017""]",,cause:9:3,background:EP-000038,SYNTHETIC
EP-000039,INC-000039,SECURE_GATEWAY_POLICY,POL-0002,KE-0010,ROLLBACK_GATEWAY_POLICY,"[""COMP-0004"", ""COMP-0006"", ""COMP-0023"", ""COMP-0025"", ""COMP-0028"", ""COMP-0030"", ""INFRA-0002"", ""INFRA-0006"", ""SVC-0002"", ""SVC-0005"", ""SVC-0006"", ""SVC-0015"", ""SVC-0016""]",CHG-000039,cause:9:4,background:EP-000039,SYNTHETIC
EP-000040,INC-000040,SECURE_GATEWAY_POLICY,POL-0001,KE-0010,ROLLBACK_GATEWAY_POLICY,"[""COMP-0002"", ""COMP-0011"", ""COMP-0018"", ""COMP-0020"", ""INFRA-0001"", ""INFRA-0005"", ""SVC-0002"", ""SVC-0005"", ""SVC-0006"", ""SVC-0011"", ""SVC-0012"", ""SVC-0014""]",,cause:9:5,background:EP-000040,SYNTHETIC
EP-000041,INC-000041,SECURE_GATEWAY_POLICY,POL-0004,KE-0010,ROLLBACK_GATEWAY_POLICY,"[""COMP-0006"", ""COMP-0007"", ""COMP-0018"", ""COMP-0019"", ""COMP-0021"", ""COMP-0025"", ""COMP-0030"", ""INFRA-0004"", ""INFRA-0008"", ""SVC-0001"", ""SVC-0011"", ""SVC-0012"", ""SVC-0016""]",,cause:9:6,background:EP-000041,SYNTHETIC
EP-000042,INC-000042,SECURE_GATEWAY_POLICY,POL-0003,KE-0010,ROLLBACK_GATEWAY_POLICY,"[""COMP-0014"", ""COMP-0016"", ""COMP-0023"", ""COMP-0027"", ""COMP-0030"", ""INFRA-0003"", ""INFRA-0007"", ""SVC-0002"", ""SVC-0006"", ""SVC-0008"", ""SVC-0010"", ""SVC-0011"", ""SVC-0017""]",,cause:9:7,background:EP-000042,SYNTHETIC
EP-000043,INC-000043,SECURE_GATEWAY_POLICY,POL-0002,KE-0010,ROLLBACK_GATEWAY_POLICY,"[""COMP-0004"", ""COMP-0006"", ""COMP-0023"", ""COMP-0025"", ""COMP-0028"", ""COMP-0030"", ""INFRA-0002"", ""INFRA-0006"", ""SVC-0002"", ""SVC-0005"", ""SVC-0006"", ""SVC-0015"", ""SVC-0016""]",,cause:9:8,background:EP-000043,SYNTHETIC
EP-000044,INC-000044,SECURE_GATEWAY_POLICY,POL-0001,KE-0010,ROLLBACK_GATEWAY_POLICY,"[""COMP-0002"", ""COMP-0011"", ""COMP-0018"", ""COMP-0020"", ""INFRA-0001"", ""INFRA-0005"", ""SVC-0002"", ""SVC-0005"", ""SVC-0006"", ""SVC-0011"", ""SVC-0012"", ""SVC-0014""]",,cause:9:9,background:EP-000044,SYNTHETIC
EP-000045,INC-000045,SECURE_GATEWAY_POLICY,POL-0004,KE-0010,ROLLBACK_GATEWAY_POLICY,"[""COMP-0006"", ""COMP-0007"", ""COMP-0018"", ""COMP-0019"", ""COMP-0021"", ""COMP-0025"", ""COMP-0030"", ""INFRA-0004"", ""INFRA-0008"", ""SVC-0001"", ""SVC-0011"", ""SVC-0012"", ""SVC-0016""]",CHG-000045,cause:9:10,background:EP-000045,SYNTHETIC
EP-000046,INC-000046,SECURE_GATEWAY_POLICY,POL-0003,KE-0010,ROLLBACK_GATEWAY_POLICY,"[""COMP-0014"", ""COMP-0016"", ""COMP-0023"", ""COMP-0027"", ""COMP-0030"", ""INFRA-0003"", ""INFRA-0007"", ""SVC-0002"", ""SVC-0006"", ""SVC-0008"", ""SVC-0010"", ""SVC-0011"", ""SVC-0017""]",,cause:9:11,background:EP-000046,SYNTHETIC
EP-000047,INC-000047,SECURE_GATEWAY_POLICY,POL-0002,KE-0010,ROLLBACK_GATEWAY_POLICY,"[""COMP-0004"", ""COMP-0006"", ""COMP-0023"", ""COMP-0025"", ""COMP-0028"", ""COMP-0030"", ""INFRA-0002"", ""INFRA-0006"", ""SVC-0002"", ""SVC-0005"", ""SVC-0006"", ""SVC-0015"", ""SVC-0016""]",,cause:9:12,background:EP-000047,SYNTHETIC
EP-000048,INC-000048,SECURE_GATEWAY_POLICY,POL-0001,KE-0010,ROLLBACK_GATEWAY_POLICY,"[""COMP-0002"", ""COMP-0011"", ""COMP-0018"", ""COMP-0020"", ""INFRA-0001"", ""INFRA-0005"", ""SVC-0002"", ""SVC-0005"", ""SVC-0006"", ""SVC-0011"", ""SVC-0012"", ""SVC-0014""]",CHG-000048,cause:9:13,background:EP-000048,SYNTHETIC
EP-000049,INC-000049,CONFIGURATION_DRIFT,POL-0003,KE-0011,RESTORE_GOVERNED_CONFIGURATION,"[""COMP-0014"", ""COMP-0016"", ""COMP-0023"", ""COMP-0027"", ""COMP-0030"", ""INFRA-0003"", ""INFRA-0007"", ""SVC-0002"", ""SVC-0006"", ""SVC-0008"", ""SVC-0010"", ""SVC-0011"", ""SVC-0017""]",CHG-000049,cause:10:0,background:EP-000049,SYNTHETIC
EP-000050,INC-000050,CONFIGURATION_DRIFT,POL-0002,KE-0011,RESTORE_GOVERNED_CONFIGURATION,"[""COMP-0004"", ""COMP-0006"", ""COMP-0023"", ""COMP-0025"", ""COMP-0028"", ""COMP-0030"", ""INFRA-0002"", ""INFRA-0006"", ""SVC-0002"", ""SVC-0005"", ""SVC-0006"", ""SVC-0015"", ""SVC-0016""]",CHG-000050,cause:10:1,background:EP-000050,SYNTHETIC
EP-000051,INC-000051,CONFIGURATION_DRIFT,POL-0001,KE-0011,RESTORE_GOVERNED_CONFIGURATION,"[""COMP-0002"", ""COMP-0011"", ""COMP-0018"", ""COMP-0020"", ""INFRA-0001"", ""INFRA-0005"", ""SVC-0002"", ""SVC-0005"", ""SVC-0006"", ""SVC-0011"", ""SVC-0012"", ""SVC-0014""]",CHG-000051,cause:10:2,background:EP-000051,SYNTHETIC
EP-000052,INC-000052,CONFIGURATION_DRIFT,POL-0004,KE-0011,RESTORE_GOVERNED_CONFIGURATION,"[""COMP-0006"", ""COMP-0007"", ""COMP-0018"", ""COMP-0019"", ""COMP-0021"", ""COMP-0025"", ""COMP-0030"", ""INFRA-0004"", ""INFRA-0008"", ""SVC-0001"", ""SVC-0011"", ""SVC-0012"", ""SVC-0016""]",CHG-000052,cause:10:3,background:EP-000052,SYNTHETIC
EP-000053,INC-000053,CONFIGURATION_DRIFT,POL-0003,KE-0011,RESTORE_GOVERNED_CONFIGURATION,"[""COMP-0014"", ""COMP-0016"", ""COMP-0023"", ""COMP-0027"", ""COMP-0030"", ""INFRA-0003"", ""INFRA-0007"", ""SVC-0002"", ""SVC-0006"", ""SVC-0008"", ""SVC-0010"", ""SVC-0011"", ""SVC-0017""]",CHG-000053,cause:10:4,background:EP-000053,SYNTHETIC
EP-000054,INC-000054,CONFIGURATION_DRIFT,POL-0002,KE-0011,RESTORE_GOVERNED_CONFIGURATION,"[""COMP-0004"", ""COMP-0006"", ""COMP-0023"", ""COMP-0025"", ""COMP-0028"", ""COMP-0030"", ""INFRA-0002"", ""INFRA-0006"", ""SVC-0002"", ""SVC-0005"", ""SVC-0006"", ""SVC-0015"", ""SVC-0016""]",CHG-000054,cause:10:5,background:EP-000054,SYNTHETIC
EP-000055,INC-000055,CONFIGURATION_DRIFT,POL-0001,KE-0011,RESTORE_GOVERNED_CONFIGURATION,"[""COMP-0002"", ""COMP-0011"", ""COMP-0018"", ""COMP-0020"", ""INFRA-0001"", ""INFRA-0005"", ""SVC-0002"", ""SVC-0005"", ""SVC-0006"", ""SVC-0011"", ""SVC-0012"", ""SVC-0014""]",,cause:10:6,background:EP-000055,SYNTHETIC
EP-000056,INC-000056,CONFIGURATION_DRIFT,POL-0004,KE-0011,RESTORE_GOVERNED_CONFIGURATION,"[""COMP-0006"", ""COMP-0007"", ""COMP-0018"", ""COMP-0019"", ""COMP-0021"", ""COMP-0025"", ""COMP-0030"", ""INFRA-0004"", ""INFRA-0008"", ""SVC-0001"", ""SVC-0011"", ""SVC-0012"", ""SVC-0016""]",,cause:10:7,background:EP-000056,SYNTHETIC
EP-000057,INC-000057,CONFIGURATION_DRIFT,POL-0003,KE-0011,RESTORE_GOVERNED_CONFIGURATION,"[""COMP-0014"", ""COMP-0016"", ""COMP-0023"", ""COMP-0027"", ""COMP-0030"", ""INFRA-0003"", ""INFRA-0007"", ""SVC-0002"", ""SVC-0006"", ""SVC-0008"", ""SVC-0010"", ""SVC-0011"", ""SVC-0017""]",CHG-000057,cause:10:8,background:EP-000057,SYNTHETIC
EP-000058,INC-000058,CONFIGURATION_DRIFT,POL-0002,KE-0011,RESTORE_GOVERNED_CONFIGURATION,"[""COMP-0004"", ""COMP-0006"", ""COMP-0023"", ""COMP-0025"", ""COMP-0028"", ""COMP-0030"", ""INFRA-0002"", ""INFRA-0006"", ""SVC-0002"", ""SVC-0005"", ""SVC-0006"", ""SVC-0015"", ""SVC-0016""]",,cause:10:9,background:EP-000058,SYNTHETIC
EP-000059,INC-000059,CONFIGURATION_DRIFT,POL-0001,KE-0011,RESTORE_GOVERNED_CONFIGURATION,"[""COMP-0002"", ""COMP-0011"", ""COMP-0018"", ""COMP-0020"", ""INFRA-0001"", ""INFRA-0005"", ""SVC-0002"", ""SVC-0005"", ""SVC-0006"", ""SVC-0011"", ""SVC-0012"", ""SVC-0014""]",CHG-000059,cause:10:10,background:EP-000059,SYNTHETIC
EP-000060,INC-000060,CONFIGURATION_DRIFT,POL-0004,KE-0011,RESTORE_GOVERNED_CONFIGURATION,"[""COMP-0006"", ""COMP-0007"", ""COMP-0018"", ""COMP-0019"", ""COMP-0021"", ""COMP-0025"", ""COMP-0030"", ""INFRA-0004"", ""INFRA-0008"", ""SVC-0001"", ""SVC-0011"", ""SVC-0012"", ""SVC-0016""]",,cause:10:11,background:EP-000060,SYNTHETIC
EP-000061,INC-000061,CONFIGURATION_DRIFT,POL-0003,KE-0011,RESTORE_GOVERNED_CONFIGURATION,"[""COMP-0014"", ""COMP-0016"", ""COMP-0023"", ""COMP-0027"", ""COMP-0030"", ""INFRA-0003"", ""INFRA-0007"", ""SVC-0002"", ""SVC-0006"", ""SVC-0008"", ""SVC-0010"", ""SVC-0011"", ""SVC-0017""]",,cause:10:12,background:EP-000061,SYNTHETIC
EP-000062,INC-000062,CONFIGURATION_DRIFT,POL-0002,KE-0011,RESTORE_GOVERNED_CONFIGURATION,"[""COMP-0004"", ""COMP-0006"", ""COMP-0023"", ""COMP-0025"", ""COMP-0028"", ""COMP-0030"", ""INFRA-0002"", ""INFRA-0006"", ""SVC-0002"", ""SVC-0005"", ""SVC-0006"", ""SVC-0015"", ""SVC-0016""]",,cause:10:13,background:EP-000062,SYNTHETIC
EP-000063,INC-000063,CONFIGURATION_DRIFT,POL-0001,KE-0011,RESTORE_GOVERNED_CONFIGURATION,"[""COMP-0002"", ""COMP-0011"", ""COMP-0018"", ""COMP-0020"", ""INFRA-0001"", ""INFRA-0005"", ""SVC-0002"", ""SVC-0005"", ""SVC-0006"", ""SVC-0011"", ""SVC-0012"", ""SVC-0014""]",,cause:10:14,background:EP-000063,SYNTHETIC
EP-000064,INC-000064,CAPACITY_EXHAUSTION,DATA-0008,KE-0012,SCALE_CAPACITY,"[""COMP-0003"", ""COMP-0005"", ""COMP-0007"", ""COMP-0014"", ""COMP-0016"", ""COMP-0017"", ""COMP-0023"", ""COMP-0026"", ""COMP-0027"", ""DATA-0001"", ""DATA-0002"", ""DATA-0003"", ""DATA-0004"", ""DATA-0005"", ""DATA-0006"", ""DATA-0007"", ""DATA-0009"", ""DATA-0010"", ""SVC-0005""]",,cause:11:0,background:EP-000064,SYNTHETIC
EP-000065,INC-000065,CAPACITY_EXHAUSTION,DATA-0005,KE-0012,SCALE_CAPACITY,"[""COMP-0005"", ""COMP-0015"", ""COMP-0021"", ""COMP-0025"", ""COMP-0028"", ""DATA-0001"", ""DATA-0002"", ""DATA-0003"", ""DATA-0004"", ""DATA-0006"", ""DATA-0007"", ""DATA-0008"", ""DATA-0009"", ""DATA-0010"", ""SVC-0005""]",,cause:11:1,background:EP-000065,SYNTHETIC
EP-000066,INC-000066,CAPACITY_EXHAUSTION,DATA-0002,KE-0012,SCALE_CAPACITY,"[""COMP-0002"", ""COMP-0003"", ""COMP-0008"", ""COMP-0012"", ""COMP-0025"", ""COMP-0028"", ""COMP-0029"", ""COMP-0030"", ""DATA-0001"", ""DATA-0003"", ""DATA-0004"", ""DATA-0005"", ""DATA-0006"", ""DATA-0007"", ""DATA-0008"", ""DATA-0009"", ""DATA-0010"", ""SVC-0008""]",CHG-000066,cause:11:2,background:EP-000066,SYNTHETIC
EP-000067,INC-000067,CAPACITY_EXHAUSTION,DATA-0009,KE-0012,SCALE_CAPACITY,"[""COMP-0003"", ""COMP-0009"", ""COMP-0011"", ""COMP-0013"", ""COMP-0014"", ""COMP-0017"", ""COMP-0019"", ""COMP-0029"", ""DATA-0001"", ""DATA-0002"", ""DATA-0003"", ""DATA-0004"", ""DATA-0005"", ""DATA-0006"", ""DATA-0007"", ""DATA-0008"", ""DATA-0010"", ""SVC-0003""]",,cause:11:3,background:EP-000067,SYNTHETIC
EP-000068,INC-000068,CAPACITY_EXHAUSTION,DATA-0006,KE-0012,SCALE_CAPACITY,"[""COMP-0001"", ""COMP-0002"", ""COMP-0003"", ""COMP-0007"", ""COMP-0021"", ""COMP-0023"", ""COMP-0028"", ""COMP-0030"", ""DATA-0001"", ""DATA-0002"", ""DATA-0003"", ""DATA-0004"", ""DATA-0005"", ""DATA-0007"", ""DATA-0008"", ""DATA-0009"", ""DATA-0010"", ""POL-0001"", ""SVC-0001""]",CHG-000068,cause:11:4,background:EP-000068,SYNTHETIC
EP-000069,INC-000069,CAPACITY_EXHAUSTION,DATA-0003,KE-0012,SCALE_CAPACITY,"[""COMP-0003"", ""COMP-0013"", ""COMP-0016"", ""COMP-0019"", ""COMP-0023"", ""COMP-0028"", ""COMP-0029"", ""DATA-0001"", ""DATA-0002"", ""DATA-0004"", ""DATA-0005"", ""DATA-0006"", ""DATA-0007"", ""DATA-0008"", ""DATA-0009"", ""DATA-0010"", ""SVC-0003""]",,cause:11:5,background:EP-000069,SYNTHETIC
EP-000070,INC-000070,CAPACITY_EXHAUSTION,DATA-0010,KE-0012,SCALE_CAPACITY,"[""COMP-0002"", ""COMP-0003"", ""COMP-0013"", ""COMP-0021"", ""COMP-0028"", ""COMP-0030"", ""DATA-0001"", ""DATA-0002"", ""DATA-0003"", ""DATA-0004"", ""DATA-0005"", ""DATA-0006"", ""DATA-0007"", ""DATA-0008"", ""DATA-0009"", ""SVC-0002""]",,cause:11:6,background:EP-000070,SYNTHETIC
EP-000071,INC-000071,CAPACITY_EXHAUSTION,DATA-0007,KE-0012,SCALE_CAPACITY,"[""COMP-0001"", ""COMP-0003"", ""COMP-0007"", ""COMP-0017"", ""COMP-0018"", ""COMP-0021"", ""COMP-0023"", ""COMP-0027"", ""DATA-0001"", ""DATA-0002"", ""DATA-0003"", ""DATA-0004"", ""DATA-0005"", ""DATA-0006"", ""DATA-0008"", ""DATA-0009"", ""DATA-0010"", ""SVC-0001""]",CHG-000071,cause:11:7,background:EP-000071,SYNTHETIC
EP-000072,INC-000072,CAPACITY_EXHAUSTION,DATA-0004,KE-0012,SCALE_CAPACITY,"[""COMP-0005"", ""COMP-0012"", ""COMP-0014"", ""COMP-0015"", ""COMP-0017"", ""COMP-0025"", ""COMP-0028"", ""DATA-0001"", ""DATA-0002"", ""DATA-0003"", ""DATA-0005"", ""DATA-0006"", ""DATA-0007"", ""DATA-0008"", ""DATA-0009"", ""DATA-0010"", ""SVC-0012""]",,cause:11:8,background:EP-000072,SYNTHETIC
EP-000073,INC-000073,CAPACITY_EXHAUSTION,DATA-0001,KE-0012,SCALE_CAPACITY,"[""COMP-0001"", ""COMP-0002"", ""COMP-0004"", ""COMP-0006"", ""COMP-0010"", ""COMP-0011"", ""COMP-0016"", ""COMP-0021"", ""COMP-0026"", ""COMP-0030"", ""DATA-0002"", ""DATA-0003"", ""DATA-0004"", ""DATA-0005"", ""DATA-0006"", ""DATA-0007"", ""DATA-0008"", ""DATA-0009"", ""DATA-0010"", ""SVC-0001""]",,cause:11:9,background:EP-000073,SYNTHETIC
EP-000074,INC-000074,CAPACITY_EXHAUSTION,DATA-0008,KE-0012,SCALE_CAPACITY,"[""COMP-0003"", ""COMP-0005"", ""COMP-0007"", ""COMP-0014"", ""COMP-0016"", ""COMP-0017"", ""COMP-0023"", ""COMP-0026"", ""COMP-0027"", ""DATA-0001"", ""DATA-0002"", ""DATA-0003"", ""DATA-0004"", ""DATA-0005"", ""DATA-0006"", ""DATA-0007"", ""DATA-0009"", ""DATA-0010"", ""SVC-0005""]",,cause:11:10,background:EP-000074,SYNTHETIC
EP-000075,INC-000075,CAPACITY_EXHAUSTION,DATA-0005,KE-0012,SCALE_CAPACITY,"[""COMP-0005"", ""COMP-0015"", ""COMP-0021"", ""COMP-0025"", ""COMP-0028"", ""DATA-0001"", ""DATA-0002"", ""DATA-0003"", ""DATA-0004"", ""DATA-0006"", ""DATA-0007"", ""DATA-0008"", ""DATA-0009"", ""DATA-0010"", ""SVC-0005""]",CHG-000075,cause:11:11,background:EP-000075,SYNTHETIC
EP-000076,INC-000076,CAPACITY_EXHAUSTION,DATA-0002,KE-0012,SCALE_CAPACITY,"[""COMP-0002"", ""COMP-0003"", ""COMP-0008"", ""COMP-0012"", ""COMP-0025"", ""COMP-0028"", ""COMP-0029"", ""COMP-0030"", ""DATA-0001"", ""DATA-0003"", ""DATA-0004"", ""DATA-0005"", ""DATA-0006"", ""DATA-0007"", ""DATA-0008"", ""DATA-0009"", ""DATA-0010"", ""SVC-0008""]",,cause:11:12,background:EP-000076,SYNTHETIC
EP-000077,INC-000077,CAPACITY_EXHAUSTION,DATA-0009,KE-0012,SCALE_CAPACITY,"[""COMP-0003"", ""COMP-0009"", ""COMP-0011"", ""COMP-0013"", ""COMP-0014"", ""COMP-0017"", ""COMP-0019"", ""COMP-0029"", ""DATA-0001"", ""DATA-0002"", ""DATA-0003"", ""DATA-0004"", ""DATA-0005"", ""DATA-0006"", ""DATA-0007"", ""DATA-0008"", ""DATA-0010"", ""SVC-0003""]",,cause:11:13,background:EP-000077,SYNTHETIC
EP-000078,INC-000078,CAPACITY_EXHAUSTION,DATA-0006,KE-0012,SCALE_CAPACITY,"[""COMP-0001"", ""COMP-0002"", ""COMP-0003"", ""COMP-0007"", ""COMP-0021"", ""COMP-0023"", ""COMP-0028"", ""COMP-0030"", ""DATA-0001"", ""DATA-0002"", ""DATA-0003"", ""DATA-0004"", ""DATA-0005"", ""DATA-0007"", ""DATA-0008"", ""DATA-0009"", ""DATA-0010"", ""POL-0001"", ""SVC-0001""]",,cause:11:14,background:EP-000078,SYNTHETIC
EP-000079,INC-000079,CAPACITY_EXHAUSTION,DATA-0003,KE-0012,SCALE_CAPACITY,"[""COMP-0003"", ""COMP-0013"", ""COMP-0016"", ""COMP-0019"", ""COMP-0023"", ""COMP-0028"", ""COMP-0029"", ""DATA-0001"", ""DATA-0002"", ""DATA-0004"", ""DATA-0005"", ""DATA-0006"", ""DATA-0007"", ""DATA-0008"", ""DATA-0009"", ""DATA-0010"", ""SVC-0003""]",,cause:11:15,background:EP-000079,SYNTHETIC
EP-000080,INC-000080,CAPACITY_EXHAUSTION,DATA-0010,KE-0012,SCALE_CAPACITY,"[""COMP-0002"", ""COMP-0003"", ""COMP-0013"", ""COMP-0021"", ""COMP-0028"", ""COMP-0030"", ""DATA-0001"", ""DATA-0002"", ""DATA-0003"", ""DATA-0004"", ""DATA-0005"", ""DATA-0006"", ""DATA-0007"", ""DATA-0008"", ""DATA-0009"", ""SVC-0002""]",CHG-000080,cause:11:16,background:EP-000080,SYNTHETIC
EP-000081,INC-000081,CAPACITY_EXHAUSTION,DATA-0007,KE-0012,SCALE_CAPACITY,"[""COMP-0001"", ""COMP-0003"", ""COMP-0007"", ""COMP-0017"", ""COMP-0018"", ""COMP-0021"", ""COMP-0023"", ""COMP-0027"", ""DATA-0001"", ""DATA-0002"", ""DATA-0003"", ""DATA-0004"", ""DATA-0005"", ""DATA-0006"", ""DATA-0008"", ""DATA-0009"", ""DATA-0010"", ""SVC-0001""]",,cause:11:17,background:EP-000081,SYNTHETIC
EP-000082,INC-000082,CAPACITY_EXHAUSTION,DATA-0004,KE-0012,SCALE_CAPACITY,"[""COMP-0005"", ""COMP-0012"", ""COMP-0014"", ""COMP-0015"", ""COMP-0017"", ""COMP-0025"", ""COMP-0028"", ""DATA-0001"", ""DATA-0002"", ""DATA-0003"", ""DATA-0005"", ""DATA-0006"", ""DATA-0007"", ""DATA-0008"", ""DATA-0009"", ""DATA-0010"", ""SVC-0012""]",,cause:11:18,background:EP-000082,SYNTHETIC
EP-000083,INC-000083,CAPACITY_EXHAUSTION,DATA-0001,KE-0012,SCALE_CAPACITY,"[""COMP-0001"", ""COMP-0002"", ""COMP-0004"", ""COMP-0006"", ""COMP-0010"", ""COMP-0011"", ""COMP-0016"", ""COMP-0021"", ""COMP-0026"", ""COMP-0030"", ""DATA-0002"", ""DATA-0003"", ""DATA-0004"", ""DATA-0005"", ""DATA-0006"", ""DATA-0007"", ""DATA-0008"", ""DATA-0009"", ""DATA-0010"", ""SVC-0001""]",,cause:11:19,background:EP-000083,SYNTHETIC
EP-000084,INC-000084,CAPACITY_EXHAUSTION,DATA-0008,KE-0012,SCALE_CAPACITY,"[""COMP-0003"", ""COMP-0005"", ""COMP-0007"", ""COMP-0014"", ""COMP-0016"", ""COMP-0017"", ""COMP-0023"", ""COMP-0026"", ""COMP-0027"", ""DATA-0001"", ""DATA-0002"", ""DATA-0003"", ""DATA-0004"", ""DATA-0005"", ""DATA-0006"", ""DATA-0007"", ""DATA-0009"", ""DATA-0010"", ""SVC-0005""]",,cause:11:20,background:EP-000084,SYNTHETIC
EP-000085,INC-000085,CAPACITY_EXHAUSTION,DATA-0005,KE-0012,SCALE_CAPACITY,"[""COMP-0005"", ""COMP-0015"", ""COMP-0021"", ""COMP-0025"", ""COMP-0028"", ""DATA-0001"", ""DATA-0002"", ""DATA-0003"", ""DATA-0004"", ""DATA-0006"", ""DATA-0007"", ""DATA-0008"", ""DATA-0009"", ""DATA-0010"", ""SVC-0005""]",,cause:11:21,background:EP-000085,SYNTHETIC
EP-000086,INC-000086,CAPACITY_EXHAUSTION,DATA-0002,KE-0012,SCALE_CAPACITY,"[""COMP-0002"", ""COMP-0003"", ""COMP-0008"", ""COMP-0012"", ""COMP-0025"", ""COMP-0028"", ""COMP-0029"", ""COMP-0030"", ""DATA-0001"", ""DATA-0003"", ""DATA-0004"", ""DATA-0005"", ""DATA-0006"", ""DATA-0007"", ""DATA-0008"", ""DATA-0009"", ""DATA-0010"", ""SVC-0008""]",,cause:11:22,background:EP-000086,SYNTHETIC
EP-000087,INC-000087,CAPACITY_EXHAUSTION,DATA-0009,KE-0012,SCALE_CAPACITY,"[""COMP-0003"", ""COMP-0009"", ""COMP-0011"", ""COMP-0013"", ""COMP-0014"", ""COMP-0017"", ""COMP-0019"", ""COMP-0029"", ""DATA-0001"", ""DATA-0002"", ""DATA-0003"", ""DATA-0004"", ""DATA-0005"", ""DATA-0006"", ""DATA-0007"", ""DATA-0008"", ""DATA-0010"", ""SVC-0003""]",CHG-000087,cause:11:23,background:EP-000087,SYNTHETIC
EP-000088,INC-000088,CAPACITY_EXHAUSTION,DATA-0006,KE-0012,SCALE_CAPACITY,"[""COMP-0001"", ""COMP-0002"", ""COMP-0003"", ""COMP-0007"", ""COMP-0021"", ""COMP-0023"", ""COMP-0028"", ""COMP-0030"", ""DATA-0001"", ""DATA-0002"", ""DATA-0003"", ""DATA-0004"", ""DATA-0005"", ""DATA-0007"", ""DATA-0008"", ""DATA-0009"", ""DATA-0010"", ""POL-0001"", ""SVC-0001""]",,cause:11:24,background:EP-000088,SYNTHETIC
EP-000089,INC-000089,CAPACITY_EXHAUSTION,DATA-0003,KE-0012,SCALE_CAPACITY,"[""COMP-0003"", ""COMP-0013"", ""COMP-0016"", ""COMP-0019"", ""COMP-0023"", ""COMP-0028"", ""COMP-0029"", ""DATA-0001"", ""DATA-0002"", ""DATA-0004"", ""DATA-0005"", ""DATA-0006"", ""DATA-0007"", ""DATA-0008"", ""DATA-0009"", ""DATA-0010"", ""SVC-0003""]",,cause:11:25,background:EP-000089,SYNTHETIC
EP-000090,INC-000090,CAPACITY_EXHAUSTION,DATA-0010,KE-0012,SCALE_CAPACITY,"[""COMP-0002"", ""COMP-0003"", ""COMP-0013"", ""COMP-0021"", ""COMP-0028"", ""COMP-0030"", ""DATA-0001"", ""DATA-0002"", ""DATA-0003"", ""DATA-0004"", ""DATA-0005"", ""DATA-0006"", ""DATA-0007"", ""DATA-0008"", ""DATA-0009"", ""SVC-0002""]",,cause:11:26,background:EP-000090,SYNTHETIC
EP-000091,INC-000091,CAPACITY_EXHAUSTION,DATA-0007,KE-0012,SCALE_CAPACITY,"[""COMP-0001"", ""COMP-0003"", ""COMP-0007"", ""COMP-0017"", ""COMP-0018"", ""COMP-0021"", ""COMP-0023"", ""COMP-0027"", ""DATA-0001"", ""DATA-0002"", ""DATA-0003"", ""DATA-0004"", ""DATA-0005"", ""DATA-0006"", ""DATA-0008"", ""DATA-0009"", ""DATA-0010"", ""SVC-0001""]",CHG-000091,cause:11:27,background:EP-000091,SYNTHETIC
EP-000092,INC-000092,CERTIFICATE_EXPIRY,POL-0001,KE-0013,ROTATE_CERTIFICATE,"[""COMP-0002"", ""COMP-0011"", ""COMP-0018"", ""COMP-0020"", ""INFRA-0001"", ""INFRA-0005"", ""SVC-0002"", ""SVC-0005"", ""SVC-0006"", ""SVC-0011"", ""SVC-0012"", ""SVC-0014""]",,cause:12:0,background:EP-000092,SYNTHETIC
EP-000093,INC-000093,CERTIFICATE_EXPIRY,POL-0004,KE-0013,ROTATE_CERTIFICATE,"[""COMP-0006"", ""COMP-0007"", ""COMP-0018"", ""COMP-0019"", ""COMP-0021"", ""COMP-0025"", ""COMP-0030"", ""INFRA-0004"", ""INFRA-0008"", ""SVC-0001"", ""SVC-0011"", ""SVC-0012"", ""SVC-0016""]",,cause:12:1,background:EP-000093,SYNTHETIC
EP-000094,INC-000094,CERTIFICATE_EXPIRY,POL-0003,KE-0013,ROTATE_CERTIFICATE,"[""COMP-0014"", ""COMP-0016"", ""COMP-0023"", ""COMP-0027"", ""COMP-0030"", ""INFRA-0003"", ""INFRA-0007"", ""SVC-0002"", ""SVC-0006"", ""SVC-0008"", ""SVC-0010"", ""SVC-0011"", ""SVC-0017""]",,cause:12:2,background:EP-000094,SYNTHETIC
EP-000095,INC-000095,CERTIFICATE_EXPIRY,POL-0002,KE-0013,ROTATE_CERTIFICATE,"[""COMP-0004"", ""COMP-0006"", ""COMP-0023"", ""COMP-0025"", ""COMP-0028"", ""COMP-0030"", ""INFRA-0002"", ""INFRA-0006"", ""SVC-0002"", ""SVC-0005"", ""SVC-0006"", ""SVC-0015"", ""SVC-0016""]",,cause:12:3,background:EP-000095,SYNTHETIC
EP-000096,INC-000096,CERTIFICATE_EXPIRY,POL-0001,KE-0013,ROTATE_CERTIFICATE,"[""COMP-0002"", ""COMP-0011"", ""COMP-0018"", ""COMP-0020"", ""INFRA-0001"", ""INFRA-0005"", ""SVC-0002"", ""SVC-0005"", ""SVC-0006"", ""SVC-0011"", ""SVC-0012"", ""SVC-0014""]",CHG-000096,cause:12:4,background:EP-000096,SYNTHETIC
EP-000097,INC-000097,CERTIFICATE_EXPIRY,POL-0004,KE-0013,ROTATE_CERTIFICATE,"[""COMP-0006"", ""COMP-0007"", ""COMP-0018"", ""COMP-0019"", ""COMP-0021"", ""COMP-0025"", ""COMP-0030"", ""INFRA-0004"", ""INFRA-0008"", ""SVC-0001"", ""SVC-0011"", ""SVC-0012"", ""SVC-0016""]",,cause:12:5,background:EP-000097,SYNTHETIC
EP-000098,INC-000098,CERTIFICATE_EXPIRY,POL-0003,KE-0013,ROTATE_CERTIFICATE,"[""COMP-0014"", ""COMP-0016"", ""COMP-0023"", ""COMP-0027"", ""COMP-0030"", ""INFRA-0003"", ""INFRA-0007"", ""SVC-0002"", ""SVC-0006"", ""SVC-0008"", ""SVC-0010"", ""SVC-0011"", ""SVC-0017""]",CHG-000098,cause:12:6,background:EP-000098,SYNTHETIC
EP-000099,INC-000099,CERTIFICATE_EXPIRY,POL-0002,KE-0013,ROTATE_CERTIFICATE,"[""COMP-0004"", ""COMP-0006"", ""COMP-0023"", ""COMP-0025"", ""COMP-0028"", ""COMP-0030"", ""INFRA-0002"", ""INFRA-0006"", ""SVC-0002"", ""SVC-0005"", ""SVC-0006"", ""SVC-0015"", ""SVC-0016""]",,cause:12:7,background:EP-000099,SYNTHETIC
EP-000100,INC-000100,CERTIFICATE_EXPIRY,POL-0001,KE-0013,ROTATE_CERTIFICATE,"[""COMP-0002"", ""COMP-0011"", ""COMP-0018"", ""COMP-0020"", ""INFRA-0001"", ""INFRA-0005"", ""SVC-0002"", ""SVC-0005"", ""SVC-0006"", ""SVC-0011"", ""SVC-0012"", ""SVC-0014""]",,cause:12:8,background:EP-000100,SYNTHETIC
EP-000101,INC-000101,CERTIFICATE_EXPIRY,POL-0004,KE-0013,ROTATE_CERTIFICATE,"[""COMP-0006"", ""COMP-0007"", ""COMP-0018"", ""COMP-0019"", ""COMP-0021"", ""COMP-0025"", ""COMP-0030"", ""INFRA-0004"", ""INFRA-0008"", ""SVC-0001"", ""SVC-0011"", ""SVC-0012"", ""SVC-0016""]",,cause:12:9,background:EP-000101,SYNTHETIC
EP-000102,INC-000102,CERTIFICATE_EXPIRY,POL-0003,KE-0013,ROTATE_CERTIFICATE,"[""COMP-0014"", ""COMP-0016"", ""COMP-0023"", ""COMP-0027"", ""COMP-0030"", ""INFRA-0003"", ""INFRA-0007"", ""SVC-0002"", ""SVC-0006"", ""SVC-0008"", ""SVC-0010"", ""SVC-0011"", ""SVC-0017""]",,cause:12:10,background:EP-000102,SYNTHETIC
EP-000103,INC-000103,CERTIFICATE_EXPIRY,POL-0002,KE-0013,ROTATE_CERTIFICATE,"[""COMP-0004"", ""COMP-0006"", ""COMP-0023"", ""COMP-0025"", ""COMP-0028"", ""COMP-0030"", ""INFRA-0002"", ""INFRA-0006"", ""SVC-0002"", ""SVC-0005"", ""SVC-0006"", ""SVC-0015"", ""SVC-0016""]",,cause:12:11,background:EP-000103,SYNTHETIC
EP-000104,INC-000104,CERTIFICATE_EXPIRY,POL-0001,KE-0013,ROTATE_CERTIFICATE,"[""COMP-0002"", ""COMP-0011"", ""COMP-0018"", ""COMP-0020"", ""INFRA-0001"", ""INFRA-0005"", ""SVC-0002"", ""SVC-0005"", ""SVC-0006"", ""SVC-0011"", ""SVC-0012"", ""SVC-0014""]",,cause:12:12,background:EP-000104,SYNTHETIC
EP-000105,INC-000105,CERTIFICATE_EXPIRY,POL-0004,KE-0013,ROTATE_CERTIFICATE,"[""COMP-0006"", ""COMP-0007"", ""COMP-0018"", ""COMP-0019"", ""COMP-0021"", ""COMP-0025"", ""COMP-0030"", ""INFRA-0004"", ""INFRA-0008"", ""SVC-0001"", ""SVC-0011"", ""SVC-0012"", ""SVC-0016""]",CHG-000105,cause:12:13,background:EP-000105,SYNTHETIC
EP-000106,INC-000106,CERTIFICATE_EXPIRY,POL-0003,KE-0013,ROTATE_CERTIFICATE,"[""COMP-0014"", ""COMP-0016"", ""COMP-0023"", ""COMP-0027"", ""COMP-0030"", ""INFRA-0003"", ""INFRA-0007"", ""SVC-0002"", ""SVC-0006"", ""SVC-0008"", ""SVC-0010"", ""SVC-0011"", ""SVC-0017""]",,cause:12:14,background:EP-000106,SYNTHETIC
EP-000107,INC-000107,CERTIFICATE_EXPIRY,POL-0002,KE-0013,ROTATE_CERTIFICATE,"[""COMP-0004"", ""COMP-0006"", ""COMP-0023"", ""COMP-0025"", ""COMP-0028"", ""COMP-0030"", ""INFRA-0002"", ""INFRA-0006"", ""SVC-0002"", ""SVC-0005"", ""SVC-0006"", ""SVC-0015"", ""SVC-0016""]",,cause:12:15,background:EP-000107,SYNTHETIC
EP-000108,INC-000108,CERTIFICATE_EXPIRY,POL-0001,KE-0013,ROTATE_CERTIFICATE,"[""COMP-0002"", ""COMP-0011"", ""COMP-0018"", ""COMP-0020"", ""INFRA-0001"", ""INFRA-0005"", ""SVC-0002"", ""SVC-0005"", ""SVC-0006"", ""SVC-0011"", ""SVC-0012"", ""SVC-0014""]",,cause:12:16,background:EP-000108,SYNTHETIC
EP-000109,INC-000109,CERTIFICATE_EXPIRY,POL-0004,KE-0013,ROTATE_CERTIFICATE,"[""COMP-0006"", ""COMP-0007"", ""COMP-0018"", ""COMP-0019"", ""COMP-0021"", ""COMP-0025"", ""COMP-0030"", ""INFRA-0004"", ""INFRA-0008"", ""SVC-0001"", ""SVC-0011"", ""SVC-0012"", ""SVC-0016""]",,cause:12:17,background:EP-000109,SYNTHETIC
EP-000110,INC-000110,CERTIFICATE_EXPIRY,POL-0003,KE-0013,ROTATE_CERTIFICATE,"[""COMP-0014"", ""COMP-0016"", ""COMP-0023"", ""COMP-0027"", ""COMP-0030"", ""INFRA-0003"", ""INFRA-0007"", ""SVC-0002"", ""SVC-0006"", ""SVC-0008"", ""SVC-0010"", ""SVC-0011"", ""SVC-0017""]",,cause:12:18,background:EP-000110,SYNTHETIC
EP-000111,INC-000111,CERTIFICATE_EXPIRY,POL-0002,KE-0013,ROTATE_CERTIFICATE,"[""COMP-0004"", ""COMP-0006"", ""COMP-0023"", ""COMP-0025"", ""COMP-0028"", ""COMP-0030"", ""INFRA-0002"", ""INFRA-0006"", ""SVC-0002"", ""SVC-0005"", ""SVC-0006"", ""SVC-0015"", ""SVC-0016""]",,cause:12:19,background:EP-000111,SYNTHETIC
EP-000112,INC-000112,CERTIFICATE_EXPIRY,POL-0001,KE-0013,ROTATE_CERTIFICATE,"[""COMP-0002"", ""COMP-0011"", ""COMP-0018"", ""COMP-0020"", ""INFRA-0001"", ""INFRA-0005"", ""SVC-0002"", ""SVC-0005"", ""SVC-0006"", ""SVC-0011"", ""SVC-0012"", ""SVC-0014""]",,cause:12:20,background:EP-000112,SYNTHETIC
EP-000113,INC-000113,CERTIFICATE_EXPIRY,POL-0004,KE-0013,ROTATE_CERTIFICATE,"[""COMP-0006"", ""COMP-0007"", ""COMP-0018"", ""COMP-0019"", ""COMP-0021"", ""COMP-0025"", ""COMP-0030"", ""INFRA-0004"", ""INFRA-0008"", ""SVC-0001"", ""SVC-0011"", ""SVC-0012"", ""SVC-0016""]",,cause:12:21,background:EP-000113,SYNTHETIC
EP-000114,INC-000114,CERTIFICATE_EXPIRY,POL-0003,KE-0013,ROTATE_CERTIFICATE,"[""COMP-0014"", ""COMP-0016"", ""COMP-0023"", ""COMP-0027"", ""COMP-0030"", ""INFRA-0003"", ""INFRA-0007"", ""SVC-0002"", ""SVC-0006"", ""SVC-0008"", ""SVC-0010"", ""SVC-0011"", ""SVC-0017""]",,cause:12:22,background:EP-000114,SYNTHETIC
EP-000115,INC-000115,CERTIFICATE_EXPIRY,POL-0002,KE-0013,ROTATE_CERTIFICATE,"[""COMP-0004"", ""COMP-0006"", ""COMP-0023"", ""COMP-0025"", ""COMP-0028"", ""COMP-0030"", ""INFRA-0002"", ""INFRA-0006"", ""SVC-0002"", ""SVC-0005"", ""SVC-0006"", ""SVC-0015"", ""SVC-0016""]",CHG-000115,cause:12:23,background:EP-000115,SYNTHETIC
EP-000116,INC-000116,CERTIFICATE_EXPIRY,POL-0001,KE-0013,ROTATE_CERTIFICATE,"[""COMP-0002"", ""COMP-0011"", ""COMP-0018"", ""COMP-0020"", ""INFRA-0001"", ""INFRA-0005"", ""SVC-0002"", ""SVC-0005"", ""SVC-0006"", ""SVC-0011"", ""SVC-0012"", ""SVC-0014""]",CHG-000116,cause:12:24,background:EP-000116,SYNTHETIC
EP-000117,INC-000117,CERTIFICATE_EXPIRY,POL-0004,KE-0013,ROTATE_CERTIFICATE,"[""COMP-0006"", ""COMP-0007"", ""COMP-0018"", ""COMP-0019"", ""COMP-0021"", ""COMP-0025"", ""COMP-0030"", ""INFRA-0004"", ""INFRA-0008"", ""SVC-0001"", ""SVC-0011"", ""SVC-0012"", ""SVC-0016""]",,cause:12:25,background:EP-000117,SYNTHETIC
EP-000118,INC-000118,CERTIFICATE_EXPIRY,POL-0003,KE-0013,ROTATE_CERTIFICATE,"[""COMP-0014"", ""COMP-0016"", ""COMP-0023"", ""COMP-0027"", ""COMP-0030"", ""INFRA-0003"", ""INFRA-0007"", ""SVC-0002"", ""SVC-0006"", ""SVC-0008"", ""SVC-0010"", ""SVC-0011"", ""SVC-0017""]",,cause:12:26,background:EP-000118,SYNTHETIC
EP-000119,INC-000119,CERTIFICATE_EXPIRY,POL-0002,KE-0013,ROTATE_CERTIFICATE,"[""COMP-0004"", ""COMP-0006"", ""COMP-0023"", ""COMP-0025"", ""COMP-0028"", ""COMP-0030"", ""INFRA-0002"", ""INFRA-0006"", ""SVC-0002"", ""SVC-0005"", ""SVC-0006"", ""SVC-0015"", ""SVC-0016""]",CHG-000119,cause:12:27,background:EP-000119,SYNTHETIC
EP-000120,INC-000120,CERTIFICATE_EXPIRY,POL-0001,KE-0013,ROTATE_CERTIFICATE,"[""COMP-0002"", ""COMP-0011"", ""COMP-0018"", ""COMP-0020"", ""INFRA-0001"", ""INFRA-0005"", ""SVC-0002"", ""SVC-0005"", ""SVC-0006"", ""SVC-0011"", ""SVC-0012"", ""SVC-0014""]",,cause:12:28,background:EP-000120,SYNTHETIC
EP-000121,INC-000121,CERTIFICATE_EXPIRY,POL-0004,KE-0013,ROTATE_CERTIFICATE,"[""COMP-0006"", ""COMP-0007"", ""COMP-0018"", ""COMP-0019"", ""COMP-0021"", ""COMP-0025"", ""COMP-0030"", ""INFRA-0004"", ""INFRA-0008"", ""SVC-0001"", ""SVC-0011"", ""SVC-0012"", ""SVC-0016""]",,cause:12:29,background:EP-000121,SYNTHETIC
EP-000122,INC-000122,CERTIFICATE_EXPIRY,POL-0003,KE-0013,ROTATE_CERTIFICATE,"[""COMP-0014"", ""COMP-0016"", ""COMP-0023"", ""COMP-0027"", ""COMP-0030"", ""INFRA-0003"", ""INFRA-0007"", ""SVC-0002"", ""SVC-0006"", ""SVC-0008"", ""SVC-0010"", ""SVC-0011"", ""SVC-0017""]",,cause:12:30,background:EP-000122,SYNTHETIC
EP-000123,INC-000123,CERTIFICATE_EXPIRY,POL-0002,KE-0013,ROTATE_CERTIFICATE,"[""COMP-0004"", ""COMP-0006"", ""COMP-0023"", ""COMP-0025"", ""COMP-0028"", ""COMP-0030"", ""INFRA-0002"", ""INFRA-0006"", ""SVC-0002"", ""SVC-0005"", ""SVC-0006"", ""SVC-0015"", ""SVC-0016""]",CHG-000123,cause:12:31,background:EP-000123,SYNTHETIC
EP-000124,INC-000124,CERTIFICATE_EXPIRY,POL-0001,KE-0013,ROTATE_CERTIFICATE,"[""COMP-0002"", ""COMP-0011"", ""COMP-0018"", ""COMP-0020"", ""INFRA-0001"", ""INFRA-0005"", ""SVC-0002"", ""SVC-0005"", ""SVC-0006"", ""SVC-0011"", ""SVC-0012"", ""SVC-0014""]",,cause:12:32,background:EP-000124,SYNTHETIC
EP-000125,INC-000125,CERTIFICATE_EXPIRY,POL-0004,KE-0013,ROTATE_CERTIFICATE,"[""COMP-0006"", ""COMP-0007"", ""COMP-0018"", ""COMP-0019"", ""COMP-0021"", ""COMP-0025"", ""COMP-0030"", ""INFRA-0004"", ""INFRA-0008"", ""SVC-0001"", ""SVC-0011"", ""SVC-0012"", ""SVC-0016""]",,cause:12:33,background:EP-000125,SYNTHETIC
EP-000126,INC-000126,CERTIFICATE_EXPIRY,POL-0003,KE-0013,ROTATE_CERTIFICATE,"[""COMP-0014"", ""COMP-0016"", ""COMP-0023"", ""COMP-0027"", ""COMP-0030"", ""INFRA-0003"", ""INFRA-0007"", ""SVC-0002"", ""SVC-0006"", ""SVC-0008"", ""SVC-0010"", ""SVC-0011"", ""SVC-0017""]",,cause:12:34,background:EP-000126,SYNTHETIC
EP-000127,INC-000127,CERTIFICATE_EXPIRY,POL-0002,KE-0013,ROTATE_CERTIFICATE,"[""COMP-0004"", ""COMP-0006"", ""COMP-0023"", ""COMP-0025"", ""COMP-0028"", ""COMP-0030"", ""INFRA-0002"", ""INFRA-0006"", ""SVC-0002"", ""SVC-0005"", ""SVC-0006"", ""SVC-0015"", ""SVC-0016""]",,cause:12:35,background:EP-000127,SYNTHETIC
EP-000128,INC-000128,CERTIFICATE_EXPIRY,POL-0001,KE-0013,ROTATE_CERTIFICATE,"[""COMP-0002"", ""COMP-0011"", ""COMP-0018"", ""COMP-0020"", ""INFRA-0001"", ""INFRA-0005"", ""SVC-0002"", ""SVC-0005"", ""SVC-0006"", ""SVC-0011"", ""SVC-0012"", ""SVC-0014""]",,cause:12:36,background:EP-000128,SYNTHETIC
EP-000129,INC-000129,CERTIFICATE_EXPIRY,POL-0004,KE-0013,ROTATE_CERTIFICATE,"[""COMP-0006"", ""COMP-0007"", ""COMP-0018"", ""COMP-0019"", ""COMP-0021"", ""COMP-0025"", ""COMP-0030"", ""INFRA-0004"", ""INFRA-0008"", ""SVC-0001"", ""SVC-0011"", ""SVC-0012"", ""SVC-0016""]",,cause:12:37,background:EP-000129,SYNTHETIC
EP-000130,INC-000130,CERTIFICATE_EXPIRY,POL-0003,KE-0013,ROTATE_CERTIFICATE,"[""COMP-0014"", ""COMP-0016"", ""COMP-0023"", ""COMP-0027"", ""COMP-0030"", ""INFRA-0003"", ""INFRA-0007"", ""SVC-0002"", ""SVC-0006"", ""SVC-0008"", ""SVC-0010"", ""SVC-0011"", ""SVC-0017""]",,cause:12:38,background:EP-000130,SYNTHETIC
EP-000131,INC-000131,CERTIFICATE_EXPIRY,POL-0002,KE-0013,ROTATE_CERTIFICATE,"[""COMP-0004"", ""COMP-0006"", ""COMP-0023"", ""COMP-0025"", ""COMP-0028"", ""COMP-0030"", ""INFRA-0002"", ""INFRA-0006"", ""SVC-0002"", ""SVC-0005"", ""SVC-0006"", ""SVC-0015"", ""SVC-0016""]",,cause:12:39,background:EP-000131,SYNTHETIC
EP-000132,INC-000132,CERTIFICATE_EXPIRY,POL-0001,KE-0013,ROTATE_CERTIFICATE,"[""COMP-0002"", ""COMP-0011"", ""COMP-0018"", ""COMP-0020"", ""INFRA-0001"", ""INFRA-0005"", ""SVC-0002"", ""SVC-0005"", ""SVC-0006"", ""SVC-0011"", ""SVC-0012"", ""SVC-0014""]",,cause:12:40,background:EP-000132,SYNTHETIC
EP-000133,INC-000133,IDENTITY_DEGRADATION,VENDOR-0002,KE-0014,RESTORE_IDENTITY_DEPENDENCY,"[""COMP-0002"", ""COMP-0020"", ""SVC-0002"", ""SVC-0004"", ""SVC-0005"", ""SVC-0007"", ""SVC-0009"", ""SVC-0010"", ""SVC-0013"", ""SVC-0014"", ""SVC-0018"", ""TEAM-0001""]",,cause:13:0,background:EP-000133,SYNTHETIC
EP-000134,INC-000134,IDENTITY_DEGRADATION,VENDOR-0001,KE-0014,RESTORE_IDENTITY_DEPENDENCY,"[""COMP-0001"", ""COMP-0019"", ""SVC-0001"", ""SVC-0003"", ""SVC-0005"", ""SVC-0008"", ""SVC-0009"", ""SVC-0013"", ""SVC-0014"", ""SVC-0017"", ""SVC-0018"", ""TEAM-0003""]",CHG-000134,cause:13:1,background:EP-000134,SYNTHETIC
EP-000135,INC-000135,IDENTITY_DEGRADATION,VENDOR-0004,KE-0014,RESTORE_IDENTITY_DEPENDENCY,"[""SVC-0002"", ""SVC-0004"", ""SVC-0005"", ""SVC-0007"", ""SVC-0008"", ""SVC-0009"", ""SVC-0011"", ""SVC-0012"", ""SVC-0013"", ""SVC-0014"", ""SVC-0015"", ""SVC-0017""]",CHG-000135,cause:13:2,background:EP-000135,SYNTHETIC
EP-000136,INC-000136,IDENTITY_DEGRADATION,VENDOR-0003,KE-0014,RESTORE_IDENTITY_DEPENDENCY,"[""SVC-0001"", ""SVC-0002"", ""SVC-0003"", ""SVC-0004"", ""SVC-0005"", ""SVC-0007"", ""SVC-0008"", ""SVC-0009"", ""SVC-0010"", ""SVC-0011"", ""SVC-0013"", ""SVC-0014""]",,cause:13:3,background:EP-000136,SYNTHETIC
EP-000137,INC-000137,IDENTITY_DEGRADATION,VENDOR-0002,KE-0014,RESTORE_IDENTITY_DEPENDENCY,"[""COMP-0002"", ""COMP-0020"", ""SVC-0002"", ""SVC-0004"", ""SVC-0005"", ""SVC-0007"", ""SVC-0009"", ""SVC-0010"", ""SVC-0013"", ""SVC-0014"", ""SVC-0018"", ""TEAM-0001""]",,cause:13:4,background:EP-000137,SYNTHETIC
EP-000138,INC-000138,IDENTITY_DEGRADATION,VENDOR-0001,KE-0014,RESTORE_IDENTITY_DEPENDENCY,"[""COMP-0001"", ""COMP-0019"", ""SVC-0001"", ""SVC-0003"", ""SVC-0005"", ""SVC-0008"", ""SVC-0009"", ""SVC-0013"", ""SVC-0014"", ""SVC-0017"", ""SVC-0018"", ""TEAM-0003""]",CHG-000138,cause:13:5,background:EP-000138,SYNTHETIC
EP-000139,INC-000139,IDENTITY_DEGRADATION,VENDOR-0004,KE-0014,RESTORE_IDENTITY_DEPENDENCY,"[""SVC-0002"", ""SVC-0004"", ""SVC-0005"", ""SVC-0007"", ""SVC-0008"", ""SVC-0009"", ""SVC-0011"", ""SVC-0012"", ""SVC-0013"", ""SVC-0014"", ""SVC-0015"", ""SVC-0017""]",CHG-000139,cause:13:6,background:EP-000139,SYNTHETIC
EP-000140,INC-000140,IDENTITY_DEGRADATION,VENDOR-0003,KE-0014,RESTORE_IDENTITY_DEPENDENCY,"[""SVC-0001"", ""SVC-0002"", ""SVC-0003"", ""SVC-0004"", ""SVC-0005"", ""SVC-0007"", ""SVC-0008"", ""SVC-0009"", ""SVC-0010"", ""SVC-0011"", ""SVC-0013"", ""SVC-0014""]",,cause:13:7,background:EP-000140,SYNTHETIC
EP-000141,INC-000141,IDENTITY_DEGRADATION,VENDOR-0002,KE-0014,RESTORE_IDENTITY_DEPENDENCY,"[""COMP-0002"", ""COMP-0020"", ""SVC-0002"", ""SVC-0004"", ""SVC-0005"", ""SVC-0007"", ""SVC-0009"", ""SVC-0010"", ""SVC-0013"", ""SVC-0014"", ""SVC-0018"", ""TEAM-0001""]",CHG-000141,cause:13:8,background:EP-000141,SYNTHETIC
EP-000142,INC-000142,IDENTITY_DEGRADATION,VENDOR-0001,KE-0014,RESTORE_IDENTITY_DEPENDENCY,"[""COMP-0001"", ""COMP-0019"", ""SVC-0001"", ""SVC-0003"", ""SVC-0005"", ""SVC-0008"", ""SVC-0009"", ""SVC-0013"", ""SVC-0014"", ""SVC-0017"", ""SVC-0018"", ""TEAM-0003""]",,cause:13:9,background:EP-000142,SYNTHETIC
EP-000143,INC-000143,IDENTITY_DEGRADATION,VENDOR-0004,KE-0014,RESTORE_IDENTITY_DEPENDENCY,"[""SVC-0002"", ""SVC-0004"", ""SVC-0005"", ""SVC-0007"", ""SVC-0008"", ""SVC-0009"", ""SVC-0011"", ""SVC-0012"", ""SVC-0013"", ""SVC-0014"", ""SVC-0015"", ""SVC-0017""]",,cause:13:10,background:EP-000143,SYNTHETIC
EP-000144,INC-000144,IDENTITY_DEGRADATION,VENDOR-0003,KE-0014,RESTORE_IDENTITY_DEPENDENCY,"[""SVC-0001"", ""SVC-0002"", ""SVC-0003"", ""SVC-0004"", ""SVC-0005"", ""SVC-0007"", ""SVC-0008"", ""SVC-0009"", ""SVC-0010"", ""SVC-0011"", ""SVC-0013"", ""SVC-0014""]",,cause:13:11,background:EP-000144,SYNTHETIC
EP-000145,INC-000145,IDENTITY_DEGRADATION,VENDOR-0002,KE-0014,RESTORE_IDENTITY_DEPENDENCY,"[""COMP-0002"", ""COMP-0020"", ""SVC-0002"", ""SVC-0004"", ""SVC-0005"", ""SVC-0007"", ""SVC-0009"", ""SVC-0010"", ""SVC-0013"", ""SVC-0014"", ""SVC-0018"", ""TEAM-0001""]",,cause:13:12,background:EP-000145,SYNTHETIC
EP-000146,INC-000146,IDENTITY_DEGRADATION,VENDOR-0001,KE-0014,RESTORE_IDENTITY_DEPENDENCY,"[""COMP-0001"", ""COMP-0019"", ""SVC-0001"", ""SVC-0003"", ""SVC-0005"", ""SVC-0008"", ""SVC-0009"", ""SVC-0013"", ""SVC-0014"", ""SVC-0017"", ""SVC-0018"", ""TEAM-0003""]",,cause:13:13,background:EP-000146,SYNTHETIC
EP-000147,INC-000147,IDENTITY_DEGRADATION,VENDOR-0004,KE-0014,RESTORE_IDENTITY_DEPENDENCY,"[""SVC-0002"", ""SVC-0004"", ""SVC-0005"", ""SVC-0007"", ""SVC-0008"", ""SVC-0009"", ""SVC-0011"", ""SVC-0012"", ""SVC-0013"", ""SVC-0014"", ""SVC-0015"", ""SVC-0017""]",,cause:13:14,background:EP-000147,SYNTHETIC
EP-000148,INC-000148,IDENTITY_DEGRADATION,VENDOR-0003,KE-0014,RESTORE_IDENTITY_DEPENDENCY,"[""SVC-0001"", ""SVC-0002"", ""SVC-0003"", ""SVC-0004"", ""SVC-0005"", ""SVC-0007"", ""SVC-0008"", ""SVC-0009"", ""SVC-0010"", ""SVC-0011"", ""SVC-0013"", ""SVC-0014""]",,cause:13:15,background:EP-000148,SYNTHETIC
EP-000149,INC-000149,IDENTITY_DEGRADATION,VENDOR-0002,KE-0014,RESTORE_IDENTITY_DEPENDENCY,"[""COMP-0002"", ""COMP-0020"", ""SVC-0002"", ""SVC-0004"", ""SVC-0005"", ""SVC-0007"", ""SVC-0009"", ""SVC-0010"", ""SVC-0013"", ""SVC-0014"", ""SVC-0018"", ""TEAM-0001""]",CHG-000149,cause:13:16,background:EP-000149,SYNTHETIC
EP-000150,INC-000150,IDENTITY_DEGRADATION,VENDOR-0001,KE-0014,RESTORE_IDENTITY_DEPENDENCY,"[""COMP-0001"", ""COMP-0019"", ""SVC-0001"", ""SVC-0003"", ""SVC-0005"", ""SVC-0008"", ""SVC-0009"", ""SVC-0013"", ""SVC-0014"", ""SVC-0017"", ""SVC-0018"", ""TEAM-0003""]",,cause:13:17,background:EP-000150,SYNTHETIC
EP-000151,INC-000151,IDENTITY_DEGRADATION,VENDOR-0004,KE-0014,RESTORE_IDENTITY_DEPENDENCY,"[""SVC-0002"", ""SVC-0004"", ""SVC-0005"", ""SVC-0007"", ""SVC-0008"", ""SVC-0009"", ""SVC-0011"", ""SVC-0012"", ""SVC-0013"", ""SVC-0014"", ""SVC-0015"", ""SVC-0017""]",,cause:13:18,background:EP-000151,SYNTHETIC
EP-000152,INC-000152,IDENTITY_DEGRADATION,VENDOR-0003,KE-0014,RESTORE_IDENTITY_DEPENDENCY,"[""SVC-0001"", ""SVC-0002"", ""SVC-0003"", ""SVC-0004"", ""SVC-0005"", ""SVC-0007"", ""SVC-0008"", ""SVC-0009"", ""SVC-0010"", ""SVC-0011"", ""SVC-0013"", ""SVC-0014""]",,cause:13:19,background:EP-000152,SYNTHETIC
EP-000153,INC-000153,IDENTITY_DEGRADATION,VENDOR-0002,KE-0014,RESTORE_IDENTITY_DEPENDENCY,"[""COMP-0002"", ""COMP-0020"", ""SVC-0002"", ""SVC-0004"", ""SVC-0005"", ""SVC-0007"", ""SVC-0009"", ""SVC-0010"", ""SVC-0013"", ""SVC-0014"", ""SVC-0018"", ""TEAM-0001""]",CHG-000153,cause:13:20,background:EP-000153,SYNTHETIC
EP-000154,INC-000154,IDENTITY_DEGRADATION,VENDOR-0001,KE-0014,RESTORE_IDENTITY_DEPENDENCY,"[""COMP-0001"", ""COMP-0019"", ""SVC-0001"", ""SVC-0003"", ""SVC-0005"", ""SVC-0008"", ""SVC-0009"", ""SVC-0013"", ""SVC-0014"", ""SVC-0017"", ""SVC-0018"", ""TEAM-0003""]",CHG-000154,cause:13:21,background:EP-000154,SYNTHETIC
EP-000155,INC-000155,IDENTITY_DEGRADATION,VENDOR-0004,KE-0014,RESTORE_IDENTITY_DEPENDENCY,"[""SVC-0002"", ""SVC-0004"", ""SVC-0005"", ""SVC-0007"", ""SVC-0008"", ""SVC-0009"", ""SVC-0011"", ""SVC-0012"", ""SVC-0013"", ""SVC-0014"", ""SVC-0015"", ""SVC-0017""]",,cause:13:22,background:EP-000155,SYNTHETIC
EP-000156,INC-000156,IDENTITY_DEGRADATION,VENDOR-0003,KE-0014,RESTORE_IDENTITY_DEPENDENCY,"[""SVC-0001"", ""SVC-0002"", ""SVC-0003"", ""SVC-0004"", ""SVC-0005"", ""SVC-0007"", ""SVC-0008"", ""SVC-0009"", ""SVC-0010"", ""SVC-0011"", ""SVC-0013"", ""SVC-0014""]",,cause:13:23,background:EP-000156,SYNTHETIC
EP-000157,INC-000157,IDENTITY_DEGRADATION,VENDOR-0002,KE-0014,RESTORE_IDENTITY_DEPENDENCY,"[""COMP-0002"", ""COMP-0020"", ""SVC-0002"", ""SVC-0004"", ""SVC-0005"", ""SVC-0007"", ""SVC-0009"", ""SVC-0010"", ""SVC-0013"", ""SVC-0014"", ""SVC-0018"", ""TEAM-0001""]",,cause:13:24,background:EP-000157,SYNTHETIC
EP-000158,INC-000158,IDENTITY_DEGRADATION,VENDOR-0001,KE-0014,RESTORE_IDENTITY_DEPENDENCY,"[""COMP-0001"", ""COMP-0019"", ""SVC-0001"", ""SVC-0003"", ""SVC-0005"", ""SVC-0008"", ""SVC-0009"", ""SVC-0013"", ""SVC-0014"", ""SVC-0017"", ""SVC-0018"", ""TEAM-0003""]",,cause:13:25,background:EP-000158,SYNTHETIC
EP-000159,INC-000159,IDENTITY_DEGRADATION,VENDOR-0004,KE-0014,RESTORE_IDENTITY_DEPENDENCY,"[""SVC-0002"", ""SVC-0004"", ""SVC-0005"", ""SVC-0007"", ""SVC-0008"", ""SVC-0009"", ""SVC-0011"", ""SVC-0012"", ""SVC-0013"", ""SVC-0014"", ""SVC-0015"", ""SVC-0017""]",,cause:13:26,background:EP-000159,SYNTHETIC
EP-000160,INC-000160,IDENTITY_DEGRADATION,VENDOR-0003,KE-0014,RESTORE_IDENTITY_DEPENDENCY,"[""SVC-0001"", ""SVC-0002"", ""SVC-0003"", ""SVC-0004"", ""SVC-0005"", ""SVC-0007"", ""SVC-0008"", ""SVC-0009"", ""SVC-0010"", ""SVC-0011"", ""SVC-0013"", ""SVC-0014""]",,cause:13:27,background:EP-000160,SYNTHETIC
EP-000161,INC-000161,IDENTITY_DEGRADATION,VENDOR-0002,KE-0014,RESTORE_IDENTITY_DEPENDENCY,"[""COMP-0002"", ""COMP-0020"", ""SVC-0002"", ""SVC-0004"", ""SVC-0005"", ""SVC-0007"", ""SVC-0009"", ""SVC-0010"", ""SVC-0013"", ""SVC-0014"", ""SVC-0018"", ""TEAM-0001""]",,cause:13:28,background:EP-000161,SYNTHETIC
EP-000162,INC-000162,IDENTITY_DEGRADATION,VENDOR-0001,KE-0014,RESTORE_IDENTITY_DEPENDENCY,"[""COMP-0001"", ""COMP-0019"", ""SVC-0001"", ""SVC-0003"", ""SVC-0005"", ""SVC-0008"", ""SVC-0009"", ""SVC-0013"", ""SVC-0014"", ""SVC-0017"", ""SVC-0018"", ""TEAM-0003""]",CHG-000162,cause:13:29,background:EP-000162,SYNTHETIC
EP-000163,INC-000163,IDENTITY_DEGRADATION,VENDOR-0004,KE-0014,RESTORE_IDENTITY_DEPENDENCY,"[""SVC-0002"", ""SVC-0004"", ""SVC-0005"", ""SVC-0007"", ""SVC-0008"", ""SVC-0009"", ""SVC-0011"", ""SVC-0012"", ""SVC-0013"", ""SVC-0014"", ""SVC-0015"", ""SVC-0017""]",,cause:13:30,background:EP-000163,SYNTHETIC
EP-000164,INC-000164,IDENTITY_DEGRADATION,VENDOR-0003,KE-0014,RESTORE_IDENTITY_DEPENDENCY,"[""SVC-0001"", ""SVC-0002"", ""SVC-0003"", ""SVC-0004"", ""SVC-0005"", ""SVC-0007"", ""SVC-0008"", ""SVC-0009"", ""SVC-0010"", ""SVC-0011"", ""SVC-0013"", ""SVC-0014""]",,cause:13:31,background:EP-000164,SYNTHETIC
EP-000165,INC-000165,IDENTITY_DEGRADATION,VENDOR-0002,KE-0014,RESTORE_IDENTITY_DEPENDENCY,"[""COMP-0002"", ""COMP-0020"", ""SVC-0002"", ""SVC-0004"", ""SVC-0005"", ""SVC-0007"", ""SVC-0009"", ""SVC-0010"", ""SVC-0013"", ""SVC-0014"", ""SVC-0018"", ""TEAM-0001""]",,cause:13:32,background:EP-000165,SYNTHETIC
EP-000166,INC-000166,IDENTITY_DEGRADATION,VENDOR-0001,KE-0014,RESTORE_IDENTITY_DEPENDENCY,"[""COMP-0001"", ""COMP-0019"", ""SVC-0001"", ""SVC-0003"", ""SVC-0005"", ""SVC-0008"", ""SVC-0009"", ""SVC-0013"", ""SVC-0014"", ""SVC-0017"", ""SVC-0018"", ""TEAM-0003""]",CHG-000166,cause:13:33,background:EP-000166,SYNTHETIC
EP-000167,INC-000167,IDENTITY_DEGRADATION,VENDOR-0004,KE-0014,RESTORE_IDENTITY_DEPENDENCY,"[""SVC-0002"", ""SVC-0004"", ""SVC-0005"", ""SVC-0007"", ""SVC-0008"", ""SVC-0009"", ""SVC-0011"", ""SVC-0012"", ""SVC-0013"", ""SVC-0014"", ""SVC-0015"", ""SVC-0017""]",,cause:13:34,background:EP-000167,SYNTHETIC
EP-000168,INC-000168,IDENTITY_DEGRADATION,VENDOR-0003,KE-0014,RESTORE_IDENTITY_DEPENDENCY,"[""SVC-0001"", ""SVC-0002"", ""SVC-0003"", ""SVC-0004"", ""SVC-0005"", ""SVC-0007"", ""SVC-0008"", ""SVC-0009"", ""SVC-0010"", ""SVC-0011"", ""SVC-0013"", ""SVC-0014""]",,cause:13:35,background:EP-000168,SYNTHETIC
EP-000169,INC-000169,IDENTITY_DEGRADATION,VENDOR-0002,KE-0014,RESTORE_IDENTITY_DEPENDENCY,"[""COMP-0002"", ""COMP-0020"", ""SVC-0002"", ""SVC-0004"", ""SVC-0005"", ""SVC-0007"", ""SVC-0009"", ""SVC-0010"", ""SVC-0013"", ""SVC-0014"", ""SVC-0018"", ""TEAM-0001""]",,cause:13:36,background:EP-000169,SYNTHETIC
EP-000170,INC-000170,IDENTITY_DEGRADATION,VENDOR-0001,KE-0014,RESTORE_IDENTITY_DEPENDENCY,"[""COMP-0001"", ""COMP-0019"", ""SVC-0001"", ""SVC-0003"", ""SVC-0005"", ""SVC-0008"", ""SVC-0009"", ""SVC-0013"", ""SVC-0014"", ""SVC-0017"", ""SVC-0018"", ""TEAM-0003""]",,cause:13:37,background:EP-000170,SYNTHETIC
EP-000171,INC-000171,IDENTITY_DEGRADATION,VENDOR-0004,KE-0014,RESTORE_IDENTITY_DEPENDENCY,"[""SVC-0002"", ""SVC-0004"", ""SVC-0005"", ""SVC-0007"", ""SVC-0008"", ""SVC-0009"", ""SVC-0011"", ""SVC-0012"", ""SVC-0013"", ""SVC-0014"", ""SVC-0015"", ""SVC-0017""]",,cause:13:38,background:EP-000171,SYNTHETIC
EP-000172,INC-000172,IDENTITY_DEGRADATION,VENDOR-0003,KE-0014,RESTORE_IDENTITY_DEPENDENCY,"[""SVC-0001"", ""SVC-0002"", ""SVC-0003"", ""SVC-0004"", ""SVC-0005"", ""SVC-0007"", ""SVC-0008"", ""SVC-0009"", ""SVC-0010"", ""SVC-0011"", ""SVC-0013"", ""SVC-0014""]",,cause:13:39,background:EP-000172,SYNTHETIC
EP-000173,INC-000173,IDENTITY_DEGRADATION,VENDOR-0002,KE-0014,RESTORE_IDENTITY_DEPENDENCY,"[""COMP-0002"", ""COMP-0020"", ""SVC-0002"", ""SVC-0004"", ""SVC-0005"", ""SVC-0007"", ""SVC-0009"", ""SVC-0010"", ""SVC-0013"", ""SVC-0014"", ""SVC-0018"", ""TEAM-0001""]",,cause:13:40,background:EP-000173,SYNTHETIC
EP-000174,INC-000174,IDENTITY_DEGRADATION,VENDOR-0001,KE-0014,RESTORE_IDENTITY_DEPENDENCY,"[""COMP-0001"", ""COMP-0019"", ""SVC-0001"", ""SVC-0003"", ""SVC-0005"", ""SVC-0008"", ""SVC-0009"", ""SVC-0013"", ""SVC-0014"", ""SVC-0017"", ""SVC-0018"", ""TEAM-0003""]",,cause:13:41,background:EP-000174,SYNTHETIC
EP-000175,INC-000175,IDENTITY_DEGRADATION,VENDOR-0004,KE-0014,RESTORE_IDENTITY_DEPENDENCY,"[""SVC-0002"", ""SVC-0004"", ""SVC-0005"", ""SVC-0007"", ""SVC-0008"", ""SVC-0009"", ""SVC-0011"", ""SVC-0012"", ""SVC-0013"", ""SVC-0014"", ""SVC-0015"", ""SVC-0017""]",,cause:13:42,background:EP-000175,SYNTHETIC
EP-000176,INC-000176,IDENTITY_DEGRADATION,VENDOR-0003,KE-0014,RESTORE_IDENTITY_DEPENDENCY,"[""SVC-0001"", ""SVC-0002"", ""SVC-0003"", ""SVC-0004"", ""SVC-0005"", ""SVC-0007"", ""SVC-0008"", ""SVC-0009"", ""SVC-0010"", ""SVC-0011"", ""SVC-0013"", ""SVC-0014""]",,cause:13:43,background:EP-000176,SYNTHETIC
EP-000177,INC-000177,IDENTITY_DEGRADATION,VENDOR-0002,KE-0014,RESTORE_IDENTITY_DEPENDENCY,"[""COMP-0002"", ""COMP-0020"", ""SVC-0002"", ""SVC-0004"", ""SVC-0005"", ""SVC-0007"", ""SVC-0009"", ""SVC-0010"", ""SVC-0013"", ""SVC-0014"", ""SVC-0018"", ""TEAM-0001""]",CHG-000177,cause:13:44,background:EP-000177,SYNTHETIC
EP-000178,INC-000178,IDENTITY_DEGRADATION,VENDOR-0001,KE-0014,RESTORE_IDENTITY_DEPENDENCY,"[""COMP-0001"", ""COMP-0019"", ""SVC-0001"", ""SVC-0003"", ""SVC-0005"", ""SVC-0008"", ""SVC-0009"", ""SVC-0013"", ""SVC-0014"", ""SVC-0017"", ""SVC-0018"", ""TEAM-0003""]",CHG-000178,cause:13:45,background:EP-000178,SYNTHETIC
EP-000179,INC-000179,IDENTITY_DEGRADATION,VENDOR-0004,KE-0014,RESTORE_IDENTITY_DEPENDENCY,"[""SVC-0002"", ""SVC-0004"", ""SVC-0005"", ""SVC-0007"", ""SVC-0008"", ""SVC-0009"", ""SVC-0011"", ""SVC-0012"", ""SVC-0013"", ""SVC-0014"", ""SVC-0015"", ""SVC-0017""]",,cause:13:46,background:EP-000179,SYNTHETIC
EP-000180,INC-000180,IDENTITY_DEGRADATION,VENDOR-0003,KE-0014,RESTORE_IDENTITY_DEPENDENCY,"[""SVC-0001"", ""SVC-0002"", ""SVC-0003"", ""SVC-0004"", ""SVC-0005"", ""SVC-0007"", ""SVC-0008"", ""SVC-0009"", ""SVC-0010"", ""SVC-0011"", ""SVC-0013"", ""SVC-0014""]",,cause:13:47,background:EP-000180,SYNTHETIC
EP-000181,INC-000181,IDENTITY_DEGRADATION,VENDOR-0002,KE-0014,RESTORE_IDENTITY_DEPENDENCY,"[""COMP-0002"", ""COMP-0020"", ""SVC-0002"", ""SVC-0004"", ""SVC-0005"", ""SVC-0007"", ""SVC-0009"", ""SVC-0010"", ""SVC-0013"", ""SVC-0014"", ""SVC-0018"", ""TEAM-0001""]",,cause:13:48,background:EP-000181,SYNTHETIC
EP-000182,INC-000182,IDENTITY_DEGRADATION,VENDOR-0001,KE-0014,RESTORE_IDENTITY_DEPENDENCY,"[""COMP-0001"", ""COMP-0019"", ""SVC-0001"", ""SVC-0003"", ""SVC-0005"", ""SVC-0008"", ""SVC-0009"", ""SVC-0013"", ""SVC-0014"", ""SVC-0017"", ""SVC-0018"", ""TEAM-0003""]",,cause:13:49,background:EP-000182,SYNTHETIC
EP-000183,INC-000183,IDENTITY_DEGRADATION,VENDOR-0004,KE-0014,RESTORE_IDENTITY_DEPENDENCY,"[""SVC-0002"", ""SVC-0004"", ""SVC-0005"", ""SVC-0007"", ""SVC-0008"", ""SVC-0009"", ""SVC-0011"", ""SVC-0012"", ""SVC-0013"", ""SVC-0014"", ""SVC-0015"", ""SVC-0017""]",CHG-000183,cause:13:50,background:EP-000183,SYNTHETIC
EP-000184,INC-000184,IDENTITY_DEGRADATION,VENDOR-0003,KE-0014,RESTORE_IDENTITY_DEPENDENCY,"[""SVC-0001"", ""SVC-0002"", ""SVC-0003"", ""SVC-0004"", ""SVC-0005"", ""SVC-0007"", ""SVC-0008"", ""SVC-0009"", ""SVC-0010"", ""SVC-0011"", ""SVC-0013"", ""SVC-0014""]",,cause:13:51,background:EP-000184,SYNTHETIC
EP-000185,INC-000185,IDENTITY_DEGRADATION,VENDOR-0002,KE-0014,RESTORE_IDENTITY_DEPENDENCY,"[""COMP-0002"", ""COMP-0020"", ""SVC-0002"", ""SVC-0004"", ""SVC-0005"", ""SVC-0007"", ""SVC-0009"", ""SVC-0010"", ""SVC-0013"", ""SVC-0014"", ""SVC-0018"", ""TEAM-0001""]",,cause:13:52,background:EP-000185,SYNTHETIC
EP-000186,INC-000186,IDENTITY_DEGRADATION,VENDOR-0001,KE-0014,RESTORE_IDENTITY_DEPENDENCY,"[""COMP-0001"", ""COMP-0019"", ""SVC-0001"", ""SVC-0003"", ""SVC-0005"", ""SVC-0008"", ""SVC-0009"", ""SVC-0013"", ""SVC-0014"", ""SVC-0017"", ""SVC-0018"", ""TEAM-0003""]",,cause:13:53,background:EP-000186,SYNTHETIC
EP-000187,INC-000187,NETWORK_PATH_DEGRADATION,INFRA-0007,KE-0015,REROUTE_TRAFFIC,"[""APP-0001"", ""CAP-0004"", ""CLOUD-0002"", ""CLOUD-0003"", ""CLOUD-0013"", ""CLOUD-0014"", ""CLOUD-0018"", ""COMP-0007"", ""INFRA-0004"", ""INFRA-0006"", ""POL-0003"", ""SVC-0001"", ""SVC-0004"", ""SVC-0007"", ""SVC-0008"", ""SVC-0012"", ""SVC-0014"", ""SVC-0017"", ""SVC-0018"", ""TEAM-0005"", ""TEAM-0006""]",,cause:14:0,background:EP-000187,SYNTHETIC
EP-000188,INC-000188,NETWORK_PATH_DEGRADATION,INFRA-0006,KE-0015,REROUTE_TRAFFIC,"[""APP-0001"", ""CAP-0001"", ""CLOUD-0006"", ""CLOUD-0007"", ""CLOUD-0015"", ""COMP-0022"", ""INFRA-0001"", ""POL-0002"", ""SVC-0001"", ""SVC-0002"", ""SVC-0003"", ""SVC-0004"", ""SVC-0006"", ""SVC-0008"", ""SVC-0011"", ""SVC-0012"", ""SVC-0013"", ""SVC-0015"", ""SVC-0016"", ""SVC-0017"", ""TEAM-0001"", ""TEAM-0004"", ""VENDOR-0001""]",,cause:14:1,background:EP-000188,SYNTHETIC
EP-000189,INC-000189,NETWORK_PATH_DEGRADATION,INFRA-0005,KE-0015,REROUTE_TRAFFIC,"[""APP-0008"", ""CAP-0004"", ""CLOUD-0004"", ""CLOUD-0005"", ""CLOUD-0021"", ""COMP-0013"", ""INFRA-0003"", ""POL-0001"", ""SVC-0001"", ""SVC-0005"", ""SVC-0006"", ""SVC-0007"", ""SVC-0008"", ""SVC-0009"", ""SVC-0010"", ""SVC-0012"", ""SVC-0016"", ""SVC-0017"", ""SVC-0018"", ""TEAM-0001"", ""TEAM-0002"", ""VENDOR-0001"", ""VENDOR-0003""]",CHG-000189,cause:14:2,background:EP-000189,SYNTHETIC
EP-000190,INC-000190,NETWORK_PATH_DEGRADATION,INFRA-0004,KE-0015,REROUTE_TRAFFIC,"[""APP-0004"", ""CAP-0001"", ""CLOUD-0012"", ""CLOUD-0016"", ""CLOUD-0020"", ""COMP-0004"", ""COMP-0028"", ""POL-0004"", ""SVC-0001"", ""SVC-0004"", ""SVC-0005"", ""SVC-0009"", ""SVC-0010"", ""SVC-0011"", ""SVC-0012"", ""SVC-0013"", ""SVC-0015"", ""SVC-0016"", ""SVC-0017"", ""SVC-0018"", ""TEAM-0007""]",,cause:14:3,background:EP-000190,SYNTHETIC
EP-000191,INC-000191,NETWORK_PATH_DEGRADATION,INFRA-0003,KE-0015,REROUTE_TRAFFIC,"[""APP-0004"", ""CAP-0001"", ""CLOUD-0002"", ""CLOUD-0005"", ""CLOUD-0019"", ""CLOUD-0020"", ""COMP-0019"", ""INFRA-0002"", ""INFRA-0006"", ""POL-0003"", ""SVC-0007"", ""SVC-0008"", ""SVC-0009"", ""SVC-0010"", ""SVC-0011"", ""SVC-0012"", ""SVC-0013"", ""SVC-0015"", ""SVC-0017"", ""SVC-0018"", ""TEAM-0001"", ""TEAM-0005"", ""VENDOR-0004""]",,cause:14:4,background:EP-000191,SYNTHETIC
EP-000192,INC-000192,NETWORK_PATH_DEGRADATION,INFRA-0002,KE-0015,REROUTE_TRAFFIC,"[""APP-0004"", ""CLOUD-0004"", ""CLOUD-0012"", ""CLOUD-0019"", ""CLOUD-0020"", ""COMP-0010"", ""POL-0002"", ""SVC-0001"", ""SVC-0002"", ""SVC-0004"", ""SVC-0005"", ""SVC-0006"", ""SVC-0008"", ""SVC-0010"", ""SVC-0011"", ""SVC-0012"", ""SVC-0013"", ""SVC-0015"", ""SVC-0018"", ""TEAM-0003""]",,cause:14:5,background:EP-000192,SYNTHETIC
EP-000193,INC-000193,NETWORK_PATH_DEGRADATION,INFRA-0001,KE-0015,REROUTE_TRAFFIC,"[""APP-0005"", ""CAP-0004"", ""CLOUD-0018"", ""COMP-0001"", ""COMP-0025"", ""POL-0001"", ""SVC-0001"", ""SVC-0002"", ""SVC-0003"", ""SVC-0004"", ""SVC-0005"", ""SVC-0007"", ""SVC-0010"", ""SVC-0012"", ""SVC-0013"", ""SVC-0014"", ""SVC-0015"", ""SVC-0016"", ""SVC-0017"", ""TEAM-0001""]",,cause:14:6,background:EP-000193,SYNTHETIC
EP-000194,INC-000194,NETWORK_PATH_DEGRADATION,INFRA-0008,KE-0015,REROUTE_TRAFFIC,"[""APP-0005"", ""CAP-0004"", ""CLOUD-0012"", ""CLOUD-0018"", ""CLOUD-0020"", ""CLOUD-0021"", ""COMP-0016"", ""POL-0004"", ""SVC-0001"", ""SVC-0002"", ""SVC-0003"", ""SVC-0004"", ""SVC-0007"", ""SVC-0010"", ""SVC-0012"", ""SVC-0013"", ""SVC-0016"", ""SVC-0017"", ""TEAM-0001""]",CHG-000194,cause:14:7,background:EP-000194,SYNTHETIC
EP-000195,INC-000195,NETWORK_PATH_DEGRADATION,INFRA-0007,KE-0015,REROUTE_TRAFFIC,"[""APP-0001"", ""CAP-0004"", ""CLOUD-0002"", ""CLOUD-0003"", ""CLOUD-0013"", ""CLOUD-0014"", ""CLOUD-0018"", ""COMP-0007"", ""INFRA-0004"", ""INFRA-0006"", ""POL-0003"", ""SVC-0001"", ""SVC-0004"", ""SVC-0007"", ""SVC-0008"", ""SVC-0012"", ""SVC-0014"", ""SVC-0017"", ""SVC-0018"", ""TEAM-0005"", ""TEAM-0006""]",,cause:14:8,background:EP-000195,SYNTHETIC
EP-000196,INC-000196,NETWORK_PATH_DEGRADATION,INFRA-0006,KE-0015,REROUTE_TRAFFIC,"[""APP-0001"", ""CAP-0001"", ""CLOUD-0006"", ""CLOUD-0007"", ""CLOUD-0015"", ""COMP-0022"", ""INFRA-0001"", ""POL-0002"", ""SVC-0001"", ""SVC-0002"", ""SVC-0003"", ""SVC-0004"", ""SVC-0006"", ""SVC-0008"", ""SVC-0011"", ""SVC-0012"", ""SVC-0013"", ""SVC-0015"", ""SVC-0016"", ""SVC-0017"", ""TEAM-0001"", ""TEAM-0004"", ""VENDOR-0001""]",,cause:14:9,background:EP-000196,SYNTHETIC
EP-000197,INC-000197,NETWORK_PATH_DEGRADATION,INFRA-0005,KE-0015,REROUTE_TRAFFIC,"[""APP-0008"", ""CAP-0004"", ""CLOUD-0004"", ""CLOUD-0005"", ""CLOUD-0021"", ""COMP-0013"", ""INFRA-0003"", ""POL-0001"", ""SVC-0001"", ""SVC-0005"", ""SVC-0006"", ""SVC-0007"", ""SVC-0008"", ""SVC-0009"", ""SVC-0010"", ""SVC-0012"", ""SVC-0016"", ""SVC-0017"", ""SVC-0018"", ""TEAM-0001"", ""TEAM-0002"", ""VENDOR-0001"", ""VENDOR-0003""]",CHG-000197,cause:14:10,background:EP-000197,SYNTHETIC
EP-000198,INC-000198,NETWORK_PATH_DEGRADATION,INFRA-0004,KE-0015,REROUTE_TRAFFIC,"[""APP-0004"", ""CAP-0001"", ""CLOUD-0012"", ""CLOUD-0016"", ""CLOUD-0020"", ""COMP-0004"", ""COMP-0028"", ""POL-0004"", ""SVC-0001"", ""SVC-0004"", ""SVC-0005"", ""SVC-0009"", ""SVC-0010"", ""SVC-0011"", ""SVC-0012"", ""SVC-0013"", ""SVC-0015"", ""SVC-0016"", ""SVC-0017"", ""SVC-0018"", ""TEAM-0007""]",CHG-000198,cause:14:11,background:EP-000198,SYNTHETIC
EP-000199,INC-000199,NETWORK_PATH_DEGRADATION,INFRA-0003,KE-0015,REROUTE_TRAFFIC,"[""APP-0004"", ""CAP-0001"", ""CLOUD-0002"", ""CLOUD-0005"", ""CLOUD-0019"", ""CLOUD-0020"", ""COMP-0019"", ""INFRA-0002"", ""INFRA-0006"", ""POL-0003"", ""SVC-0007"", ""SVC-0008"", ""SVC-0009"", ""SVC-0010"", ""SVC-0011"", ""SVC-0012"", ""SVC-0013"", ""SVC-0015"", ""SVC-0017"", ""SVC-0018"", ""TEAM-0001"", ""TEAM-0005"", ""VENDOR-0004""]",,cause:14:12,background:EP-000199,SYNTHETIC
EP-000200,INC-000200,NETWORK_PATH_DEGRADATION,INFRA-0002,KE-0015,REROUTE_TRAFFIC,"[""APP-0004"", ""CLOUD-0004"", ""CLOUD-0012"", ""CLOUD-0019"", ""CLOUD-0020"", ""COMP-0010"", ""POL-0002"", ""SVC-0001"", ""SVC-0002"", ""SVC-0004"", ""SVC-0005"", ""SVC-0006"", ""SVC-0008"", ""SVC-0010"", ""SVC-0011"", ""SVC-0012"", ""SVC-0013"", ""SVC-0015"", ""SVC-0018"", ""TEAM-0003""]",,cause:14:13,background:EP-000200,SYNTHETIC
EP-000201,INC-000201,NETWORK_PATH_DEGRADATION,INFRA-0001,KE-0015,REROUTE_TRAFFIC,"[""APP-0005"", ""CAP-0004"", ""CLOUD-0018"", ""COMP-0001"", ""COMP-0025"", ""POL-0001"", ""SVC-0001"", ""SVC-0002"", ""SVC-0003"", ""SVC-0004"", ""SVC-0005"", ""SVC-0007"", ""SVC-0010"", ""SVC-0012"", ""SVC-0013"", ""SVC-0014"", ""SVC-0015"", ""SVC-0016"", ""SVC-0017"", ""TEAM-0001""]",,cause:14:14,background:EP-000201,SYNTHETIC
EP-000202,INC-000202,NETWORK_PATH_DEGRADATION,INFRA-0008,KE-0015,REROUTE_TRAFFIC,"[""APP-0005"", ""CAP-0004"", ""CLOUD-0012"", ""CLOUD-0018"", ""CLOUD-0020"", ""CLOUD-0021"", ""COMP-0016"", ""POL-0004"", ""SVC-0001"", ""SVC-0002"", ""SVC-0003"", ""SVC-0004"", ""SVC-0007"", ""SVC-0010"", ""SVC-0012"", ""SVC-0013"", ""SVC-0016"", ""SVC-0017"", ""TEAM-0001""]",,cause:14:15,background:EP-000202,SYNTHETIC
EP-000203,INC-000203,NETWORK_PATH_DEGRADATION,INFRA-0007,KE-0015,REROUTE_TRAFFIC,"[""APP-0001"", ""CAP-0004"", ""CLOUD-0002"", ""CLOUD-0003"", ""CLOUD-0013"", ""CLOUD-0014"", ""CLOUD-0018"", ""COMP-0007"", ""INFRA-0004"", ""INFRA-0006"", ""POL-0003"", ""SVC-0001"", ""SVC-0004"", ""SVC-0007"", ""SVC-0008"", ""SVC-0012"", ""SVC-0014"", ""SVC-0017"", ""SVC-0018"", ""TEAM-0005"", ""TEAM-0006""]",,cause:14:16,background:EP-000203,SYNTHETIC
EP-000204,INC-000204,NETWORK_PATH_DEGRADATION,INFRA-0006,KE-0015,REROUTE_TRAFFIC,"[""APP-0001"", ""CAP-0001"", ""CLOUD-0006"", ""CLOUD-0007"", ""CLOUD-0015"", ""COMP-0022"", ""INFRA-0001"", ""POL-0002"", ""SVC-0001"", ""SVC-0002"", ""SVC-0003"", ""SVC-0004"", ""SVC-0006"", ""SVC-0008"", ""SVC-0011"", ""SVC-0012"", ""SVC-0013"", ""SVC-0015"", ""SVC-0016"", ""SVC-0017"", ""TEAM-0001"", ""TEAM-0004"", ""VENDOR-0001""]",,cause:14:17,background:EP-000204,SYNTHETIC
EP-000205,INC-000205,NETWORK_PATH_DEGRADATION,INFRA-0005,KE-0015,REROUTE_TRAFFIC,"[""APP-0008"", ""CAP-0004"", ""CLOUD-0004"", ""CLOUD-0005"", ""CLOUD-0021"", ""COMP-0013"", ""INFRA-0003"", ""POL-0001"", ""SVC-0001"", ""SVC-0005"", ""SVC-0006"", ""SVC-0007"", ""SVC-0008"", ""SVC-0009"", ""SVC-0010"", ""SVC-0012"", ""SVC-0016"", ""SVC-0017"", ""SVC-0018"", ""TEAM-0001"", ""TEAM-0002"", ""VENDOR-0001"", ""VENDOR-0003""]",CHG-000205,cause:14:18,background:EP-000205,SYNTHETIC
EP-000206,INC-000206,NETWORK_PATH_DEGRADATION,INFRA-0004,KE-0015,REROUTE_TRAFFIC,"[""APP-0004"", ""CAP-0001"", ""CLOUD-0012"", ""CLOUD-0016"", ""CLOUD-0020"", ""COMP-0004"", ""COMP-0028"", ""POL-0004"", ""SVC-0001"", ""SVC-0004"", ""SVC-0005"", ""SVC-0009"", ""SVC-0010"", ""SVC-0011"", ""SVC-0012"", ""SVC-0013"", ""SVC-0015"", ""SVC-0016"", ""SVC-0017"", ""SVC-0018"", ""TEAM-0007""]",,cause:14:19,background:EP-000206,SYNTHETIC
EP-000207,INC-000207,NETWORK_PATH_DEGRADATION,INFRA-0003,KE-0015,REROUTE_TRAFFIC,"[""APP-0004"", ""CAP-0001"", ""CLOUD-0002"", ""CLOUD-0005"", ""CLOUD-0019"", ""CLOUD-0020"", ""COMP-0019"", ""INFRA-0002"", ""INFRA-0006"", ""POL-0003"", ""SVC-0007"", ""SVC-0008"", ""SVC-0009"", ""SVC-0010"", ""SVC-0011"", ""SVC-0012"", ""SVC-0013"", ""SVC-0015"", ""SVC-0017"", ""SVC-0018"", ""TEAM-0001"", ""TEAM-0005"", ""VENDOR-0004""]",CHG-000207,cause:14:20,background:EP-000207,SYNTHETIC
EP-000208,INC-000208,NETWORK_PATH_DEGRADATION,INFRA-0002,KE-0015,REROUTE_TRAFFIC,"[""APP-0004"", ""CLOUD-0004"", ""CLOUD-0012"", ""CLOUD-0019"", ""CLOUD-0020"", ""COMP-0010"", ""POL-0002"", ""SVC-0001"", ""SVC-0002"", ""SVC-0004"", ""SVC-0005"", ""SVC-0006"", ""SVC-0008"", ""SVC-0010"", ""SVC-0011"", ""SVC-0012"", ""SVC-0013"", ""SVC-0015"", ""SVC-0018"", ""TEAM-0003""]",,cause:14:21,background:EP-000208,SYNTHETIC
EP-000209,INC-000209,NETWORK_PATH_DEGRADATION,INFRA-0001,KE-0015,REROUTE_TRAFFIC,"[""APP-0005"", ""CAP-0004"", ""CLOUD-0018"", ""COMP-0001"", ""COMP-0025"", ""POL-0001"", ""SVC-0001"", ""SVC-0002"", ""SVC-0003"", ""SVC-0004"", ""SVC-0005"", ""SVC-0007"", ""SVC-0010"", ""SVC-0012"", ""SVC-0013"", ""SVC-0014"", ""SVC-0015"", ""SVC-0016"", ""SVC-0017"", ""TEAM-0001""]",,cause:14:22,background:EP-000209,SYNTHETIC
EP-000210,INC-000210,NETWORK_PATH_DEGRADATION,INFRA-0008,KE-0015,REROUTE_TRAFFIC,"[""APP-0005"", ""CAP-0004"", ""CLOUD-0012"", ""CLOUD-0018"", ""CLOUD-0020"", ""CLOUD-0021"", ""COMP-0016"", ""POL-0004"", ""SVC-0001"", ""SVC-0002"", ""SVC-0003"", ""SVC-0004"", ""SVC-0007"", ""SVC-0010"", ""SVC-0012"", ""SVC-0013"", ""SVC-0016"", ""SVC-0017"", ""TEAM-0001""]",CHG-000210,cause:14:23,background:EP-000210,SYNTHETIC
EP-000211,INC-000211,NETWORK_PATH_DEGRADATION,INFRA-0007,KE-0015,REROUTE_TRAFFIC,"[""APP-0001"", ""CAP-0004"", ""CLOUD-0002"", ""CLOUD-0003"", ""CLOUD-0013"", ""CLOUD-0014"", ""CLOUD-0018"", ""COMP-0007"", ""INFRA-0004"", ""INFRA-0006"", ""POL-0003"", ""SVC-0001"", ""SVC-0004"", ""SVC-0007"", ""SVC-0008"", ""SVC-0012"", ""SVC-0014"", ""SVC-0017"", ""SVC-0018"", ""TEAM-0005"", ""TEAM-0006""]",,cause:14:24,background:EP-000211,SYNTHETIC
EP-000212,INC-000212,NETWORK_PATH_DEGRADATION,INFRA-0006,KE-0015,REROUTE_TRAFFIC,"[""APP-0001"", ""CAP-0001"", ""CLOUD-0006"", ""CLOUD-0007"", ""CLOUD-0015"", ""COMP-0022"", ""INFRA-0001"", ""POL-0002"", ""SVC-0001"", ""SVC-0002"", ""SVC-0003"", ""SVC-0004"", ""SVC-0006"", ""SVC-0008"", ""SVC-0011"", ""SVC-0012"", ""SVC-0013"", ""SVC-0015"", ""SVC-0016"", ""SVC-0017"", ""TEAM-0001"", ""TEAM-0004"", ""VENDOR-0001""]",,cause:14:25,background:EP-000212,SYNTHETIC
EP-000213,INC-000213,NETWORK_PATH_DEGRADATION,INFRA-0005,KE-0015,REROUTE_TRAFFIC,"[""APP-0008"", ""CAP-0004"", ""CLOUD-0004"", ""CLOUD-0005"", ""CLOUD-0021"", ""COMP-0013"", ""INFRA-0003"", ""POL-0001"", ""SVC-0001"", ""SVC-0005"", ""SVC-0006"", ""SVC-0007"", ""SVC-0008"", ""SVC-0009"", ""SVC-0010"", ""SVC-0012"", ""SVC-0016"", ""SVC-0017"", ""SVC-0018"", ""TEAM-0001"", ""TEAM-0002"", ""VENDOR-0001"", ""VENDOR-0003""]",,cause:14:26,background:EP-000213,SYNTHETIC
EP-000214,INC-000214,NETWORK_PATH_DEGRADATION,INFRA-0004,KE-0015,REROUTE_TRAFFIC,"[""APP-0004"", ""CAP-0001"", ""CLOUD-0012"", ""CLOUD-0016"", ""CLOUD-0020"", ""COMP-0004"", ""COMP-0028"", ""POL-0004"", ""SVC-0001"", ""SVC-0004"", ""SVC-0005"", ""SVC-0009"", ""SVC-0010"", ""SVC-0011"", ""SVC-0012"", ""SVC-0013"", ""SVC-0015"", ""SVC-0016"", ""SVC-0017"", ""SVC-0018"", ""TEAM-0007""]",,cause:14:27,background:EP-000214,SYNTHETIC
EP-000215,INC-000215,NETWORK_PATH_DEGRADATION,INFRA-0003,KE-0015,REROUTE_TRAFFIC,"[""APP-0004"", ""CAP-0001"", ""CLOUD-0002"", ""CLOUD-0005"", ""CLOUD-0019"", ""CLOUD-0020"", ""COMP-0019"", ""INFRA-0002"", ""INFRA-0006"", ""POL-0003"", ""SVC-0007"", ""SVC-0008"", ""SVC-0009"", ""SVC-0010"", ""SVC-0011"", ""SVC-0012"", ""SVC-0013"", ""SVC-0015"", ""SVC-0017"", ""SVC-0018"", ""TEAM-0001"", ""TEAM-0005"", ""VENDOR-0004""]",,cause:14:28,background:EP-000215,SYNTHETIC
EP-000216,INC-000216,NETWORK_PATH_DEGRADATION,INFRA-0002,KE-0015,REROUTE_TRAFFIC,"[""APP-0004"", ""CLOUD-0004"", ""CLOUD-0012"", ""CLOUD-0019"", ""CLOUD-0020"", ""COMP-0010"", ""POL-0002"", ""SVC-0001"", ""SVC-0002"", ""SVC-0004"", ""SVC-0005"", ""SVC-0006"", ""SVC-0008"", ""SVC-0010"", ""SVC-0011"", ""SVC-0012"", ""SVC-0013"", ""SVC-0015"", ""SVC-0018"", ""TEAM-0003""]",,cause:14:29,background:EP-000216,SYNTHETIC
EP-000217,INC-000217,NETWORK_PATH_DEGRADATION,INFRA-0001,KE-0015,REROUTE_TRAFFIC,"[""APP-0005"", ""CAP-0004"", ""CLOUD-0018"", ""COMP-0001"", ""COMP-0025"", ""POL-0001"", ""SVC-0001"", ""SVC-0002"", ""SVC-0003"", ""SVC-0004"", ""SVC-0005"", ""SVC-0007"", ""SVC-0010"", ""SVC-0012"", ""SVC-0013"", ""SVC-0014"", ""SVC-0015"", ""SVC-0016"", ""SVC-0017"", ""TEAM-0001""]",,cause:14:30,background:EP-000217,SYNTHETIC
EP-000218,INC-000218,NETWORK_PATH_DEGRADATION,INFRA-0008,KE-0015,REROUTE_TRAFFIC,"[""APP-0005"", ""CAP-0004"", ""CLOUD-0012"", ""CLOUD-0018"", ""CLOUD-0020"", ""CLOUD-0021"", ""COMP-0016"", ""POL-0004"", ""SVC-0001"", ""SVC-0002"", ""SVC-0003"", ""SVC-0004"", ""SVC-0007"", ""SVC-0010"", ""SVC-0012"", ""SVC-0013"", ""SVC-0016"", ""SVC-0017"", ""TEAM-0001""]",,cause:14:31,background:EP-000218,SYNTHETIC
EP-000219,INC-000219,NETWORK_PATH_DEGRADATION,INFRA-0007,KE-0015,REROUTE_TRAFFIC,"[""APP-0001"", ""CAP-0004"", ""CLOUD-0002"", ""CLOUD-0003"", ""CLOUD-0013"", ""CLOUD-0014"", ""CLOUD-0018"", ""COMP-0007"", ""INFRA-0004"", ""INFRA-0006"", ""POL-0003"", ""SVC-0001"", ""SVC-0004"", ""SVC-0007"", ""SVC-0008"", ""SVC-0012"", ""SVC-0014"", ""SVC-0017"", ""SVC-0018"", ""TEAM-0005"", ""TEAM-0006""]",,cause:14:32,background:EP-000219,SYNTHETIC
EP-000220,INC-000220,NETWORK_PATH_DEGRADATION,INFRA-0006,KE-0015,REROUTE_TRAFFIC,"[""APP-0001"", ""CAP-0001"", ""CLOUD-0006"", ""CLOUD-0007"", ""CLOUD-0015"", ""COMP-0022"", ""INFRA-0001"", ""POL-0002"", ""SVC-0001"", ""SVC-0002"", ""SVC-0003"", ""SVC-0004"", ""SVC-0006"", ""SVC-0008"", ""SVC-0011"", ""SVC-0012"", ""SVC-0013"", ""SVC-0015"", ""SVC-0016"", ""SVC-0017"", ""TEAM-0001"", ""TEAM-0004"", ""VENDOR-0001""]",,cause:14:33,background:EP-000220,SYNTHETIC
EP-000221,INC-000221,NETWORK_PATH_DEGRADATION,INFRA-0005,KE-0015,REROUTE_TRAFFIC,"[""APP-0008"", ""CAP-0004"", ""CLOUD-0004"", ""CLOUD-0005"", ""CLOUD-0021"", ""COMP-0013"", ""INFRA-0003"", ""POL-0001"", ""SVC-0001"", ""SVC-0005"", ""SVC-0006"", ""SVC-0007"", ""SVC-0008"", ""SVC-0009"", ""SVC-0010"", ""SVC-0012"", ""SVC-0016"", ""SVC-0017"", ""SVC-0018"", ""TEAM-0001"", ""TEAM-0002"", ""VENDOR-0001"", ""VENDOR-0003""]",,cause:14:34,background:EP-000221,SYNTHETIC
EP-000222,INC-000222,NETWORK_PATH_DEGRADATION,INFRA-0004,KE-0015,REROUTE_TRAFFIC,"[""APP-0004"", ""CAP-0001"", ""CLOUD-0012"", ""CLOUD-0016"", ""CLOUD-0020"", ""COMP-0004"", ""COMP-0028"", ""POL-0004"", ""SVC-0001"", ""SVC-0004"", ""SVC-0005"", ""SVC-0009"", ""SVC-0010"", ""SVC-0011"", ""SVC-0012"", ""SVC-0013"", ""SVC-0015"", ""SVC-0016"", ""SVC-0017"", ""SVC-0018"", ""TEAM-0007""]",,cause:14:35,background:EP-000222,SYNTHETIC
EP-000223,INC-000223,NETWORK_PATH_DEGRADATION,INFRA-0003,KE-0015,REROUTE_TRAFFIC,"[""APP-0004"", ""CAP-0001"", ""CLOUD-0002"", ""CLOUD-0005"", ""CLOUD-0019"", ""CLOUD-0020"", ""COMP-0019"", ""INFRA-0002"", ""INFRA-0006"", ""POL-0003"", ""SVC-0007"", ""SVC-0008"", ""SVC-0009"", ""SVC-0010"", ""SVC-0011"", ""SVC-0012"", ""SVC-0013"", ""SVC-0015"", ""SVC-0017"", ""SVC-0018"", ""TEAM-0001"", ""TEAM-0005"", ""VENDOR-0004""]",,cause:14:36,background:EP-000223,SYNTHETIC
EP-000224,INC-000224,NETWORK_PATH_DEGRADATION,INFRA-0002,KE-0015,REROUTE_TRAFFIC,"[""APP-0004"", ""CLOUD-0004"", ""CLOUD-0012"", ""CLOUD-0019"", ""CLOUD-0020"", ""COMP-0010"", ""POL-0002"", ""SVC-0001"", ""SVC-0002"", ""SVC-0004"", ""SVC-0005"", ""SVC-0006"", ""SVC-0008"", ""SVC-0010"", ""SVC-0011"", ""SVC-0012"", ""SVC-0013"", ""SVC-0015"", ""SVC-0018"", ""TEAM-0003""]",,cause:14:37,background:EP-000224,SYNTHETIC
EP-000225,INC-000225,NETWORK_PATH_DEGRADATION,INFRA-0001,KE-0015,REROUTE_TRAFFIC,"[""APP-0005"", ""CAP-0004"", ""CLOUD-0018"", ""COMP-0001"", ""COMP-0025"", ""POL-0001"", ""SVC-0001"", ""SVC-0002"", ""SVC-0003"", ""SVC-0004"", ""SVC-0005"", ""SVC-0007"", ""SVC-0010"", ""SVC-0012"", ""SVC-0013"", ""SVC-0014"", ""SVC-0015"", ""SVC-0016"", ""SVC-0017"", ""TEAM-0001""]",CHG-000225,cause:14:38,background:EP-000225,SYNTHETIC
EP-000226,INC-000226,NETWORK_PATH_DEGRADATION,INFRA-0008,KE-0015,REROUTE_TRAFFIC,"[""APP-0005"", ""CAP-0004"", ""CLOUD-0012"", ""CLOUD-0018"", ""CLOUD-0020"", ""CLOUD-0021"", ""COMP-0016"", ""POL-0004"", ""SVC-0001"", ""SVC-0002"", ""SVC-0003"", ""SVC-0004"", ""SVC-0007"", ""SVC-0010"", ""SVC-0012"", ""SVC-0013"", ""SVC-0016"", ""SVC-0017"", ""TEAM-0001""]",,cause:14:39,background:EP-000226,SYNTHETIC
EP-000227,INC-000227,NETWORK_PATH_DEGRADATION,INFRA-0007,KE-0015,REROUTE_TRAFFIC,"[""APP-0001"", ""CAP-0004"", ""CLOUD-0002"", ""CLOUD-0003"", ""CLOUD-0013"", ""CLOUD-0014"", ""CLOUD-0018"", ""COMP-0007"", ""INFRA-0004"", ""INFRA-0006"", ""POL-0003"", ""SVC-0001"", ""SVC-0004"", ""SVC-0007"", ""SVC-0008"", ""SVC-0012"", ""SVC-0014"", ""SVC-0017"", ""SVC-0018"", ""TEAM-0005"", ""TEAM-0006""]",,cause:14:40,background:EP-000227,SYNTHETIC
EP-000228,INC-000228,NETWORK_PATH_DEGRADATION,INFRA-0006,KE-0015,REROUTE_TRAFFIC,"[""APP-0001"", ""CAP-0001"", ""CLOUD-0006"", ""CLOUD-0007"", ""CLOUD-0015"", ""COMP-0022"", ""INFRA-0001"", ""POL-0002"", ""SVC-0001"", ""SVC-0002"", ""SVC-0003"", ""SVC-0004"", ""SVC-0006"", ""SVC-0008"", ""SVC-0011"", ""SVC-0012"", ""SVC-0013"", ""SVC-0015"", ""SVC-0016"", ""SVC-0017"", ""TEAM-0001"", ""TEAM-0004"", ""VENDOR-0001""]",,cause:14:41,background:EP-000228,SYNTHETIC
EP-000229,INC-000229,NETWORK_PATH_DEGRADATION,INFRA-0005,KE-0015,REROUTE_TRAFFIC,"[""APP-0008"", ""CAP-0004"", ""CLOUD-0004"", ""CLOUD-0005"", ""CLOUD-0021"", ""COMP-0013"", ""INFRA-0003"", ""POL-0001"", ""SVC-0001"", ""SVC-0005"", ""SVC-0006"", ""SVC-0007"", ""SVC-0008"", ""SVC-0009"", ""SVC-0010"", ""SVC-0012"", ""SVC-0016"", ""SVC-0017"", ""SVC-0018"", ""TEAM-0001"", ""TEAM-0002"", ""VENDOR-0001"", ""VENDOR-0003""]",,cause:14:42,background:EP-000229,SYNTHETIC
EP-000230,INC-000230,NETWORK_PATH_DEGRADATION,INFRA-0004,KE-0015,REROUTE_TRAFFIC,"[""APP-0004"", ""CAP-0001"", ""CLOUD-0012"", ""CLOUD-0016"", ""CLOUD-0020"", ""COMP-0004"", ""COMP-0028"", ""POL-0004"", ""SVC-0001"", ""SVC-0004"", ""SVC-0005"", ""SVC-0009"", ""SVC-0010"", ""SVC-0011"", ""SVC-0012"", ""SVC-0013"", ""SVC-0015"", ""SVC-0016"", ""SVC-0017"", ""SVC-0018"", ""TEAM-0007""]",,cause:14:43,background:EP-000230,SYNTHETIC
EP-000231,INC-000231,NETWORK_PATH_DEGRADATION,INFRA-0003,KE-0015,REROUTE_TRAFFIC,"[""APP-0004"", ""CAP-0001"", ""CLOUD-0002"", ""CLOUD-0005"", ""CLOUD-0019"", ""CLOUD-0020"", ""COMP-0019"", ""INFRA-0002"", ""INFRA-0006"", ""POL-0003"", ""SVC-0007"", ""SVC-0008"", ""SVC-0009"", ""SVC-0010"", ""SVC-0011"", ""SVC-0012"", ""SVC-0013"", ""SVC-0015"", ""SVC-0017"", ""SVC-0018"", ""TEAM-0001"", ""TEAM-0005"", ""VENDOR-0004""]",CHG-000231,cause:14:44,background:EP-000231,SYNTHETIC
EP-000232,INC-000232,NETWORK_PATH_DEGRADATION,INFRA-0002,KE-0015,REROUTE_TRAFFIC,"[""APP-0004"", ""CLOUD-0004"", ""CLOUD-0012"", ""CLOUD-0019"", ""CLOUD-0020"", ""COMP-0010"", ""POL-0002"", ""SVC-0001"", ""SVC-0002"", ""SVC-0004"", ""SVC-0005"", ""SVC-0006"", ""SVC-0008"", ""SVC-0010"", ""SVC-0011"", ""SVC-0012"", ""SVC-0013"", ""SVC-0015"", ""SVC-0018"", ""TEAM-0003""]",,cause:14:45,background:EP-000232,SYNTHETIC
EP-000233,INC-000233,NETWORK_PATH_DEGRADATION,INFRA-0001,KE-0015,REROUTE_TRAFFIC,"[""APP-0005"", ""CAP-0004"", ""CLOUD-0018"", ""COMP-0001"", ""COMP-0025"", ""POL-0001"", ""SVC-0001"", ""SVC-0002"", ""SVC-0003"", ""SVC-0004"", ""SVC-0005"", ""SVC-0007"", ""SVC-0010"", ""SVC-0012"", ""SVC-0013"", ""SVC-0014"", ""SVC-0015"", ""SVC-0016"", ""SVC-0017"", ""TEAM-0001""]",,cause:14:46,background:EP-000233,SYNTHETIC
EP-000234,INC-000234,NETWORK_PATH_DEGRADATION,INFRA-0008,KE-0015,REROUTE_TRAFFIC,"[""APP-0005"", ""CAP-0004"", ""CLOUD-0012"", ""CLOUD-0018"", ""CLOUD-0020"", ""CLOUD-0021"", ""COMP-0016"", ""POL-0004"", ""SVC-0001"", ""SVC-0002"", ""SVC-0003"", ""SVC-0004"", ""SVC-0007"", ""SVC-0010"", ""SVC-0012"", ""SVC-0013"", ""SVC-0016"", ""SVC-0017"", ""TEAM-0001""]",,cause:14:47,background:EP-000234,SYNTHETIC
EP-000235,INC-000235,NETWORK_PATH_DEGRADATION,INFRA-0007,KE-0015,REROUTE_TRAFFIC,"[""APP-0001"", ""CAP-0004"", ""CLOUD-0002"", ""CLOUD-0003"", ""CLOUD-0013"", ""CLOUD-0014"", ""CLOUD-0018"", ""COMP-0007"", ""INFRA-0004"", ""INFRA-0006"", ""POL-0003"", ""SVC-0001"", ""SVC-0004"", ""SVC-0007"", ""SVC-0008"", ""SVC-0012"", ""SVC-0014"", ""SVC-0017"", ""SVC-0018"", ""TEAM-0005"", ""TEAM-0006""]",CHG-000235,cause:14:48,background:EP-000235,SYNTHETIC
EP-000236,INC-000236,NETWORK_PATH_DEGRADATION,INFRA-0006,KE-0015,REROUTE_TRAFFIC,"[""APP-0001"", ""CAP-0001"", ""CLOUD-0006"", ""CLOUD-0007"", ""CLOUD-0015"", ""COMP-0022"", ""INFRA-0001"", ""POL-0002"", ""SVC-0001"", ""SVC-0002"", ""SVC-0003"", ""SVC-0004"", ""SVC-0006"", ""SVC-0008"", ""SVC-0011"", ""SVC-0012"", ""SVC-0013"", ""SVC-0015"", ""SVC-0016"", ""SVC-0017"", ""TEAM-0001"", ""TEAM-0004"", ""VENDOR-0001""]",CHG-000236,cause:14:49,background:EP-000236,SYNTHETIC
EP-000237,INC-000237,NETWORK_PATH_DEGRADATION,INFRA-0005,KE-0015,REROUTE_TRAFFIC,"[""APP-0008"", ""CAP-0004"", ""CLOUD-0004"", ""CLOUD-0005"", ""CLOUD-0021"", ""COMP-0013"", ""INFRA-0003"", ""POL-0001"", ""SVC-0001"", ""SVC-0005"", ""SVC-0006"", ""SVC-0007"", ""SVC-0008"", ""SVC-0009"", ""SVC-0010"", ""SVC-0012"", ""SVC-0016"", ""SVC-0017"", ""SVC-0018"", ""TEAM-0001"", ""TEAM-0002"", ""VENDOR-0001"", ""VENDOR-0003""]",,cause:14:50,background:EP-000237,SYNTHETIC
EP-000238,INC-000238,NETWORK_PATH_DEGRADATION,INFRA-0004,KE-0015,REROUTE_TRAFFIC,"[""APP-0004"", ""CAP-0001"", ""CLOUD-0012"", ""CLOUD-0016"", ""CLOUD-0020"", ""COMP-0004"", ""COMP-0028"", ""POL-0004"", ""SVC-0001"", ""SVC-0004"", ""SVC-0005"", ""SVC-0009"", ""SVC-0010"", ""SVC-0011"", ""SVC-0012"", ""SVC-0013"", ""SVC-0015"", ""SVC-0016"", ""SVC-0017"", ""SVC-0018"", ""TEAM-0007""]",CHG-000238,cause:14:51,background:EP-000238,SYNTHETIC
EP-000239,INC-000239,NETWORK_PATH_DEGRADATION,INFRA-0003,KE-0015,REROUTE_TRAFFIC,"[""APP-0004"", ""CAP-0001"", ""CLOUD-0002"", ""CLOUD-0005"", ""CLOUD-0019"", ""CLOUD-0020"", ""COMP-0019"", ""INFRA-0002"", ""INFRA-0006"", ""POL-0003"", ""SVC-0007"", ""SVC-0008"", ""SVC-0009"", ""SVC-0010"", ""SVC-0011"", ""SVC-0012"", ""SVC-0013"", ""SVC-0015"", ""SVC-0017"", ""SVC-0018"", ""TEAM-0001"", ""TEAM-0005"", ""VENDOR-0004""]",,cause:14:52,background:EP-000239,SYNTHETIC
EP-000240,INC-000240,NETWORK_PATH_DEGRADATION,INFRA-0002,KE-0015,REROUTE_TRAFFIC,"[""APP-0004"", ""CLOUD-0004"", ""CLOUD-0012"", ""CLOUD-0019"", ""CLOUD-0020"", ""COMP-0010"", ""POL-0002"", ""SVC-0001"", ""SVC-0002"", ""SVC-0004"", ""SVC-0005"", ""SVC-0006"", ""SVC-0008"", ""SVC-0010"", ""SVC-0011"", ""SVC-0012"", ""SVC-0013"", ""SVC-0015"", ""SVC-0018"", ""TEAM-0003""]",CHG-000240,cause:14:53,background:EP-000240,SYNTHETIC
EP-000241,INC-000241,NETWORK_PATH_DEGRADATION,INFRA-0001,KE-0015,REROUTE_TRAFFIC,"[""APP-0005"", ""CAP-0004"", ""CLOUD-0018"", ""COMP-0001"", ""COMP-0025"", ""POL-0001"", ""SVC-0001"", ""SVC-0002"", ""SVC-0003"", ""SVC-0004"", ""SVC-0005"", ""SVC-0007"", ""SVC-0010"", ""SVC-0012"", ""SVC-0013"", ""SVC-0014"", ""SVC-0015"", ""SVC-0016"", ""SVC-0017"", ""TEAM-0001""]",,cause:14:54,background:EP-000241,SYNTHETIC
EP-000242,INC-000242,NETWORK_PATH_DEGRADATION,INFRA-0008,KE-0015,REROUTE_TRAFFIC,"[""APP-0005"", ""CAP-0004"", ""CLOUD-0012"", ""CLOUD-0018"", ""CLOUD-0020"", ""CLOUD-0021"", ""COMP-0016"", ""POL-0004"", ""SVC-0001"", ""SVC-0002"", ""SVC-0003"", ""SVC-0004"", ""SVC-0007"", ""SVC-0010"", ""SVC-0012"", ""SVC-0013"", ""SVC-0016"", ""SVC-0017"", ""TEAM-0001""]",,cause:14:55,background:EP-000242,SYNTHETIC
EP-000243,INC-000243,NETWORK_PATH_DEGRADATION,INFRA-0007,KE-0015,REROUTE_TRAFFIC,"[""APP-0001"", ""CAP-0004"", ""CLOUD-0002"", ""CLOUD-0003"", ""CLOUD-0013"", ""CLOUD-0014"", ""CLOUD-0018"", ""COMP-0007"", ""INFRA-0004"", ""INFRA-0006"", ""POL-0003"", ""SVC-0001"", ""SVC-0004"", ""SVC-0007"", ""SVC-0008"", ""SVC-0012"", ""SVC-0014"", ""SVC-0017"", ""SVC-0018"", ""TEAM-0005"", ""TEAM-0006""]",CHG-000243,cause:14:56,background:EP-000243,SYNTHETIC
EP-000244,INC-000244,NETWORK_PATH_DEGRADATION,INFRA-0006,KE-0015,REROUTE_TRAFFIC,"[""APP-0001"", ""CAP-0001"", ""CLOUD-0006"", ""CLOUD-0007"", ""CLOUD-0015"", ""COMP-0022"", ""INFRA-0001"", ""POL-0002"", ""SVC-0001"", ""SVC-0002"", ""SVC-0003"", ""SVC-0004"", ""SVC-0006"", ""SVC-0008"", ""SVC-0011"", ""SVC-0012"", ""SVC-0013"", ""SVC-0015"", ""SVC-0016"", ""SVC-0017"", ""TEAM-0001"", ""TEAM-0004"", ""VENDOR-0001""]",CHG-000244,cause:14:57,background:EP-000244,SYNTHETIC
EP-000245,INC-000245,NETWORK_PATH_DEGRADATION,INFRA-0005,KE-0015,REROUTE_TRAFFIC,"[""APP-0008"", ""CAP-0004"", ""CLOUD-0004"", ""CLOUD-0005"", ""CLOUD-0021"", ""COMP-0013"", ""INFRA-0003"", ""POL-0001"", ""SVC-0001"", ""SVC-0005"", ""SVC-0006"", ""SVC-0007"", ""SVC-0008"", ""SVC-0009"", ""SVC-0010"", ""SVC-0012"", ""SVC-0016"", ""SVC-0017"", ""SVC-0018"", ""TEAM-0001"", ""TEAM-0002"", ""VENDOR-0001"", ""VENDOR-0003""]",CHG-000245,cause:14:58,background:EP-000245,SYNTHETIC
EP-000246,INC-000246,NETWORK_PATH_DEGRADATION,INFRA-0004,KE-0015,REROUTE_TRAFFIC,"[""APP-0004"", ""CAP-0001"", ""CLOUD-0012"", ""CLOUD-0016"", ""CLOUD-0020"", ""COMP-0004"", ""COMP-0028"", ""POL-0004"", ""SVC-0001"", ""SVC-0004"", ""SVC-0005"", ""SVC-0009"", ""SVC-0010"", ""SVC-0011"", ""SVC-0012"", ""SVC-0013"", ""SVC-0015"", ""SVC-0016"", ""SVC-0017"", ""SVC-0018"", ""TEAM-0007""]",,cause:14:59,background:EP-000246,SYNTHETIC
EP-000247,INC-000247,NETWORK_PATH_DEGRADATION,INFRA-0003,KE-0015,REROUTE_TRAFFIC,"[""APP-0004"", ""CAP-0001"", ""CLOUD-0002"", ""CLOUD-0005"", ""CLOUD-0019"", ""CLOUD-0020"", ""COMP-0019"", ""INFRA-0002"", ""INFRA-0006"", ""POL-0003"", ""SVC-0007"", ""SVC-0008"", ""SVC-0009"", ""SVC-0010"", ""SVC-0011"", ""SVC-0012"", ""SVC-0013"", ""SVC-0015"", ""SVC-0017"", ""SVC-0018"", ""TEAM-0001"", ""TEAM-0005"", ""VENDOR-0004""]",CHG-000247,cause:14:60,background:EP-000247,SYNTHETIC
EP-000248,INC-000248,NETWORK_PATH_DEGRADATION,INFRA-0002,KE-0015,REROUTE_TRAFFIC,"[""APP-0004"", ""CLOUD-0004"", ""CLOUD-0012"", ""CLOUD-0019"", ""CLOUD-0020"", ""COMP-0010"", ""POL-0002"", ""SVC-0001"", ""SVC-0002"", ""SVC-0004"", ""SVC-0005"", ""SVC-0006"", ""SVC-0008"", ""SVC-0010"", ""SVC-0011"", ""SVC-0012"", ""SVC-0013"", ""SVC-0015"", ""SVC-0018"", ""TEAM-0003""]",,cause:14:61,background:EP-000248,SYNTHETIC
EP-000249,INC-000249,NETWORK_PATH_DEGRADATION,INFRA-0001,KE-0015,REROUTE_TRAFFIC,"[""APP-0005"", ""CAP-0004"", ""CLOUD-0018"", ""COMP-0001"", ""COMP-0025"", ""POL-0001"", ""SVC-0001"", ""SVC-0002"", ""SVC-0003"", ""SVC-0004"", ""SVC-0005"", ""SVC-0007"", ""SVC-0010"", ""SVC-0012"", ""SVC-0013"", ""SVC-0014"", ""SVC-0015"", ""SVC-0016"", ""SVC-0017"", ""TEAM-0001""]",,cause:14:62,background:EP-000249,SYNTHETIC
EP-000250,INC-000250,NETWORK_PATH_DEGRADATION,INFRA-0008,KE-0015,REROUTE_TRAFFIC,"[""APP-0005"", ""CAP-0004"", ""CLOUD-0012"", ""CLOUD-0018"", ""CLOUD-0020"", ""CLOUD-0021"", ""COMP-0016"", ""POL-0004"", ""SVC-0001"", ""SVC-0002"", ""SVC-0003"", ""SVC-0004"", ""SVC-0007"", ""SVC-0010"", ""SVC-0012"", ""SVC-0013"", ""SVC-0016"", ""SVC-0017"", ""TEAM-0001""]",,cause:14:63,background:EP-000250,SYNTHETIC
EP-000251,INC-000251,NETWORK_PATH_DEGRADATION,INFRA-0007,KE-0015,REROUTE_TRAFFIC,"[""APP-0001"", ""CAP-0004"", ""CLOUD-0002"", ""CLOUD-0003"", ""CLOUD-0013"", ""CLOUD-0014"", ""CLOUD-0018"", ""COMP-0007"", ""INFRA-0004"", ""INFRA-0006"", ""POL-0003"", ""SVC-0001"", ""SVC-0004"", ""SVC-0007"", ""SVC-0008"", ""SVC-0012"", ""SVC-0014"", ""SVC-0017"", ""SVC-0018"", ""TEAM-0005"", ""TEAM-0006""]",,cause:14:64,background:EP-000251,SYNTHETIC
EP-000252,INC-000252,NETWORK_PATH_DEGRADATION,INFRA-0006,KE-0015,REROUTE_TRAFFIC,"[""APP-0001"", ""CAP-0001"", ""CLOUD-0006"", ""CLOUD-0007"", ""CLOUD-0015"", ""COMP-0022"", ""INFRA-0001"", ""POL-0002"", ""SVC-0001"", ""SVC-0002"", ""SVC-0003"", ""SVC-0004"", ""SVC-0006"", ""SVC-0008"", ""SVC-0011"", ""SVC-0012"", ""SVC-0013"", ""SVC-0015"", ""SVC-0016"", ""SVC-0017"", ""TEAM-0001"", ""TEAM-0004"", ""VENDOR-0001""]",,cause:14:65,background:EP-000252,SYNTHETIC
EP-000253,INC-000253,NETWORK_PATH_DEGRADATION,INFRA-0005,KE-0015,REROUTE_TRAFFIC,"[""APP-0008"", ""CAP-0004"", ""CLOUD-0004"", ""CLOUD-0005"", ""CLOUD-0021"", ""COMP-0013"", ""INFRA-0003"", ""POL-0001"", ""SVC-0001"", ""SVC-0005"", ""SVC-0006"", ""SVC-0007"", ""SVC-0008"", ""SVC-0009"", ""SVC-0010"", ""SVC-0012"", ""SVC-0016"", ""SVC-0017"", ""SVC-0018"", ""TEAM-0001"", ""TEAM-0002"", ""VENDOR-0001"", ""VENDOR-0003""]",CHG-000253,cause:14:66,background:EP-000253,SYNTHETIC
EP-000254,INC-000254,NETWORK_PATH_DEGRADATION,INFRA-0004,KE-0015,REROUTE_TRAFFIC,"[""APP-0004"", ""CAP-0001"", ""CLOUD-0012"", ""CLOUD-0016"", ""CLOUD-0020"", ""COMP-0004"", ""COMP-0028"", ""POL-0004"", ""SVC-0001"", ""SVC-0004"", ""SVC-0005"", ""SVC-0009"", ""SVC-0010"", ""SVC-0011"", ""SVC-0012"", ""SVC-0013"", ""SVC-0015"", ""SVC-0016"", ""SVC-0017"", ""SVC-0018"", ""TEAM-0007""]",,cause:14:67,background:EP-000254,SYNTHETIC
EP-000255,INC-000255,NETWORK_PATH_DEGRADATION,INFRA-0003,KE-0015,REROUTE_TRAFFIC,"[""APP-0004"", ""CAP-0001"", ""CLOUD-0002"", ""CLOUD-0005"", ""CLOUD-0019"", ""CLOUD-0020"", ""COMP-0019"", ""INFRA-0002"", ""INFRA-0006"", ""POL-0003"", ""SVC-0007"", ""SVC-0008"", ""SVC-0009"", ""SVC-0010"", ""SVC-0011"", ""SVC-0012"", ""SVC-0013"", ""SVC-0015"", ""SVC-0017"", ""SVC-0018"", ""TEAM-0001"", ""TEAM-0005"", ""VENDOR-0004""]",,cause:14:68,background:EP-000255,SYNTHETIC
EP-000256,INC-000256,NETWORK_PATH_DEGRADATION,INFRA-0002,KE-0015,REROUTE_TRAFFIC,"[""APP-0004"", ""CLOUD-0004"", ""CLOUD-0012"", ""CLOUD-0019"", ""CLOUD-0020"", ""COMP-0010"", ""POL-0002"", ""SVC-0001"", ""SVC-0002"", ""SVC-0004"", ""SVC-0005"", ""SVC-0006"", ""SVC-0008"", ""SVC-0010"", ""SVC-0011"", ""SVC-0012"", ""SVC-0013"", ""SVC-0015"", ""SVC-0018"", ""TEAM-0003""]",,cause:14:69,background:EP-000256,SYNTHETIC
EP-000257,INC-000257,NETWORK_PATH_DEGRADATION,INFRA-0001,KE-0015,REROUTE_TRAFFIC,"[""APP-0005"", ""CAP-0004"", ""CLOUD-0018"", ""COMP-0001"", ""COMP-0025"", ""POL-0001"", ""SVC-0001"", ""SVC-0002"", ""SVC-0003"", ""SVC-0004"", ""SVC-0005"", ""SVC-0007"", ""SVC-0010"", ""SVC-0012"", ""SVC-0013"", ""SVC-0014"", ""SVC-0015"", ""SVC-0016"", ""SVC-0017"", ""TEAM-0001""]",,cause:14:70,background:EP-000257,SYNTHETIC
EP-000258,INC-000258,NETWORK_PATH_DEGRADATION,INFRA-0008,KE-0015,REROUTE_TRAFFIC,"[""APP-0005"", ""CAP-0004"", ""CLOUD-0012"", ""CLOUD-0018"", ""CLOUD-0020"", ""CLOUD-0021"", ""COMP-0016"", ""POL-0004"", ""SVC-0001"", ""SVC-0002"", ""SVC-0003"", ""SVC-0004"", ""SVC-0007"", ""SVC-0010"", ""SVC-0012"", ""SVC-0013"", ""SVC-0016"", ""SVC-0017"", ""TEAM-0001""]",,cause:14:71,background:EP-000258,SYNTHETIC
EP-000259,INC-000259,NETWORK_PATH_DEGRADATION,INFRA-0007,KE-0015,REROUTE_TRAFFIC,"[""APP-0001"", ""CAP-0004"", ""CLOUD-0002"", ""CLOUD-0003"", ""CLOUD-0013"", ""CLOUD-0014"", ""CLOUD-0018"", ""COMP-0007"", ""INFRA-0004"", ""INFRA-0006"", ""POL-0003"", ""SVC-0001"", ""SVC-0004"", ""SVC-0007"", ""SVC-0008"", ""SVC-0012"", ""SVC-0014"", ""SVC-0017"", ""SVC-0018"", ""TEAM-0005"", ""TEAM-0006""]",,cause:14:72,background:EP-000259,SYNTHETIC
EP-000260,INC-000260,NETWORK_PATH_DEGRADATION,INFRA-0006,KE-0015,REROUTE_TRAFFIC,"[""APP-0001"", ""CAP-0001"", ""CLOUD-0006"", ""CLOUD-0007"", ""CLOUD-0015"", ""COMP-0022"", ""INFRA-0001"", ""POL-0002"", ""SVC-0001"", ""SVC-0002"", ""SVC-0003"", ""SVC-0004"", ""SVC-0006"", ""SVC-0008"", ""SVC-0011"", ""SVC-0012"", ""SVC-0013"", ""SVC-0015"", ""SVC-0016"", ""SVC-0017"", ""TEAM-0001"", ""TEAM-0004"", ""VENDOR-0001""]",,cause:14:73,background:EP-000260,SYNTHETIC
EP-000261,INC-000261,NETWORK_PATH_DEGRADATION,INFRA-0005,KE-0015,REROUTE_TRAFFIC,"[""APP-0008"", ""CAP-0004"", ""CLOUD-0004"", ""CLOUD-0005"", ""CLOUD-0021"", ""COMP-0013"", ""INFRA-0003"", ""POL-0001"", ""SVC-0001"", ""SVC-0005"", ""SVC-0006"", ""SVC-0007"", ""SVC-0008"", ""SVC-0009"", ""SVC-0010"", ""SVC-0012"", ""SVC-0016"", ""SVC-0017"", ""SVC-0018"", ""TEAM-0001"", ""TEAM-0002"", ""VENDOR-0001"", ""VENDOR-0003""]",CHG-000261,cause:14:74,background:EP-000261,SYNTHETIC
EP-000262,INC-000262,NETWORK_PATH_DEGRADATION,INFRA-0004,KE-0015,REROUTE_TRAFFIC,"[""APP-0004"", ""CAP-0001"", ""CLOUD-0012"", ""CLOUD-0016"", ""CLOUD-0020"", ""COMP-0004"", ""COMP-0028"", ""POL-0004"", ""SVC-0001"", ""SVC-0004"", ""SVC-0005"", ""SVC-0009"", ""SVC-0010"", ""SVC-0011"", ""SVC-0012"", ""SVC-0013"", ""SVC-0015"", ""SVC-0016"", ""SVC-0017"", ""SVC-0018"", ""TEAM-0007""]",,cause:14:75,background:EP-000262,SYNTHETIC
EP-000263,INC-000263,NETWORK_PATH_DEGRADATION,INFRA-0003,KE-0015,REROUTE_TRAFFIC,"[""APP-0004"", ""CAP-0001"", ""CLOUD-0002"", ""CLOUD-0005"", ""CLOUD-0019"", ""CLOUD-0020"", ""COMP-0019"", ""INFRA-0002"", ""INFRA-0006"", ""POL-0003"", ""SVC-0007"", ""SVC-0008"", ""SVC-0009"", ""SVC-0010"", ""SVC-0011"", ""SVC-0012"", ""SVC-0013"", ""SVC-0015"", ""SVC-0017"", ""SVC-0018"", ""TEAM-0001"", ""TEAM-0005"", ""VENDOR-0004""]",CHG-000263,cause:14:76,background:EP-000263,SYNTHETIC
EP-000264,INC-000264,NETWORK_PATH_DEGRADATION,INFRA-0002,KE-0015,REROUTE_TRAFFIC,"[""APP-0004"", ""CLOUD-0004"", ""CLOUD-0012"", ""CLOUD-0019"", ""CLOUD-0020"", ""COMP-0010"", ""POL-0002"", ""SVC-0001"", ""SVC-0002"", ""SVC-0004"", ""SVC-0005"", ""SVC-0006"", ""SVC-0008"", ""SVC-0010"", ""SVC-0011"", ""SVC-0012"", ""SVC-0013"", ""SVC-0015"", ""SVC-0018"", ""TEAM-0003""]",,cause:14:77,background:EP-000264,SYNTHETIC
EP-000265,INC-000265,NETWORK_PATH_DEGRADATION,INFRA-0001,KE-0015,REROUTE_TRAFFIC,"[""APP-0005"", ""CAP-0004"", ""CLOUD-0018"", ""COMP-0001"", ""COMP-0025"", ""POL-0001"", ""SVC-0001"", ""SVC-0002"", ""SVC-0003"", ""SVC-0004"", ""SVC-0005"", ""SVC-0007"", ""SVC-0010"", ""SVC-0012"", ""SVC-0013"", ""SVC-0014"", ""SVC-0015"", ""SVC-0016"", ""SVC-0017"", ""TEAM-0001""]",,cause:14:78,background:EP-000265,SYNTHETIC
EP-000266,INC-000266,NETWORK_PATH_DEGRADATION,INFRA-0008,KE-0015,REROUTE_TRAFFIC,"[""APP-0005"", ""CAP-0004"", ""CLOUD-0012"", ""CLOUD-0018"", ""CLOUD-0020"", ""CLOUD-0021"", ""COMP-0016"", ""POL-0004"", ""SVC-0001"", ""SVC-0002"", ""SVC-0003"", ""SVC-0004"", ""SVC-0007"", ""SVC-0010"", ""SVC-0012"", ""SVC-0013"", ""SVC-0016"", ""SVC-0017"", ""TEAM-0001""]",,cause:14:79,background:EP-000266,SYNTHETIC
EP-000267,INC-000267,NETWORK_PATH_DEGRADATION,INFRA-0007,KE-0015,REROUTE_TRAFFIC,"[""APP-0001"", ""CAP-0004"", ""CLOUD-0002"", ""CLOUD-0003"", ""CLOUD-0013"", ""CLOUD-0014"", ""CLOUD-0018"", ""COMP-0007"", ""INFRA-0004"", ""INFRA-0006"", ""POL-0003"", ""SVC-0001"", ""SVC-0004"", ""SVC-0007"", ""SVC-0008"", ""SVC-0012"", ""SVC-0014"", ""SVC-0017"", ""SVC-0018"", ""TEAM-0005"", ""TEAM-0006""]",,cause:14:80,background:EP-000267,SYNTHETIC
EP-000268,INC-000268,NETWORK_PATH_DEGRADATION,INFRA-0006,KE-0015,REROUTE_TRAFFIC,"[""APP-0001"", ""CAP-0001"", ""CLOUD-0006"", ""CLOUD-0007"", ""CLOUD-0015"", ""COMP-0022"", ""INFRA-0001"", ""POL-0002"", ""SVC-0001"", ""SVC-0002"", ""SVC-0003"", ""SVC-0004"", ""SVC-0006"", ""SVC-0008"", ""SVC-0011"", ""SVC-0012"", ""SVC-0013"", ""SVC-0015"", ""SVC-0016"", ""SVC-0017"", ""TEAM-0001"", ""TEAM-0004"", ""VENDOR-0001""]",CHG-000268,cause:14:81,background:EP-000268,SYNTHETIC
EP-000269,INC-000269,NETWORK_PATH_DEGRADATION,INFRA-0005,KE-0015,REROUTE_TRAFFIC,"[""APP-0008"", ""CAP-0004"", ""CLOUD-0004"", ""CLOUD-0005"", ""CLOUD-0021"", ""COMP-0013"", ""INFRA-0003"", ""POL-0001"", ""SVC-0001"", ""SVC-0005"", ""SVC-0006"", ""SVC-0007"", ""SVC-0008"", ""SVC-0009"", ""SVC-0010"", ""SVC-0012"", ""SVC-0016"", ""SVC-0017"", ""SVC-0018"", ""TEAM-0001"", ""TEAM-0002"", ""VENDOR-0001"", ""VENDOR-0003""]",,cause:14:82,background:EP-000269,SYNTHETIC
EP-000270,INC-000270,NETWORK_PATH_DEGRADATION,INFRA-0004,KE-0015,REROUTE_TRAFFIC,"[""APP-0004"", ""CAP-0001"", ""CLOUD-0012"", ""CLOUD-0016"", ""CLOUD-0020"", ""COMP-0004"", ""COMP-0028"", ""POL-0004"", ""SVC-0001"", ""SVC-0004"", ""SVC-0005"", ""SVC-0009"", ""SVC-0010"", ""SVC-0011"", ""SVC-0012"", ""SVC-0013"", ""SVC-0015"", ""SVC-0016"", ""SVC-0017"", ""SVC-0018"", ""TEAM-0007""]",,cause:14:83,background:EP-000270,SYNTHETIC
EP-000271,INC-000271,NETWORK_PATH_DEGRADATION,INFRA-0003,KE-0015,REROUTE_TRAFFIC,"[""APP-0004"", ""CAP-0001"", ""CLOUD-0002"", ""CLOUD-0005"", ""CLOUD-0019"", ""CLOUD-0020"", ""COMP-0019"", ""INFRA-0002"", ""INFRA-0006"", ""POL-0003"", ""SVC-0007"", ""SVC-0008"", ""SVC-0009"", ""SVC-0010"", ""SVC-0011"", ""SVC-0012"", ""SVC-0013"", ""SVC-0015"", ""SVC-0017"", ""SVC-0018"", ""TEAM-0001"", ""TEAM-0005"", ""VENDOR-0004""]",,cause:14:84,background:EP-000271,SYNTHETIC
EP-000272,INC-000272,NETWORK_PATH_DEGRADATION,INFRA-0002,KE-0015,REROUTE_TRAFFIC,"[""APP-0004"", ""CLOUD-0004"", ""CLOUD-0012"", ""CLOUD-0019"", ""CLOUD-0020"", ""COMP-0010"", ""POL-0002"", ""SVC-0001"", ""SVC-0002"", ""SVC-0004"", ""SVC-0005"", ""SVC-0006"", ""SVC-0008"", ""SVC-0010"", ""SVC-0011"", ""SVC-0012"", ""SVC-0013"", ""SVC-0015"", ""SVC-0018"", ""TEAM-0003""]",,cause:14:85,background:EP-000272,SYNTHETIC
EP-000273,INC-000273,NETWORK_PATH_DEGRADATION,INFRA-0001,KE-0015,REROUTE_TRAFFIC,"[""APP-0005"", ""CAP-0004"", ""CLOUD-0018"", ""COMP-0001"", ""COMP-0025"", ""POL-0001"", ""SVC-0001"", ""SVC-0002"", ""SVC-0003"", ""SVC-0004"", ""SVC-0005"", ""SVC-0007"", ""SVC-0010"", ""SVC-0012"", ""SVC-0013"", ""SVC-0014"", ""SVC-0015"", ""SVC-0016"", ""SVC-0017"", ""TEAM-0001""]",,cause:14:86,background:EP-000273,SYNTHETIC
EP-000274,INC-000274,NETWORK_PATH_DEGRADATION,INFRA-0008,KE-0015,REROUTE_TRAFFIC,"[""APP-0005"", ""CAP-0004"", ""CLOUD-0012"", ""CLOUD-0018"", ""CLOUD-0020"", ""CLOUD-0021"", ""COMP-0016"", ""POL-0004"", ""SVC-0001"", ""SVC-0002"", ""SVC-0003"", ""SVC-0004"", ""SVC-0007"", ""SVC-0010"", ""SVC-0012"", ""SVC-0013"", ""SVC-0016"", ""SVC-0017"", ""TEAM-0001""]",,cause:14:87,background:EP-000274,SYNTHETIC
EP-000275,INC-000275,NETWORK_PATH_DEGRADATION,INFRA-0007,KE-0015,REROUTE_TRAFFIC,"[""APP-0001"", ""CAP-0004"", ""CLOUD-0002"", ""CLOUD-0003"", ""CLOUD-0013"", ""CLOUD-0014"", ""CLOUD-0018"", ""COMP-0007"", ""INFRA-0004"", ""INFRA-0006"", ""POL-0003"", ""SVC-0001"", ""SVC-0004"", ""SVC-0007"", ""SVC-0008"", ""SVC-0012"", ""SVC-0014"", ""SVC-0017"", ""SVC-0018"", ""TEAM-0005"", ""TEAM-0006""]",,cause:14:88,background:EP-000275,SYNTHETIC
EP-000276,INC-000276,NETWORK_PATH_DEGRADATION,INFRA-0006,KE-0015,REROUTE_TRAFFIC,"[""APP-0001"", ""CAP-0001"", ""CLOUD-0006"", ""CLOUD-0007"", ""CLOUD-0015"", ""COMP-0022"", ""INFRA-0001"", ""POL-0002"", ""SVC-0001"", ""SVC-0002"", ""SVC-0003"", ""SVC-0004"", ""SVC-0006"", ""SVC-0008"", ""SVC-0011"", ""SVC-0012"", ""SVC-0013"", ""SVC-0015"", ""SVC-0016"", ""SVC-0017"", ""TEAM-0001"", ""TEAM-0004"", ""VENDOR-0001""]",CHG-000276,cause:14:89,background:EP-000276,SYNTHETIC
EP-000277,INC-000277,NETWORK_PATH_DEGRADATION,INFRA-0005,KE-0015,REROUTE_TRAFFIC,"[""APP-0008"", ""CAP-0004"", ""CLOUD-0004"", ""CLOUD-0005"", ""CLOUD-0021"", ""COMP-0013"", ""INFRA-0003"", ""POL-0001"", ""SVC-0001"", ""SVC-0005"", ""SVC-0006"", ""SVC-0007"", ""SVC-0008"", ""SVC-0009"", ""SVC-0010"", ""SVC-0012"", ""SVC-0016"", ""SVC-0017"", ""SVC-0018"", ""TEAM-0001"", ""TEAM-0002"", ""VENDOR-0001"", ""VENDOR-0003""]",,cause:14:90,background:EP-000277,SYNTHETIC
EP-000278,INC-000278,NETWORK_PATH_DEGRADATION,INFRA-0004,KE-0015,REROUTE_TRAFFIC,"[""APP-0004"", ""CAP-0001"", ""CLOUD-0012"", ""CLOUD-0016"", ""CLOUD-0020"", ""COMP-0004"", ""COMP-0028"", ""POL-0004"", ""SVC-0001"", ""SVC-0004"", ""SVC-0005"", ""SVC-0009"", ""SVC-0010"", ""SVC-0011"", ""SVC-0012"", ""SVC-0013"", ""SVC-0015"", ""SVC-0016"", ""SVC-0017"", ""SVC-0018"", ""TEAM-0007""]",CHG-000278,cause:14:91,background:EP-000278,SYNTHETIC
EP-000279,INC-000279,NETWORK_PATH_DEGRADATION,INFRA-0003,KE-0015,REROUTE_TRAFFIC,"[""APP-0004"", ""CAP-0001"", ""CLOUD-0002"", ""CLOUD-0005"", ""CLOUD-0019"", ""CLOUD-0020"", ""COMP-0019"", ""INFRA-0002"", ""INFRA-0006"", ""POL-0003"", ""SVC-0007"", ""SVC-0008"", ""SVC-0009"", ""SVC-0010"", ""SVC-0011"", ""SVC-0012"", ""SVC-0013"", ""SVC-0015"", ""SVC-0017"", ""SVC-0018"", ""TEAM-0001"", ""TEAM-0005"", ""VENDOR-0004""]",,cause:14:92,background:EP-000279,SYNTHETIC
EP-000280,INC-000280,NETWORK_PATH_DEGRADATION,INFRA-0002,KE-0015,REROUTE_TRAFFIC,"[""APP-0004"", ""CLOUD-0004"", ""CLOUD-0012"", ""CLOUD-0019"", ""CLOUD-0020"", ""COMP-0010"", ""POL-0002"", ""SVC-0001"", ""SVC-0002"", ""SVC-0004"", ""SVC-0005"", ""SVC-0006"", ""SVC-0008"", ""SVC-0010"", ""SVC-0011"", ""SVC-0012"", ""SVC-0013"", ""SVC-0015"", ""SVC-0018"", ""TEAM-0003""]",CHG-000280,cause:14:93,background:EP-000280,SYNTHETIC
EP-000281,INC-000281,NETWORK_PATH_DEGRADATION,INFRA-0001,KE-0015,REROUTE_TRAFFIC,"[""APP-0005"", ""CAP-0004"", ""CLOUD-0018"", ""COMP-0001"", ""COMP-0025"", ""POL-0001"", ""SVC-0001"", ""SVC-0002"", ""SVC-0003"", ""SVC-0004"", ""SVC-0005"", ""SVC-0007"", ""SVC-0010"", ""SVC-0012"", ""SVC-0013"", ""SVC-0014"", ""SVC-0015"", ""SVC-0016"", ""SVC-0017"", ""TEAM-0001""]",,cause:14:94,background:EP-000281,SYNTHETIC
EP-000282,INC-000282,NETWORK_PATH_DEGRADATION,INFRA-0008,KE-0015,REROUTE_TRAFFIC,"[""APP-0005"", ""CAP-0004"", ""CLOUD-0012"", ""CLOUD-0018"", ""CLOUD-0020"", ""CLOUD-0021"", ""COMP-0016"", ""POL-0004"", ""SVC-0001"", ""SVC-0002"", ""SVC-0003"", ""SVC-0004"", ""SVC-0007"", ""SVC-0010"", ""SVC-0012"", ""SVC-0013"", ""SVC-0016"", ""SVC-0017"", ""TEAM-0001""]",,cause:14:95,background:EP-000282,SYNTHETIC
EP-000283,INC-000283,NETWORK_PATH_DEGRADATION,INFRA-0007,KE-0015,REROUTE_TRAFFIC,"[""APP-0001"", ""CAP-0004"", ""CLOUD-0002"", ""CLOUD-0003"", ""CLOUD-0013"", ""CLOUD-0014"", ""CLOUD-0018"", ""COMP-0007"", ""INFRA-0004"", ""INFRA-0006"", ""POL-0003"", ""SVC-0001"", ""SVC-0004"", ""SVC-0007"", ""SVC-0008"", ""SVC-0012"", ""SVC-0014"", ""SVC-0017"", ""SVC-0018"", ""TEAM-0005"", ""TEAM-0006""]",,cause:14:96,background:EP-000283,SYNTHETIC
EP-000284,INC-000284,NETWORK_PATH_DEGRADATION,INFRA-0006,KE-0015,REROUTE_TRAFFIC,"[""APP-0001"", ""CAP-0001"", ""CLOUD-0006"", ""CLOUD-0007"", ""CLOUD-0015"", ""COMP-0022"", ""INFRA-0001"", ""POL-0002"", ""SVC-0001"", ""SVC-0002"", ""SVC-0003"", ""SVC-0004"", ""SVC-0006"", ""SVC-0008"", ""SVC-0011"", ""SVC-0012"", ""SVC-0013"", ""SVC-0015"", ""SVC-0016"", ""SVC-0017"", ""TEAM-0001"", ""TEAM-0004"", ""VENDOR-0001""]",,cause:14:97,background:EP-000284,SYNTHETIC
EP-000285,INC-000285,NETWORK_PATH_DEGRADATION,INFRA-0005,KE-0015,REROUTE_TRAFFIC,"[""APP-0008"", ""CAP-0004"", ""CLOUD-0004"", ""CLOUD-0005"", ""CLOUD-0021"", ""COMP-0013"", ""INFRA-0003"", ""POL-0001"", ""SVC-0001"", ""SVC-0005"", ""SVC-0006"", ""SVC-0007"", ""SVC-0008"", ""SVC-0009"", ""SVC-0010"", ""SVC-0012"", ""SVC-0016"", ""SVC-0017"", ""SVC-0018"", ""TEAM-0001"", ""TEAM-0002"", ""VENDOR-0001"", ""VENDOR-0003""]",,cause:14:98,background:EP-000285,SYNTHETIC
EP-000286,INC-000286,NETWORK_PATH_DEGRADATION,INFRA-0004,KE-0015,REROUTE_TRAFFIC,"[""APP-0004"", ""CAP-0001"", ""CLOUD-0012"", ""CLOUD-0016"", ""CLOUD-0020"", ""COMP-0004"", ""COMP-0028"", ""POL-0004"", ""SVC-0001"", ""SVC-0004"", ""SVC-0005"", ""SVC-0009"", ""SVC-0010"", ""SVC-0011"", ""SVC-0012"", ""SVC-0013"", ""SVC-0015"", ""SVC-0016"", ""SVC-0017"", ""SVC-0018"", ""TEAM-0007""]",,cause:14:99,background:EP-000286,SYNTHETIC
EP-000287,INC-000287,NETWORK_PATH_DEGRADATION,INFRA-0003,KE-0015,REROUTE_TRAFFIC,"[""APP-0004"", ""CAP-0001"", ""CLOUD-0002"", ""CLOUD-0005"", ""CLOUD-0019"", ""CLOUD-0020"", ""COMP-0019"", ""INFRA-0002"", ""INFRA-0006"", ""POL-0003"", ""SVC-0007"", ""SVC-0008"", ""SVC-0009"", ""SVC-0010"", ""SVC-0011"", ""SVC-0012"", ""SVC-0013"", ""SVC-0015"", ""SVC-0017"", ""SVC-0018"", ""TEAM-0001"", ""TEAM-0005"", ""VENDOR-0004""]",,cause:14:100,background:EP-000287,SYNTHETIC
EP-000288,INC-000288,NETWORK_PATH_DEGRADATION,INFRA-0002,KE-0015,REROUTE_TRAFFIC,"[""APP-0004"", ""CLOUD-0004"", ""CLOUD-0012"", ""CLOUD-0019"", ""CLOUD-0020"", ""COMP-0010"", ""POL-0002"", ""SVC-0001"", ""SVC-0002"", ""SVC-0004"", ""SVC-0005"", ""SVC-0006"", ""SVC-0008"", ""SVC-0010"", ""SVC-0011"", ""SVC-0012"", ""SVC-0013"", ""SVC-0015"", ""SVC-0018"", ""TEAM-0003""]",,cause:14:101,background:EP-000288,SYNTHETIC
EP-000289,INC-000289,NETWORK_PATH_DEGRADATION,INFRA-0001,KE-0015,REROUTE_TRAFFIC,"[""APP-0005"", ""CAP-0004"", ""CLOUD-0018"", ""COMP-0001"", ""COMP-0025"", ""POL-0001"", ""SVC-0001"", ""SVC-0002"", ""SVC-0003"", ""SVC-0004"", ""SVC-0005"", ""SVC-0007"", ""SVC-0010"", ""SVC-0012"", ""SVC-0013"", ""SVC-0014"", ""SVC-0015"", ""SVC-0016"", ""SVC-0017"", ""TEAM-0001""]",,cause:14:102,background:EP-000289,SYNTHETIC
EP-000290,INC-000290,NETWORK_PATH_DEGRADATION,INFRA-0008,KE-0015,REROUTE_TRAFFIC,"[""APP-0005"", ""CAP-0004"", ""CLOUD-0012"", ""CLOUD-0018"", ""CLOUD-0020"", ""CLOUD-0021"", ""COMP-0016"", ""POL-0004"", ""SVC-0001"", ""SVC-0002"", ""SVC-0003"", ""SVC-0004"", ""SVC-0007"", ""SVC-0010"", ""SVC-0012"", ""SVC-0013"", ""SVC-0016"", ""SVC-0017"", ""TEAM-0001""]",CHG-000290,cause:14:103,background:EP-000290,SYNTHETIC
EP-000291,INC-000291,NETWORK_PATH_DEGRADATION,INFRA-0007,KE-0015,REROUTE_TRAFFIC,"[""APP-0001"", ""CAP-0004"", ""CLOUD-0002"", ""CLOUD-0003"", ""CLOUD-0013"", ""CLOUD-0014"", ""CLOUD-0018"", ""COMP-0007"", ""INFRA-0004"", ""INFRA-0006"", ""POL-0003"", ""SVC-0001"", ""SVC-0004"", ""SVC-0007"", ""SVC-0008"", ""SVC-0012"", ""SVC-0014"", ""SVC-0017"", ""SVC-0018"", ""TEAM-0005"", ""TEAM-0006""]",,cause:14:104,background:EP-000291,SYNTHETIC
EP-000292,INC-000292,NETWORK_PATH_DEGRADATION,INFRA-0006,KE-0015,REROUTE_TRAFFIC,"[""APP-0001"", ""CAP-0001"", ""CLOUD-0006"", ""CLOUD-0007"", ""CLOUD-0015"", ""COMP-0022"", ""INFRA-0001"", ""POL-0002"", ""SVC-0001"", ""SVC-0002"", ""SVC-0003"", ""SVC-0004"", ""SVC-0006"", ""SVC-0008"", ""SVC-0011"", ""SVC-0012"", ""SVC-0013"", ""SVC-0015"", ""SVC-0016"", ""SVC-0017"", ""TEAM-0001"", ""TEAM-0004"", ""VENDOR-0001""]",,cause:14:105,background:EP-000292,SYNTHETIC
EP-000293,INC-000293,NETWORK_PATH_DEGRADATION,INFRA-0005,KE-0015,REROUTE_TRAFFIC,"[""APP-0008"", ""CAP-0004"", ""CLOUD-0004"", ""CLOUD-0005"", ""CLOUD-0021"", ""COMP-0013"", ""INFRA-0003"", ""POL-0001"", ""SVC-0001"", ""SVC-0005"", ""SVC-0006"", ""SVC-0007"", ""SVC-0008"", ""SVC-0009"", ""SVC-0010"", ""SVC-0012"", ""SVC-0016"", ""SVC-0017"", ""SVC-0018"", ""TEAM-0001"", ""TEAM-0002"", ""VENDOR-0001"", ""VENDOR-0003""]",,cause:14:106,background:EP-000293,SYNTHETIC
EP-000294,INC-000294,NETWORK_PATH_DEGRADATION,INFRA-0004,KE-0015,REROUTE_TRAFFIC,"[""APP-0004"", ""CAP-0001"", ""CLOUD-0012"", ""CLOUD-0016"", ""CLOUD-0020"", ""COMP-0004"", ""COMP-0028"", ""POL-0004"", ""SVC-0001"", ""SVC-0004"", ""SVC-0005"", ""SVC-0009"", ""SVC-0010"", ""SVC-0011"", ""SVC-0012"", ""SVC-0013"", ""SVC-0015"", ""SVC-0016"", ""SVC-0017"", ""SVC-0018"", ""TEAM-0007""]",,cause:14:107,background:EP-000294,SYNTHETIC
EP-000295,INC-000295,NETWORK_PATH_DEGRADATION,INFRA-0003,KE-0015,REROUTE_TRAFFIC,"[""APP-0004"", ""CAP-0001"", ""CLOUD-0002"", ""CLOUD-0005"", ""CLOUD-0019"", ""CLOUD-0020"", ""COMP-0019"", ""INFRA-0002"", ""INFRA-0006"", ""POL-0003"", ""SVC-0007"", ""SVC-0008"", ""SVC-0009"", ""SVC-0010"", ""SVC-0011"", ""SVC-0012"", ""SVC-0013"", ""SVC-0015"", ""SVC-0017"", ""SVC-0018"", ""TEAM-0001"", ""TEAM-0005"", ""VENDOR-0004""]",CHG-000295,cause:14:108,background:EP-000295,SYNTHETIC
EP-000296,INC-000296,NETWORK_PATH_DEGRADATION,INFRA-0002,KE-0015,REROUTE_TRAFFIC,"[""APP-0004"", ""CLOUD-0004"", ""CLOUD-0012"", ""CLOUD-0019"", ""CLOUD-0020"", ""COMP-0010"", ""POL-0002"", ""SVC-0001"", ""SVC-0002"", ""SVC-0004"", ""SVC-0005"", ""SVC-0006"", ""SVC-0008"", ""SVC-0010"", ""SVC-0011"", ""SVC-0012"", ""SVC-0013"", ""SVC-0015"", ""SVC-0018"", ""TEAM-0003""]",,cause:14:109,background:EP-000296,SYNTHETIC
EP-000297,INC-000297,NETWORK_PATH_DEGRADATION,INFRA-0001,KE-0015,REROUTE_TRAFFIC,"[""APP-0005"", ""CAP-0004"", ""CLOUD-0018"", ""COMP-0001"", ""COMP-0025"", ""POL-0001"", ""SVC-0001"", ""SVC-0002"", ""SVC-0003"", ""SVC-0004"", ""SVC-0005"", ""SVC-0007"", ""SVC-0010"", ""SVC-0012"", ""SVC-0013"", ""SVC-0014"", ""SVC-0015"", ""SVC-0016"", ""SVC-0017"", ""TEAM-0001""]",,cause:14:110,background:EP-000297,SYNTHETIC
EP-000298,INC-000298,NETWORK_PATH_DEGRADATION,INFRA-0008,KE-0015,REROUTE_TRAFFIC,"[""APP-0005"", ""CAP-0004"", ""CLOUD-0012"", ""CLOUD-0018"", ""CLOUD-0020"", ""CLOUD-0021"", ""COMP-0016"", ""POL-0004"", ""SVC-0001"", ""SVC-0002"", ""SVC-0003"", ""SVC-0004"", ""SVC-0007"", ""SVC-0010"", ""SVC-0012"", ""SVC-0013"", ""SVC-0016"", ""SVC-0017"", ""TEAM-0001""]",,cause:14:111,background:EP-000298,SYNTHETIC
EP-000299,INC-000299,NETWORK_PATH_DEGRADATION,INFRA-0007,KE-0015,REROUTE_TRAFFIC,"[""APP-0001"", ""CAP-0004"", ""CLOUD-0002"", ""CLOUD-0003"", ""CLOUD-0013"", ""CLOUD-0014"", ""CLOUD-0018"", ""COMP-0007"", ""INFRA-0004"", ""INFRA-0006"", ""POL-0003"", ""SVC-0001"", ""SVC-0004"", ""SVC-0007"", ""SVC-0008"", ""SVC-0012"", ""SVC-0014"", ""SVC-0017"", ""SVC-0018"", ""TEAM-0005"", ""TEAM-0006""]",,cause:14:112,background:EP-000299,SYNTHETIC
EP-000300,INC-000300,NETWORK_PATH_DEGRADATION,INFRA-0006,KE-0015,REROUTE_TRAFFIC,"[""APP-0001"", ""CAP-0001"", ""CLOUD-0006"", ""CLOUD-0007"", ""CLOUD-0015"", ""COMP-0022"", ""INFRA-0001"", ""POL-0002"", ""SVC-0001"", ""SVC-0002"", ""SVC-0003"", ""SVC-0004"", ""SVC-0006"", ""SVC-0008"", ""SVC-0011"", ""SVC-0012"", ""SVC-0013"", ""SVC-0015"", ""SVC-0016"", ""SVC-0017"", ""TEAM-0001"", ""TEAM-0004"", ""VENDOR-0001""]",,cause:14:113,background:EP-000300,SYNTHETIC
EP-000301,INC-000301,NETWORK_PATH_DEGRADATION,INFRA-0005,KE-0015,REROUTE_TRAFFIC,"[""APP-0008"", ""CAP-0004"", ""CLOUD-0004"", ""CLOUD-0005"", ""CLOUD-0021"", ""COMP-0013"", ""INFRA-0003"", ""POL-0001"", ""SVC-0001"", ""SVC-0005"", ""SVC-0006"", ""SVC-0007"", ""SVC-0008"", ""SVC-0009"", ""SVC-0010"", ""SVC-0012"", ""SVC-0016"", ""SVC-0017"", ""SVC-0018"", ""TEAM-0001"", ""TEAM-0002"", ""VENDOR-0001"", ""VENDOR-0003""]",CHG-000301,cause:14:114,background:EP-000301,SYNTHETIC
EP-000302,INC-000302,NETWORK_PATH_DEGRADATION,INFRA-0004,KE-0015,REROUTE_TRAFFIC,"[""APP-0004"", ""CAP-0001"", ""CLOUD-0012"", ""CLOUD-0016"", ""CLOUD-0020"", ""COMP-0004"", ""COMP-0028"", ""POL-0004"", ""SVC-0001"", ""SVC-0004"", ""SVC-0005"", ""SVC-0009"", ""SVC-0010"", ""SVC-0011"", ""SVC-0012"", ""SVC-0013"", ""SVC-0015"", ""SVC-0016"", ""SVC-0017"", ""SVC-0018"", ""TEAM-0007""]",,cause:14:115,background:EP-000302,SYNTHETIC
EP-000303,INC-000303,NETWORK_PATH_DEGRADATION,INFRA-0003,KE-0015,REROUTE_TRAFFIC,"[""APP-0004"", ""CAP-0001"", ""CLOUD-0002"", ""CLOUD-0005"", ""CLOUD-0019"", ""CLOUD-0020"", ""COMP-0019"", ""INFRA-0002"", ""INFRA-0006"", ""POL-0003"", ""SVC-0007"", ""SVC-0008"", ""SVC-0009"", ""SVC-0010"", ""SVC-0011"", ""SVC-0012"", ""SVC-0013"", ""SVC-0015"", ""SVC-0017"", ""SVC-0018"", ""TEAM-0001"", ""TEAM-0005"", ""VENDOR-0004""]",,cause:14:116,background:EP-000303,SYNTHETIC
EP-000304,INC-000304,NETWORK_PATH_DEGRADATION,INFRA-0002,KE-0015,REROUTE_TRAFFIC,"[""APP-0004"", ""CLOUD-0004"", ""CLOUD-0012"", ""CLOUD-0019"", ""CLOUD-0020"", ""COMP-0010"", ""POL-0002"", ""SVC-0001"", ""SVC-0002"", ""SVC-0004"", ""SVC-0005"", ""SVC-0006"", ""SVC-0008"", ""SVC-0010"", ""SVC-0011"", ""SVC-0012"", ""SVC-0013"", ""SVC-0015"", ""SVC-0018"", ""TEAM-0003""]",,cause:14:117,background:EP-000304,SYNTHETIC
EP-000305,INC-000305,NETWORK_PATH_DEGRADATION,INFRA-0001,KE-0015,REROUTE_TRAFFIC,"[""APP-0005"", ""CAP-0004"", ""CLOUD-0018"", ""COMP-0001"", ""COMP-0025"", ""POL-0001"", ""SVC-0001"", ""SVC-0002"", ""SVC-0003"", ""SVC-0004"", ""SVC-0005"", ""SVC-0007"", ""SVC-0010"", ""SVC-0012"", ""SVC-0013"", ""SVC-0014"", ""SVC-0015"", ""SVC-0016"", ""SVC-0017"", ""TEAM-0001""]",,cause:14:118,background:EP-000305,SYNTHETIC
EP-000306,INC-000306,NETWORK_PATH_DEGRADATION,INFRA-0008,KE-0015,REROUTE_TRAFFIC,"[""APP-0005"", ""CAP-0004"", ""CLOUD-0012"", ""CLOUD-0018"", ""CLOUD-0020"", ""CLOUD-0021"", ""COMP-0016"", ""POL-0004"", ""SVC-0001"", ""SVC-0002"", ""SVC-0003"", ""SVC-0004"", ""SVC-0007"", ""SVC-0010"", ""SVC-0012"", ""SVC-0013"", ""SVC-0016"", ""SVC-0017"", ""TEAM-0001""]",,cause:14:119,background:EP-000306,SYNTHETIC
EP-000307,INC-000307,EXTERNAL_VENDOR_OUTAGE,VENDOR-0004,KE-0016,WAIT_AND_FAILOVER,"[""SVC-0002"", ""SVC-0004"", ""SVC-0005"", ""SVC-0007"", ""SVC-0008"", ""SVC-0009"", ""SVC-0011"", ""SVC-0012"", ""SVC-0013"", ""SVC-0014"", ""SVC-0015"", ""SVC-0017""]",,cause:15:0,background:EP-000307,SYNTHETIC
EP-000308,INC-000308,EXTERNAL_VENDOR_OUTAGE,VENDOR-0003,KE-0016,WAIT_AND_FAILOVER,"[""SVC-0001"", ""SVC-0002"", ""SVC-0003"", ""SVC-0004"", ""SVC-0005"", ""SVC-0007"", ""SVC-0008"", ""SVC-0009"", ""SVC-0010"", ""SVC-0011"", ""SVC-0013"", ""SVC-0014""]",,cause:15:1,background:EP-000308,SYNTHETIC
EP-000309,INC-000309,EXTERNAL_VENDOR_OUTAGE,VENDOR-0002,KE-0016,WAIT_AND_FAILOVER,"[""COMP-0002"", ""COMP-0020"", ""SVC-0002"", ""SVC-0004"", ""SVC-0005"", ""SVC-0007"", ""SVC-0009"", ""SVC-0010"", ""SVC-0013"", ""SVC-0014"", ""SVC-0018"", ""TEAM-0001""]",,cause:15:2,background:EP-000309,SYNTHETIC
EP-000310,INC-000310,EXTERNAL_VENDOR_OUTAGE,VENDOR-0001,KE-0016,WAIT_AND_FAILOVER,"[""COMP-0001"", ""COMP-0019"", ""SVC-0001"", ""SVC-0003"", ""SVC-0005"", ""SVC-0008"", ""SVC-0009"", ""SVC-0013"", ""SVC-0014"", ""SVC-0017"", ""SVC-0018"", ""TEAM-0003""]",CHG-000310,cause:15:3,background:EP-000310,SYNTHETIC
EP-000311,INC-000311,EXTERNAL_VENDOR_OUTAGE,VENDOR-0004,KE-0016,WAIT_AND_FAILOVER,"[""SVC-0002"", ""SVC-0004"", ""SVC-0005"", ""SVC-0007"", ""SVC-0008"", ""SVC-0009"", ""SVC-0011"", ""SVC-0012"", ""SVC-0013"", ""SVC-0014"", ""SVC-0015"", ""SVC-0017""]",,cause:15:4,background:EP-000311,SYNTHETIC
EP-000312,INC-000312,EXTERNAL_VENDOR_OUTAGE,VENDOR-0003,KE-0016,WAIT_AND_FAILOVER,"[""SVC-0001"", ""SVC-0002"", ""SVC-0003"", ""SVC-0004"", ""SVC-0005"", ""SVC-0007"", ""SVC-0008"", ""SVC-0009"", ""SVC-0010"", ""SVC-0011"", ""SVC-0013"", ""SVC-0014""]",,cause:15:5,background:EP-000312,SYNTHETIC
EP-000313,INC-000313,EXTERNAL_VENDOR_OUTAGE,VENDOR-0002,KE-0016,WAIT_AND_FAILOVER,"[""COMP-0002"", ""COMP-0020"", ""SVC-0002"", ""SVC-0004"", ""SVC-0005"", ""SVC-0007"", ""SVC-0009"", ""SVC-0010"", ""SVC-0013"", ""SVC-0014"", ""SVC-0018"", ""TEAM-0001""]",,cause:15:6,background:EP-000313,SYNTHETIC
EP-000314,INC-000314,EXTERNAL_VENDOR_OUTAGE,VENDOR-0001,KE-0016,WAIT_AND_FAILOVER,"[""COMP-0001"", ""COMP-0019"", ""SVC-0001"", ""SVC-0003"", ""SVC-0005"", ""SVC-0008"", ""SVC-0009"", ""SVC-0013"", ""SVC-0014"", ""SVC-0017"", ""SVC-0018"", ""TEAM-0003""]",,cause:15:7,background:EP-000314,SYNTHETIC
EP-000315,INC-000315,EXTERNAL_VENDOR_OUTAGE,VENDOR-0004,KE-0016,WAIT_AND_FAILOVER,"[""SVC-0002"", ""SVC-0004"", ""SVC-0005"", ""SVC-0007"", ""SVC-0008"", ""SVC-0009"", ""SVC-0011"", ""SVC-0012"", ""SVC-0013"", ""SVC-0014"", ""SVC-0015"", ""SVC-0017""]",,cause:15:8,background:EP-000315,SYNTHETIC
EP-000316,INC-000316,EXTERNAL_VENDOR_OUTAGE,VENDOR-0003,KE-0016,WAIT_AND_FAILOVER,"[""SVC-0001"", ""SVC-0002"", ""SVC-0003"", ""SVC-0004"", ""SVC-0005"", ""SVC-0007"", ""SVC-0008"", ""SVC-0009"", ""SVC-0010"", ""SVC-0011"", ""SVC-0013"", ""SVC-0014""]",,cause:15:9,background:EP-000316,SYNTHETIC
EP-000317,INC-000317,EXTERNAL_VENDOR_OUTAGE,VENDOR-0002,KE-0016,WAIT_AND_FAILOVER,"[""COMP-0002"", ""COMP-0020"", ""SVC-0002"", ""SVC-0004"", ""SVC-0005"", ""SVC-0007"", ""SVC-0009"", ""SVC-0010"", ""SVC-0013"", ""SVC-0014"", ""SVC-0018"", ""TEAM-0001""]",CHG-000317,cause:15:10,background:EP-000317,SYNTHETIC
EP-000318,INC-000318,EXTERNAL_VENDOR_OUTAGE,VENDOR-0001,KE-0016,WAIT_AND_FAILOVER,"[""COMP-0001"", ""COMP-0019"", ""SVC-0001"", ""SVC-0003"", ""SVC-0005"", ""SVC-0008"", ""SVC-0009"", ""SVC-0013"", ""SVC-0014"", ""SVC-0017"", ""SVC-0018"", ""TEAM-0003""]",,cause:15:11,background:EP-000318,SYNTHETIC
EP-000319,INC-000319,EXTERNAL_VENDOR_OUTAGE,VENDOR-0004,KE-0016,WAIT_AND_FAILOVER,"[""SVC-0002"", ""SVC-0004"", ""SVC-0005"", ""SVC-0007"", ""SVC-0008"", ""SVC-0009"", ""SVC-0011"", ""SVC-0012"", ""SVC-0013"", ""SVC-0014"", ""SVC-0015"", ""SVC-0017""]",CHG-000319,cause:15:12,background:EP-000319,SYNTHETIC
EP-000320,INC-000320,EXTERNAL_VENDOR_OUTAGE,VENDOR-0003,KE-0016,WAIT_AND_FAILOVER,"[""SVC-0001"", ""SVC-0002"", ""SVC-0003"", ""SVC-0004"", ""SVC-0005"", ""SVC-0007"", ""SVC-0008"", ""SVC-0009"", ""SVC-0010"", ""SVC-0011"", ""SVC-0013"", ""SVC-0014""]",,cause:15:13,background:EP-000320,SYNTHETIC
EP-000321,INC-000321,EXTERNAL_VENDOR_OUTAGE,VENDOR-0002,KE-0016,WAIT_AND_FAILOVER,"[""COMP-0002"", ""COMP-0020"", ""SVC-0002"", ""SVC-0004"", ""SVC-0005"", ""SVC-0007"", ""SVC-0009"", ""SVC-0010"", ""SVC-0013"", ""SVC-0014"", ""SVC-0018"", ""TEAM-0001""]",CHG-000321,cause:15:14,background:EP-000321,SYNTHETIC
EP-000322,INC-000322,EXTERNAL_VENDOR_OUTAGE,VENDOR-0001,KE-0016,WAIT_AND_FAILOVER,"[""COMP-0001"", ""COMP-0019"", ""SVC-0001"", ""SVC-0003"", ""SVC-0005"", ""SVC-0008"", ""SVC-0009"", ""SVC-0013"", ""SVC-0014"", ""SVC-0017"", ""SVC-0018"", ""TEAM-0003""]",CHG-000322,cause:15:15,background:EP-000322,SYNTHETIC
EP-000323,INC-000323,EXTERNAL_VENDOR_OUTAGE,VENDOR-0004,KE-0016,WAIT_AND_FAILOVER,"[""SVC-0002"", ""SVC-0004"", ""SVC-0005"", ""SVC-0007"", ""SVC-0008"", ""SVC-0009"", ""SVC-0011"", ""SVC-0012"", ""SVC-0013"", ""SVC-0014"", ""SVC-0015"", ""SVC-0017""]",,cause:15:16,background:EP-000323,SYNTHETIC
EP-000324,INC-000324,EXTERNAL_VENDOR_OUTAGE,VENDOR-0003,KE-0016,WAIT_AND_FAILOVER,"[""SVC-0001"", ""SVC-0002"", ""SVC-0003"", ""SVC-0004"", ""SVC-0005"", ""SVC-0007"", ""SVC-0008"", ""SVC-0009"", ""SVC-0010"", ""SVC-0011"", ""SVC-0013"", ""SVC-0014""]",CHG-000324,cause:15:17,background:EP-000324,SYNTHETIC
EP-000325,INC-000325,EXTERNAL_VENDOR_OUTAGE,VENDOR-0002,KE-0016,WAIT_AND_FAILOVER,"[""COMP-0002"", ""COMP-0020"", ""SVC-0002"", ""SVC-0004"", ""SVC-0005"", ""SVC-0007"", ""SVC-0009"", ""SVC-0010"", ""SVC-0013"", ""SVC-0014"", ""SVC-0018"", ""TEAM-0001""]",,cause:15:18,background:EP-000325,SYNTHETIC
EP-000326,INC-000326,EXTERNAL_VENDOR_OUTAGE,VENDOR-0001,KE-0016,WAIT_AND_FAILOVER,"[""COMP-0001"", ""COMP-0019"", ""SVC-0001"", ""SVC-0003"", ""SVC-0005"", ""SVC-0008"", ""SVC-0009"", ""SVC-0013"", ""SVC-0014"", ""SVC-0017"", ""SVC-0018"", ""TEAM-0003""]",,cause:15:19,background:EP-000326,SYNTHETIC
EP-000327,INC-000327,EXTERNAL_VENDOR_OUTAGE,VENDOR-0004,KE-0016,WAIT_AND_FAILOVER,"[""SVC-0002"", ""SVC-0004"", ""SVC-0005"", ""SVC-0007"", ""SVC-0008"", ""SVC-0009"", ""SVC-0011"", ""SVC-0012"", ""SVC-0013"", ""SVC-0014"", ""SVC-0015"", ""SVC-0017""]",,cause:15:20,background:EP-000327,SYNTHETIC
EP-000328,INC-000328,EXTERNAL_VENDOR_OUTAGE,VENDOR-0003,KE-0016,WAIT_AND_FAILOVER,"[""SVC-0001"", ""SVC-0002"", ""SVC-0003"", ""SVC-0004"", ""SVC-0005"", ""SVC-0007"", ""SVC-0008"", ""SVC-0009"", ""SVC-0010"", ""SVC-0011"", ""SVC-0013"", ""SVC-0014""]",,cause:15:21,background:EP-000328,SYNTHETIC
EP-000329,INC-000329,EXTERNAL_VENDOR_OUTAGE,VENDOR-0002,KE-0016,WAIT_AND_FAILOVER,"[""COMP-0002"", ""COMP-0020"", ""SVC-0002"", ""SVC-0004"", ""SVC-0005"", ""SVC-0007"", ""SVC-0009"", ""SVC-0010"", ""SVC-0013"", ""SVC-0014"", ""SVC-0018"", ""TEAM-0001""]",CHG-000329,cause:15:22,background:EP-000329,SYNTHETIC
EP-000330,INC-000330,EXTERNAL_VENDOR_OUTAGE,VENDOR-0001,KE-0016,WAIT_AND_FAILOVER,"[""COMP-0001"", ""COMP-0019"", ""SVC-0001"", ""SVC-0003"", ""SVC-0005"", ""SVC-0008"", ""SVC-0009"", ""SVC-0013"", ""SVC-0014"", ""SVC-0017"", ""SVC-0018"", ""TEAM-0003""]",,cause:15:23,background:EP-000330,SYNTHETIC
EP-000331,INC-000331,EXTERNAL_VENDOR_OUTAGE,VENDOR-0004,KE-0016,WAIT_AND_FAILOVER,"[""SVC-0002"", ""SVC-0004"", ""SVC-0005"", ""SVC-0007"", ""SVC-0008"", ""SVC-0009"", ""SVC-0011"", ""SVC-0012"", ""SVC-0013"", ""SVC-0014"", ""SVC-0015"", ""SVC-0017""]",,cause:15:24,background:EP-000331,SYNTHETIC
EP-000332,INC-000332,EXTERNAL_VENDOR_OUTAGE,VENDOR-0003,KE-0016,WAIT_AND_FAILOVER,"[""SVC-0001"", ""SVC-0002"", ""SVC-0003"", ""SVC-0004"", ""SVC-0005"", ""SVC-0007"", ""SVC-0008"", ""SVC-0009"", ""SVC-0010"", ""SVC-0011"", ""SVC-0013"", ""SVC-0014""]",,cause:15:25,background:EP-000332,SYNTHETIC
EP-000333,INC-000333,EXTERNAL_VENDOR_OUTAGE,VENDOR-0002,KE-0016,WAIT_AND_FAILOVER,"[""COMP-0002"", ""COMP-0020"", ""SVC-0002"", ""SVC-0004"", ""SVC-0005"", ""SVC-0007"", ""SVC-0009"", ""SVC-0010"", ""SVC-0013"", ""SVC-0014"", ""SVC-0018"", ""TEAM-0001""]",,cause:15:26,background:EP-000333,SYNTHETIC
EP-000334,INC-000334,EXTERNAL_VENDOR_OUTAGE,VENDOR-0001,KE-0016,WAIT_AND_FAILOVER,"[""COMP-0001"", ""COMP-0019"", ""SVC-0001"", ""SVC-0003"", ""SVC-0005"", ""SVC-0008"", ""SVC-0009"", ""SVC-0013"", ""SVC-0014"", ""SVC-0017"", ""SVC-0018"", ""TEAM-0003""]",,cause:15:27,background:EP-000334,SYNTHETIC
EP-000335,INC-000335,EXTERNAL_VENDOR_OUTAGE,VENDOR-0004,KE-0016,WAIT_AND_FAILOVER,"[""SVC-0002"", ""SVC-0004"", ""SVC-0005"", ""SVC-0007"", ""SVC-0008"", ""SVC-0009"", ""SVC-0011"", ""SVC-0012"", ""SVC-0013"", ""SVC-0014"", ""SVC-0015"", ""SVC-0017""]",,cause:15:28,background:EP-000335,SYNTHETIC
EP-000336,INC-000336,EXTERNAL_VENDOR_OUTAGE,VENDOR-0003,KE-0016,WAIT_AND_FAILOVER,"[""SVC-0001"", ""SVC-0002"", ""SVC-0003"", ""SVC-0004"", ""SVC-0005"", ""SVC-0007"", ""SVC-0008"", ""SVC-0009"", ""SVC-0010"", ""SVC-0011"", ""SVC-0013"", ""SVC-0014""]",,cause:15:29,background:EP-000336,SYNTHETIC
EP-000337,INC-000337,EXTERNAL_VENDOR_OUTAGE,VENDOR-0002,KE-0016,WAIT_AND_FAILOVER,"[""COMP-0002"", ""COMP-0020"", ""SVC-0002"", ""SVC-0004"", ""SVC-0005"", ""SVC-0007"", ""SVC-0009"", ""SVC-0010"", ""SVC-0013"", ""SVC-0014"", ""SVC-0018"", ""TEAM-0001""]",CHG-000337,cause:15:30,background:EP-000337,SYNTHETIC
EP-000338,INC-000338,EXTERNAL_VENDOR_OUTAGE,VENDOR-0001,KE-0016,WAIT_AND_FAILOVER,"[""COMP-0001"", ""COMP-0019"", ""SVC-0001"", ""SVC-0003"", ""SVC-0005"", ""SVC-0008"", ""SVC-0009"", ""SVC-0013"", ""SVC-0014"", ""SVC-0017"", ""SVC-0018"", ""TEAM-0003""]",,cause:15:31,background:EP-000338,SYNTHETIC
EP-000339,INC-000339,EXTERNAL_VENDOR_OUTAGE,VENDOR-0004,KE-0016,WAIT_AND_FAILOVER,"[""SVC-0002"", ""SVC-0004"", ""SVC-0005"", ""SVC-0007"", ""SVC-0008"", ""SVC-0009"", ""SVC-0011"", ""SVC-0012"", ""SVC-0013"", ""SVC-0014"", ""SVC-0015"", ""SVC-0017""]",,cause:15:32,background:EP-000339,SYNTHETIC
EP-000340,INC-000340,EXTERNAL_VENDOR_OUTAGE,VENDOR-0003,KE-0016,WAIT_AND_FAILOVER,"[""SVC-0001"", ""SVC-0002"", ""SVC-0003"", ""SVC-0004"", ""SVC-0005"", ""SVC-0007"", ""SVC-0008"", ""SVC-0009"", ""SVC-0010"", ""SVC-0011"", ""SVC-0013"", ""SVC-0014""]",,cause:15:33,background:EP-000340,SYNTHETIC
EP-000341,INC-000341,EXTERNAL_VENDOR_OUTAGE,VENDOR-0002,KE-0016,WAIT_AND_FAILOVER,"[""COMP-0002"", ""COMP-0020"", ""SVC-0002"", ""SVC-0004"", ""SVC-0005"", ""SVC-0007"", ""SVC-0009"", ""SVC-0010"", ""SVC-0013"", ""SVC-0014"", ""SVC-0018"", ""TEAM-0001""]",,cause:15:34,background:EP-000341,SYNTHETIC
EP-000342,INC-000342,EXTERNAL_VENDOR_OUTAGE,VENDOR-0001,KE-0016,WAIT_AND_FAILOVER,"[""COMP-0001"", ""COMP-0019"", ""SVC-0001"", ""SVC-0003"", ""SVC-0005"", ""SVC-0008"", ""SVC-0009"", ""SVC-0013"", ""SVC-0014"", ""SVC-0017"", ""SVC-0018"", ""TEAM-0003""]",CHG-000342,cause:15:35,background:EP-000342,SYNTHETIC
EP-000343,INC-000343,EXTERNAL_VENDOR_OUTAGE,VENDOR-0004,KE-0016,WAIT_AND_FAILOVER,"[""SVC-0002"", ""SVC-0004"", ""SVC-0005"", ""SVC-0007"", ""SVC-0008"", ""SVC-0009"", ""SVC-0011"", ""SVC-0012"", ""SVC-0013"", ""SVC-0014"", ""SVC-0015"", ""SVC-0017""]",,cause:15:36,background:EP-000343,SYNTHETIC
EP-000344,INC-000344,EXTERNAL_VENDOR_OUTAGE,VENDOR-0003,KE-0016,WAIT_AND_FAILOVER,"[""SVC-0001"", ""SVC-0002"", ""SVC-0003"", ""SVC-0004"", ""SVC-0005"", ""SVC-0007"", ""SVC-0008"", ""SVC-0009"", ""SVC-0010"", ""SVC-0011"", ""SVC-0013"", ""SVC-0014""]",,cause:15:37,background:EP-000344,SYNTHETIC
EP-000345,INC-000345,EXTERNAL_VENDOR_OUTAGE,VENDOR-0002,KE-0016,WAIT_AND_FAILOVER,"[""COMP-0002"", ""COMP-0020"", ""SVC-0002"", ""SVC-0004"", ""SVC-0005"", ""SVC-0007"", ""SVC-0009"", ""SVC-0010"", ""SVC-0013"", ""SVC-0014"", ""SVC-0018"", ""TEAM-0001""]",CHG-000345,cause:15:38,background:EP-000345,SYNTHETIC
EP-000346,INC-000346,EXTERNAL_VENDOR_OUTAGE,VENDOR-0001,KE-0016,WAIT_AND_FAILOVER,"[""COMP-0001"", ""COMP-0019"", ""SVC-0001"", ""SVC-0003"", ""SVC-0005"", ""SVC-0008"", ""SVC-0009"", ""SVC-0013"", ""SVC-0014"", ""SVC-0017"", ""SVC-0018"", ""TEAM-0003""]",,cause:15:39,background:EP-000346,SYNTHETIC
EP-000347,INC-000347,EXTERNAL_VENDOR_OUTAGE,VENDOR-0004,KE-0016,WAIT_AND_FAILOVER,"[""SVC-0002"", ""SVC-0004"", ""SVC-0005"", ""SVC-0007"", ""SVC-0008"", ""SVC-0009"", ""SVC-0011"", ""SVC-0012"", ""SVC-0013"", ""SVC-0014"", ""SVC-0015"", ""SVC-0017""]",CHG-000347,cause:15:40,background:EP-000347,SYNTHETIC
EP-000348,INC-000348,EXTERNAL_VENDOR_OUTAGE,VENDOR-0003,KE-0016,WAIT_AND_FAILOVER,"[""SVC-0001"", ""SVC-0002"", ""SVC-0003"", ""SVC-0004"", ""SVC-0005"", ""SVC-0007"", ""SVC-0008"", ""SVC-0009"", ""SVC-0010"", ""SVC-0011"", ""SVC-0013"", ""SVC-0014""]",,cause:15:41,background:EP-000348,SYNTHETIC
EP-000349,INC-000349,EXTERNAL_VENDOR_OUTAGE,VENDOR-0002,KE-0016,WAIT_AND_FAILOVER,"[""COMP-0002"", ""COMP-0020"", ""SVC-0002"", ""SVC-0004"", ""SVC-0005"", ""SVC-0007"", ""SVC-0009"", ""SVC-0010"", ""SVC-0013"", ""SVC-0014"", ""SVC-0018"", ""TEAM-0001""]",,cause:15:42,background:EP-000349,SYNTHETIC
EP-000350,INC-000350,EXTERNAL_VENDOR_OUTAGE,VENDOR-0001,KE-0016,WAIT_AND_FAILOVER,"[""COMP-0001"", ""COMP-0019"", ""SVC-0001"", ""SVC-0003"", ""SVC-0005"", ""SVC-0008"", ""SVC-0009"", ""SVC-0013"", ""SVC-0014"", ""SVC-0017"", ""SVC-0018"", ""TEAM-0003""]",,cause:15:43,background:EP-000350,SYNTHETIC
EP-000351,INC-000351,EXTERNAL_VENDOR_OUTAGE,VENDOR-0004,KE-0016,WAIT_AND_FAILOVER,"[""SVC-0002"", ""SVC-0004"", ""SVC-0005"", ""SVC-0007"", ""SVC-0008"", ""SVC-0009"", ""SVC-0011"", ""SVC-0012"", ""SVC-0013"", ""SVC-0014"", ""SVC-0015"", ""SVC-0017""]",CHG-000351,cause:15:44,background:EP-000351,SYNTHETIC
EP-000352,INC-000352,EXTERNAL_VENDOR_OUTAGE,VENDOR-0003,KE-0016,WAIT_AND_FAILOVER,"[""SVC-0001"", ""SVC-0002"", ""SVC-0003"", ""SVC-0004"", ""SVC-0005"", ""SVC-0007"", ""SVC-0008"", ""SVC-0009"", ""SVC-0010"", ""SVC-0011"", ""SVC-0013"", ""SVC-0014""]",,cause:15:45,background:EP-000352,SYNTHETIC
EP-000353,INC-000353,EXTERNAL_VENDOR_OUTAGE,VENDOR-0002,KE-0016,WAIT_AND_FAILOVER,"[""COMP-0002"", ""COMP-0020"", ""SVC-0002"", ""SVC-0004"", ""SVC-0005"", ""SVC-0007"", ""SVC-0009"", ""SVC-0010"", ""SVC-0013"", ""SVC-0014"", ""SVC-0018"", ""TEAM-0001""]",,cause:15:46,background:EP-000353,SYNTHETIC
EP-000354,INC-000354,EXTERNAL_VENDOR_OUTAGE,VENDOR-0001,KE-0016,WAIT_AND_FAILOVER,"[""COMP-0001"", ""COMP-0019"", ""SVC-0001"", ""SVC-0003"", ""SVC-0005"", ""SVC-0008"", ""SVC-0009"", ""SVC-0013"", ""SVC-0014"", ""SVC-0017"", ""SVC-0018"", ""TEAM-0003""]",,cause:15:47,background:EP-000354,SYNTHETIC
EP-000355,INC-000355,EXTERNAL_VENDOR_OUTAGE,VENDOR-0004,KE-0016,WAIT_AND_FAILOVER,"[""SVC-0002"", ""SVC-0004"", ""SVC-0005"", ""SVC-0007"", ""SVC-0008"", ""SVC-0009"", ""SVC-0011"", ""SVC-0012"", ""SVC-0013"", ""SVC-0014"", ""SVC-0015"", ""SVC-0017""]",,cause:15:48,background:EP-000355,SYNTHETIC
EP-000356,INC-000356,EXTERNAL_VENDOR_OUTAGE,VENDOR-0003,KE-0016,WAIT_AND_FAILOVER,"[""SVC-0001"", ""SVC-0002"", ""SVC-0003"", ""SVC-0004"", ""SVC-0005"", ""SVC-0007"", ""SVC-0008"", ""SVC-0009"", ""SVC-0010"", ""SVC-0011"", ""SVC-0013"", ""SVC-0014""]",,cause:15:49,background:EP-000356,SYNTHETIC
EP-000357,INC-000357,EXTERNAL_VENDOR_OUTAGE,VENDOR-0002,KE-0016,WAIT_AND_FAILOVER,"[""COMP-0002"", ""COMP-0020"", ""SVC-0002"", ""SVC-0004"", ""SVC-0005"", ""SVC-0007"", ""SVC-0009"", ""SVC-0010"", ""SVC-0013"", ""SVC-0014"", ""SVC-0018"", ""TEAM-0001""]",,cause:15:50,background:EP-000357,SYNTHETIC
EP-000358,INC-000358,EXTERNAL_VENDOR_OUTAGE,VENDOR-0001,KE-0016,WAIT_AND_FAILOVER,"[""COMP-0001"", ""COMP-0019"", ""SVC-0001"", ""SVC-0003"", ""SVC-0005"", ""SVC-0008"", ""SVC-0009"", ""SVC-0013"", ""SVC-0014"", ""SVC-0017"", ""SVC-0018"", ""TEAM-0003""]",,cause:15:51,background:EP-000358,SYNTHETIC
EP-000359,INC-000359,EXTERNAL_VENDOR_OUTAGE,VENDOR-0004,KE-0016,WAIT_AND_FAILOVER,"[""SVC-0002"", ""SVC-0004"", ""SVC-0005"", ""SVC-0007"", ""SVC-0008"", ""SVC-0009"", ""SVC-0011"", ""SVC-0012"", ""SVC-0013"", ""SVC-0014"", ""SVC-0015"", ""SVC-0017""]",,cause:15:52,background:EP-000359,SYNTHETIC
EP-000360,INC-000360,EXTERNAL_VENDOR_OUTAGE,VENDOR-0003,KE-0016,WAIT_AND_FAILOVER,"[""SVC-0001"", ""SVC-0002"", ""SVC-0003"", ""SVC-0004"", ""SVC-0005"", ""SVC-0007"", ""SVC-0008"", ""SVC-0009"", ""SVC-0010"", ""SVC-0011"", ""SVC-0013"", ""SVC-0014""]",CHG-000360,cause:15:53,background:EP-000360,SYNTHETIC
EP-000361,INC-000361,EXTERNAL_VENDOR_OUTAGE,VENDOR-0002,KE-0016,WAIT_AND_FAILOVER,"[""COMP-0002"", ""COMP-0020"", ""SVC-0002"", ""SVC-0004"", ""SVC-0005"", ""SVC-0007"", ""SVC-0009"", ""SVC-0010"", ""SVC-0013"", ""SVC-0014"", ""SVC-0018"", ""TEAM-0001""]",,cause:15:54,background:EP-000361,SYNTHETIC
EP-000362,INC-000362,EXTERNAL_VENDOR_OUTAGE,VENDOR-0001,KE-0016,WAIT_AND_FAILOVER,"[""COMP-0001"", ""COMP-0019"", ""SVC-0001"", ""SVC-0003"", ""SVC-0005"", ""SVC-0008"", ""SVC-0009"", ""SVC-0013"", ""SVC-0014"", ""SVC-0017"", ""SVC-0018"", ""TEAM-0003""]",,cause:15:55,background:EP-000362,SYNTHETIC
EP-000363,INC-000363,EXTERNAL_VENDOR_OUTAGE,VENDOR-0004,KE-0016,WAIT_AND_FAILOVER,"[""SVC-0002"", ""SVC-0004"", ""SVC-0005"", ""SVC-0007"", ""SVC-0008"", ""SVC-0009"", ""SVC-0011"", ""SVC-0012"", ""SVC-0013"", ""SVC-0014"", ""SVC-0015"", ""SVC-0017""]",,cause:15:56,background:EP-000363,SYNTHETIC
EP-000364,INC-000364,EXTERNAL_VENDOR_OUTAGE,VENDOR-0003,KE-0016,WAIT_AND_FAILOVER,"[""SVC-0001"", ""SVC-0002"", ""SVC-0003"", ""SVC-0004"", ""SVC-0005"", ""SVC-0007"", ""SVC-0008"", ""SVC-0009"", ""SVC-0010"", ""SVC-0011"", ""SVC-0013"", ""SVC-0014""]",,cause:15:57,background:EP-000364,SYNTHETIC
EP-000365,INC-000365,EXTERNAL_VENDOR_OUTAGE,VENDOR-0002,KE-0016,WAIT_AND_FAILOVER,"[""COMP-0002"", ""COMP-0020"", ""SVC-0002"", ""SVC-0004"", ""SVC-0005"", ""SVC-0007"", ""SVC-0009"", ""SVC-0010"", ""SVC-0013"", ""SVC-0014"", ""SVC-0018"", ""TEAM-0001""]",,cause:15:58,background:EP-000365,SYNTHETIC
EP-000366,INC-000366,EXTERNAL_VENDOR_OUTAGE,VENDOR-0001,KE-0016,WAIT_AND_FAILOVER,"[""COMP-0001"", ""COMP-0019"", ""SVC-0001"", ""SVC-0003"", ""SVC-0005"", ""SVC-0008"", ""SVC-0009"", ""SVC-0013"", ""SVC-0014"", ""SVC-0017"", ""SVC-0018"", ""TEAM-0003""]",,cause:15:59,background:EP-000366,SYNTHETIC
EP-000367,INC-000367,EXTERNAL_VENDOR_OUTAGE,VENDOR-0004,KE-0016,WAIT_AND_FAILOVER,"[""SVC-0002"", ""SVC-0004"", ""SVC-0005"", ""SVC-0007"", ""SVC-0008"", ""SVC-0009"", ""SVC-0011"", ""SVC-0012"", ""SVC-0013"", ""SVC-0014"", ""SVC-0015"", ""SVC-0017""]",CHG-000367,cause:15:60,background:EP-000367,SYNTHETIC
EP-000368,INC-000368,EXTERNAL_VENDOR_OUTAGE,VENDOR-0003,KE-0016,WAIT_AND_FAILOVER,"[""SVC-0001"", ""SVC-0002"", ""SVC-0003"", ""SVC-0004"", ""SVC-0005"", ""SVC-0007"", ""SVC-0008"", ""SVC-0009"", ""SVC-0010"", ""SVC-0011"", ""SVC-0013"", ""SVC-0014""]",,cause:15:61,background:EP-000368,SYNTHETIC
EP-000369,INC-000369,EXTERNAL_VENDOR_OUTAGE,VENDOR-0002,KE-0016,WAIT_AND_FAILOVER,"[""COMP-0002"", ""COMP-0020"", ""SVC-0002"", ""SVC-0004"", ""SVC-0005"", ""SVC-0007"", ""SVC-0009"", ""SVC-0010"", ""SVC-0013"", ""SVC-0014"", ""SVC-0018"", ""TEAM-0001""]",,cause:15:62,background:EP-000369,SYNTHETIC
EP-000370,INC-000370,EXTERNAL_VENDOR_OUTAGE,VENDOR-0001,KE-0016,WAIT_AND_FAILOVER,"[""COMP-0001"", ""COMP-0019"", ""SVC-0001"", ""SVC-0003"", ""SVC-0005"", ""SVC-0008"", ""SVC-0009"", ""SVC-0013"", ""SVC-0014"", ""SVC-0017"", ""SVC-0018"", ""TEAM-0003""]",CHG-000370,cause:15:63,background:EP-000370,SYNTHETIC
EP-000371,INC-000371,EXTERNAL_VENDOR_OUTAGE,VENDOR-0004,KE-0016,WAIT_AND_FAILOVER,"[""SVC-0002"", ""SVC-0004"", ""SVC-0005"", ""SVC-0007"", ""SVC-0008"", ""SVC-0009"", ""SVC-0011"", ""SVC-0012"", ""SVC-0013"", ""SVC-0014"", ""SVC-0015"", ""SVC-0017""]",CHG-000371,cause:15:64,background:EP-000371,SYNTHETIC
EP-000372,INC-000372,EXTERNAL_VENDOR_OUTAGE,VENDOR-0003,KE-0016,WAIT_AND_FAILOVER,"[""SVC-0001"", ""SVC-0002"", ""SVC-0003"", ""SVC-0004"", ""SVC-0005"", ""SVC-0007"", ""SVC-0008"", ""SVC-0009"", ""SVC-0010"", ""SVC-0011"", ""SVC-0013"", ""SVC-0014""]",CHG-000372,cause:15:65,background:EP-000372,SYNTHETIC
EP-000373,INC-000373,EXTERNAL_VENDOR_OUTAGE,VENDOR-0002,KE-0016,WAIT_AND_FAILOVER,"[""COMP-0002"", ""COMP-0020"", ""SVC-0002"", ""SVC-0004"", ""SVC-0005"", ""SVC-0007"", ""SVC-0009"", ""SVC-0010"", ""SVC-0013"", ""SVC-0014"", ""SVC-0018"", ""TEAM-0001""]",,cause:15:66,background:EP-000373,SYNTHETIC
EP-000374,INC-000374,EXTERNAL_VENDOR_OUTAGE,VENDOR-0001,KE-0016,WAIT_AND_FAILOVER,"[""COMP-0001"", ""COMP-0019"", ""SVC-0001"", ""SVC-0003"", ""SVC-0005"", ""SVC-0008"", ""SVC-0009"", ""SVC-0013"", ""SVC-0014"", ""SVC-0017"", ""SVC-0018"", ""TEAM-0003""]",,cause:15:67,background:EP-000374,SYNTHETIC
EP-000375,INC-000375,EXTERNAL_VENDOR_OUTAGE,VENDOR-0004,KE-0016,WAIT_AND_FAILOVER,"[""SVC-0002"", ""SVC-0004"", ""SVC-0005"", ""SVC-0007"", ""SVC-0008"", ""SVC-0009"", ""SVC-0011"", ""SVC-0012"", ""SVC-0013"", ""SVC-0014"", ""SVC-0015"", ""SVC-0017""]",,cause:15:68,background:EP-000375,SYNTHETIC
EP-000376,INC-000376,EXTERNAL_VENDOR_OUTAGE,VENDOR-0003,KE-0016,WAIT_AND_FAILOVER,"[""SVC-0001"", ""SVC-0002"", ""SVC-0003"", ""SVC-0004"", ""SVC-0005"", ""SVC-0007"", ""SVC-0008"", ""SVC-0009"", ""SVC-0010"", ""SVC-0011"", ""SVC-0013"", ""SVC-0014""]",,cause:15:69,background:EP-000376,SYNTHETIC
EP-000377,INC-000377,EXTERNAL_VENDOR_OUTAGE,VENDOR-0002,KE-0016,WAIT_AND_FAILOVER,"[""COMP-0002"", ""COMP-0020"", ""SVC-0002"", ""SVC-0004"", ""SVC-0005"", ""SVC-0007"", ""SVC-0009"", ""SVC-0010"", ""SVC-0013"", ""SVC-0014"", ""SVC-0018"", ""TEAM-0001""]",,cause:15:70,background:EP-000377,SYNTHETIC
EP-000378,INC-000378,EXTERNAL_VENDOR_OUTAGE,VENDOR-0001,KE-0016,WAIT_AND_FAILOVER,"[""COMP-0001"", ""COMP-0019"", ""SVC-0001"", ""SVC-0003"", ""SVC-0005"", ""SVC-0008"", ""SVC-0009"", ""SVC-0013"", ""SVC-0014"", ""SVC-0017"", ""SVC-0018"", ""TEAM-0003""]",,cause:15:71,background:EP-000378,SYNTHETIC
EP-000379,INC-000379,EXTERNAL_VENDOR_OUTAGE,VENDOR-0004,KE-0016,WAIT_AND_FAILOVER,"[""SVC-0002"", ""SVC-0004"", ""SVC-0005"", ""SVC-0007"", ""SVC-0008"", ""SVC-0009"", ""SVC-0011"", ""SVC-0012"", ""SVC-0013"", ""SVC-0014"", ""SVC-0015"", ""SVC-0017""]",,cause:15:72,background:EP-000379,SYNTHETIC
EP-000380,INC-000380,EXTERNAL_VENDOR_OUTAGE,VENDOR-0003,KE-0016,WAIT_AND_FAILOVER,"[""SVC-0001"", ""SVC-0002"", ""SVC-0003"", ""SVC-0004"", ""SVC-0005"", ""SVC-0007"", ""SVC-0008"", ""SVC-0009"", ""SVC-0010"", ""SVC-0011"", ""SVC-0013"", ""SVC-0014""]",,cause:15:73,background:EP-000380,SYNTHETIC
EP-000381,INC-000381,EXTERNAL_VENDOR_OUTAGE,VENDOR-0002,KE-0016,WAIT_AND_FAILOVER,"[""COMP-0002"", ""COMP-0020"", ""SVC-0002"", ""SVC-0004"", ""SVC-0005"", ""SVC-0007"", ""SVC-0009"", ""SVC-0010"", ""SVC-0013"", ""SVC-0014"", ""SVC-0018"", ""TEAM-0001""]",,cause:15:74,background:EP-000381,SYNTHETIC
EP-000382,INC-000382,EXTERNAL_VENDOR_OUTAGE,VENDOR-0001,KE-0016,WAIT_AND_FAILOVER,"[""COMP-0001"", ""COMP-0019"", ""SVC-0001"", ""SVC-0003"", ""SVC-0005"", ""SVC-0008"", ""SVC-0009"", ""SVC-0013"", ""SVC-0014"", ""SVC-0017"", ""SVC-0018"", ""TEAM-0003""]",,cause:15:75,background:EP-000382,SYNTHETIC
EP-000383,INC-000383,EXTERNAL_VENDOR_OUTAGE,VENDOR-0004,KE-0016,WAIT_AND_FAILOVER,"[""SVC-0002"", ""SVC-0004"", ""SVC-0005"", ""SVC-0007"", ""SVC-0008"", ""SVC-0009"", ""SVC-0011"", ""SVC-0012"", ""SVC-0013"", ""SVC-0014"", ""SVC-0015"", ""SVC-0017""]",CHG-000383,cause:15:76,background:EP-000383,SYNTHETIC
EP-000384,INC-000384,EXTERNAL_VENDOR_OUTAGE,VENDOR-0003,KE-0016,WAIT_AND_FAILOVER,"[""SVC-0001"", ""SVC-0002"", ""SVC-0003"", ""SVC-0004"", ""SVC-0005"", ""SVC-0007"", ""SVC-0008"", ""SVC-0009"", ""SVC-0010"", ""SVC-0011"", ""SVC-0013"", ""SVC-0014""]",,cause:15:77,background:EP-000384,SYNTHETIC
EP-000385,INC-000385,EXTERNAL_VENDOR_OUTAGE,VENDOR-0002,KE-0016,WAIT_AND_FAILOVER,"[""COMP-0002"", ""COMP-0020"", ""SVC-0002"", ""SVC-0004"", ""SVC-0005"", ""SVC-0007"", ""SVC-0009"", ""SVC-0010"", ""SVC-0013"", ""SVC-0014"", ""SVC-0018"", ""TEAM-0001""]",,cause:15:78,background:EP-000385,SYNTHETIC
EP-000386,INC-000386,EXTERNAL_VENDOR_OUTAGE,VENDOR-0001,KE-0016,WAIT_AND_FAILOVER,"[""COMP-0001"", ""COMP-0019"", ""SVC-0001"", ""SVC-0003"", ""SVC-0005"", ""SVC-0008"", ""SVC-0009"", ""SVC-0013"", ""SVC-0014"", ""SVC-0017"", ""SVC-0018"", ""TEAM-0003""]",,cause:15:79,background:EP-000386,SYNTHETIC
EP-000387,INC-000387,EXTERNAL_VENDOR_OUTAGE,VENDOR-0004,KE-0016,WAIT_AND_FAILOVER,"[""SVC-0002"", ""SVC-0004"", ""SVC-0005"", ""SVC-0007"", ""SVC-0008"", ""SVC-0009"", ""SVC-0011"", ""SVC-0012"", ""SVC-0013"", ""SVC-0014"", ""SVC-0015"", ""SVC-0017""]",CHG-000387,cause:15:80,background:EP-000387,SYNTHETIC
EP-000388,INC-000388,EXTERNAL_VENDOR_OUTAGE,VENDOR-0003,KE-0016,WAIT_AND_FAILOVER,"[""SVC-0001"", ""SVC-0002"", ""SVC-0003"", ""SVC-0004"", ""SVC-0005"", ""SVC-0007"", ""SVC-0008"", ""SVC-0009"", ""SVC-0010"", ""SVC-0011"", ""SVC-0013"", ""SVC-0014""]",,cause:15:81,background:EP-000388,SYNTHETIC
EP-000389,INC-000389,EXTERNAL_VENDOR_OUTAGE,VENDOR-0002,KE-0016,WAIT_AND_FAILOVER,"[""COMP-0002"", ""COMP-0020"", ""SVC-0002"", ""SVC-0004"", ""SVC-0005"", ""SVC-0007"", ""SVC-0009"", ""SVC-0010"", ""SVC-0013"", ""SVC-0014"", ""SVC-0018"", ""TEAM-0001""]",,cause:15:82,background:EP-000389,SYNTHETIC
EP-000390,INC-000390,EXTERNAL_VENDOR_OUTAGE,VENDOR-0001,KE-0016,WAIT_AND_FAILOVER,"[""COMP-0001"", ""COMP-0019"", ""SVC-0001"", ""SVC-0003"", ""SVC-0005"", ""SVC-0008"", ""SVC-0009"", ""SVC-0013"", ""SVC-0014"", ""SVC-0017"", ""SVC-0018"", ""TEAM-0003""]",,cause:15:83,background:EP-000390,SYNTHETIC
EP-000391,INC-000391,EXTERNAL_VENDOR_OUTAGE,VENDOR-0004,KE-0016,WAIT_AND_FAILOVER,"[""SVC-0002"", ""SVC-0004"", ""SVC-0005"", ""SVC-0007"", ""SVC-0008"", ""SVC-0009"", ""SVC-0011"", ""SVC-0012"", ""SVC-0013"", ""SVC-0014"", ""SVC-0015"", ""SVC-0017""]",CHG-000391,cause:15:84,background:EP-000391,SYNTHETIC
EP-000392,INC-000392,EXTERNAL_VENDOR_OUTAGE,VENDOR-0003,KE-0016,WAIT_AND_FAILOVER,"[""SVC-0001"", ""SVC-0002"", ""SVC-0003"", ""SVC-0004"", ""SVC-0005"", ""SVC-0007"", ""SVC-0008"", ""SVC-0009"", ""SVC-0010"", ""SVC-0011"", ""SVC-0013"", ""SVC-0014""]",,cause:15:85,background:EP-000392,SYNTHETIC
EP-000393,INC-000393,EXTERNAL_VENDOR_OUTAGE,VENDOR-0002,KE-0016,WAIT_AND_FAILOVER,"[""COMP-0002"", ""COMP-0020"", ""SVC-0002"", ""SVC-0004"", ""SVC-0005"", ""SVC-0007"", ""SVC-0009"", ""SVC-0010"", ""SVC-0013"", ""SVC-0014"", ""SVC-0018"", ""TEAM-0001""]",,cause:15:86,background:EP-000393,SYNTHETIC
EP-000394,INC-000394,EXTERNAL_VENDOR_OUTAGE,VENDOR-0001,KE-0016,WAIT_AND_FAILOVER,"[""COMP-0001"", ""COMP-0019"", ""SVC-0001"", ""SVC-0003"", ""SVC-0005"", ""SVC-0008"", ""SVC-0009"", ""SVC-0013"", ""SVC-0014"", ""SVC-0017"", ""SVC-0018"", ""TEAM-0003""]",,cause:15:87,background:EP-000394,SYNTHETIC
EP-000395,INC-000395,EXTERNAL_VENDOR_OUTAGE,VENDOR-0004,KE-0016,WAIT_AND_FAILOVER,"[""SVC-0002"", ""SVC-0004"", ""SVC-0005"", ""SVC-0007"", ""SVC-0008"", ""SVC-0009"", ""SVC-0011"", ""SVC-0012"", ""SVC-0013"", ""SVC-0014"", ""SVC-0015"", ""SVC-0017""]",,cause:15:88,background:EP-000395,SYNTHETIC
EP-000396,INC-000396,EXTERNAL_VENDOR_OUTAGE,VENDOR-0003,KE-0016,WAIT_AND_FAILOVER,"[""SVC-0001"", ""SVC-0002"", ""SVC-0003"", ""SVC-0004"", ""SVC-0005"", ""SVC-0007"", ""SVC-0008"", ""SVC-0009"", ""SVC-0010"", ""SVC-0011"", ""SVC-0013"", ""SVC-0014""]",CHG-000396,cause:15:89,background:EP-000396,SYNTHETIC
EP-000397,INC-000397,EXTERNAL_VENDOR_OUTAGE,VENDOR-0002,KE-0016,WAIT_AND_FAILOVER,"[""COMP-0002"", ""COMP-0020"", ""SVC-0002"", ""SVC-0004"", ""SVC-0005"", ""SVC-0007"", ""SVC-0009"", ""SVC-0010"", ""SVC-0013"", ""SVC-0014"", ""SVC-0018"", ""TEAM-0001""]",,cause:15:90,background:EP-000397,SYNTHETIC
EP-000398,INC-000398,EXTERNAL_VENDOR_OUTAGE,VENDOR-0001,KE-0016,WAIT_AND_FAILOVER,"[""COMP-0001"", ""COMP-0019"", ""SVC-0001"", ""SVC-0003"", ""SVC-0005"", ""SVC-0008"", ""SVC-0009"", ""SVC-0013"", ""SVC-0014"", ""SVC-0017"", ""SVC-0018"", ""TEAM-0003""]",CHG-000398,cause:15:91,background:EP-000398,SYNTHETIC
EP-000399,INC-000399,EXTERNAL_VENDOR_OUTAGE,VENDOR-0004,KE-0016,WAIT_AND_FAILOVER,"[""SVC-0002"", ""SVC-0004"", ""SVC-0005"", ""SVC-0007"", ""SVC-0008"", ""SVC-0009"", ""SVC-0011"", ""SVC-0012"", ""SVC-0013"", ""SVC-0014"", ""SVC-0015"", ""SVC-0017""]",,cause:15:92,background:EP-000399,SYNTHETIC
EP-000400,INC-000400,EXTERNAL_VENDOR_OUTAGE,VENDOR-0003,KE-0016,WAIT_AND_FAILOVER,"[""SVC-0001"", ""SVC-0002"", ""SVC-0003"", ""SVC-0004"", ""SVC-0005"", ""SVC-0007"", ""SVC-0008"", ""SVC-0009"", ""SVC-0010"", ""SVC-0011"", ""SVC-0013"", ""SVC-0014""]",,cause:15:93,background:EP-000400,SYNTHETIC
EP-000401,INC-000401,EXTERNAL_VENDOR_OUTAGE,VENDOR-0002,KE-0016,WAIT_AND_FAILOVER,"[""COMP-0002"", ""COMP-0020"", ""SVC-0002"", ""SVC-0004"", ""SVC-0005"", ""SVC-0007"", ""SVC-0009"", ""SVC-0010"", ""SVC-0013"", ""SVC-0014"", ""SVC-0018"", ""TEAM-0001""]",,cause:15:94,background:EP-000401,SYNTHETIC
EP-000402,INC-000402,EXTERNAL_VENDOR_OUTAGE,VENDOR-0001,KE-0016,WAIT_AND_FAILOVER,"[""COMP-0001"", ""COMP-0019"", ""SVC-0001"", ""SVC-0003"", ""SVC-0005"", ""SVC-0008"", ""SVC-0009"", ""SVC-0013"", ""SVC-0014"", ""SVC-0017"", ""SVC-0018"", ""TEAM-0003""]",CHG-000402,cause:15:95,background:EP-000402,SYNTHETIC
EP-000403,INC-000403,EXTERNAL_VENDOR_OUTAGE,VENDOR-0004,KE-0016,WAIT_AND_FAILOVER,"[""SVC-0002"", ""SVC-0004"", ""SVC-0005"", ""SVC-0007"", ""SVC-0008"", ""SVC-0009"", ""SVC-0011"", ""SVC-0012"", ""SVC-0013"", ""SVC-0014"", ""SVC-0015"", ""SVC-0017""]",,cause:15:96,background:EP-000403,SYNTHETIC
EP-000404,INC-000404,EXTERNAL_VENDOR_OUTAGE,VENDOR-0003,KE-0016,WAIT_AND_FAILOVER,"[""SVC-0001"", ""SVC-0002"", ""SVC-0003"", ""SVC-0004"", ""SVC-0005"", ""SVC-0007"", ""SVC-0008"", ""SVC-0009"", ""SVC-0010"", ""SVC-0011"", ""SVC-0013"", ""SVC-0014""]",,cause:15:97,background:EP-000404,SYNTHETIC
EP-000405,INC-000405,EXTERNAL_VENDOR_OUTAGE,VENDOR-0002,KE-0016,WAIT_AND_FAILOVER,"[""COMP-0002"", ""COMP-0020"", ""SVC-0002"", ""SVC-0004"", ""SVC-0005"", ""SVC-0007"", ""SVC-0009"", ""SVC-0010"", ""SVC-0013"", ""SVC-0014"", ""SVC-0018"", ""TEAM-0001""]",CHG-000405,cause:15:98,background:EP-000405,SYNTHETIC
EP-000406,INC-000406,EXTERNAL_VENDOR_OUTAGE,VENDOR-0001,KE-0016,WAIT_AND_FAILOVER,"[""COMP-0001"", ""COMP-0019"", ""SVC-0001"", ""SVC-0003"", ""SVC-0005"", ""SVC-0008"", ""SVC-0009"", ""SVC-0013"", ""SVC-0014"", ""SVC-0017"", ""SVC-0018"", ""TEAM-0003""]",,cause:15:99,background:EP-000406,SYNTHETIC
EP-000407,INC-000407,EXTERNAL_VENDOR_OUTAGE,VENDOR-0004,KE-0016,WAIT_AND_FAILOVER,"[""SVC-0002"", ""SVC-0004"", ""SVC-0005"", ""SVC-0007"", ""SVC-0008"", ""SVC-0009"", ""SVC-0011"", ""SVC-0012"", ""SVC-0013"", ""SVC-0014"", ""SVC-0015"", ""SVC-0017""]",,cause:15:100,background:EP-000407,SYNTHETIC
EP-000408,INC-000408,EXTERNAL_VENDOR_OUTAGE,VENDOR-0003,KE-0016,WAIT_AND_FAILOVER,"[""SVC-0001"", ""SVC-0002"", ""SVC-0003"", ""SVC-0004"", ""SVC-0005"", ""SVC-0007"", ""SVC-0008"", ""SVC-0009"", ""SVC-0010"", ""SVC-0011"", ""SVC-0013"", ""SVC-0014""]",,cause:15:101,background:EP-000408,SYNTHETIC
EP-000409,INC-000409,EXTERNAL_VENDOR_OUTAGE,VENDOR-0002,KE-0016,WAIT_AND_FAILOVER,"[""COMP-0002"", ""COMP-0020"", ""SVC-0002"", ""SVC-0004"", ""SVC-0005"", ""SVC-0007"", ""SVC-0009"", ""SVC-0010"", ""SVC-0013"", ""SVC-0014"", ""SVC-0018"", ""TEAM-0001""]",,cause:15:102,background:EP-000409,SYNTHETIC
EP-000410,INC-000410,EXTERNAL_VENDOR_OUTAGE,VENDOR-0001,KE-0016,WAIT_AND_FAILOVER,"[""COMP-0001"", ""COMP-0019"", ""SVC-0001"", ""SVC-0003"", ""SVC-0005"", ""SVC-0008"", ""SVC-0009"", ""SVC-0013"", ""SVC-0014"", ""SVC-0017"", ""SVC-0018"", ""TEAM-0003""]",,cause:15:103,background:EP-000410,SYNTHETIC
EP-000411,INC-000411,EXTERNAL_VENDOR_OUTAGE,VENDOR-0004,KE-0016,WAIT_AND_FAILOVER,"[""SVC-0002"", ""SVC-0004"", ""SVC-0005"", ""SVC-0007"", ""SVC-0008"", ""SVC-0009"", ""SVC-0011"", ""SVC-0012"", ""SVC-0013"", ""SVC-0014"", ""SVC-0015"", ""SVC-0017""]",,cause:15:104,background:EP-000411,SYNTHETIC
EP-000412,INC-000412,EXTERNAL_VENDOR_OUTAGE,VENDOR-0003,KE-0016,WAIT_AND_FAILOVER,"[""SVC-0001"", ""SVC-0002"", ""SVC-0003"", ""SVC-0004"", ""SVC-0005"", ""SVC-0007"", ""SVC-0008"", ""SVC-0009"", ""SVC-0010"", ""SVC-0011"", ""SVC-0013"", ""SVC-0014""]",,cause:15:105,background:EP-000412,SYNTHETIC
EP-000413,INC-000413,EXTERNAL_VENDOR_OUTAGE,VENDOR-0002,KE-0016,WAIT_AND_FAILOVER,"[""COMP-0002"", ""COMP-0020"", ""SVC-0002"", ""SVC-0004"", ""SVC-0005"", ""SVC-0007"", ""SVC-0009"", ""SVC-0010"", ""SVC-0013"", ""SVC-0014"", ""SVC-0018"", ""TEAM-0001""]",,cause:15:106,background:EP-000413,SYNTHETIC
EP-000414,INC-000414,EXTERNAL_VENDOR_OUTAGE,VENDOR-0001,KE-0016,WAIT_AND_FAILOVER,"[""COMP-0001"", ""COMP-0019"", ""SVC-0001"", ""SVC-0003"", ""SVC-0005"", ""SVC-0008"", ""SVC-0009"", ""SVC-0013"", ""SVC-0014"", ""SVC-0017"", ""SVC-0018"", ""TEAM-0003""]",,cause:15:107,background:EP-000414,SYNTHETIC
EP-000415,INC-000415,EXTERNAL_VENDOR_OUTAGE,VENDOR-0004,KE-0016,WAIT_AND_FAILOVER,"[""SVC-0002"", ""SVC-0004"", ""SVC-0005"", ""SVC-0007"", ""SVC-0008"", ""SVC-0009"", ""SVC-0011"", ""SVC-0012"", ""SVC-0013"", ""SVC-0014"", ""SVC-0015"", ""SVC-0017""]",,cause:15:108,background:EP-000415,SYNTHETIC
EP-000416,INC-000416,EXTERNAL_VENDOR_OUTAGE,VENDOR-0003,KE-0016,WAIT_AND_FAILOVER,"[""SVC-0001"", ""SVC-0002"", ""SVC-0003"", ""SVC-0004"", ""SVC-0005"", ""SVC-0007"", ""SVC-0008"", ""SVC-0009"", ""SVC-0010"", ""SVC-0011"", ""SVC-0013"", ""SVC-0014""]",CHG-000416,cause:15:109,background:EP-000416,SYNTHETIC
EP-000417,INC-000417,EXTERNAL_VENDOR_OUTAGE,VENDOR-0002,KE-0016,WAIT_AND_FAILOVER,"[""COMP-0002"", ""COMP-0020"", ""SVC-0002"", ""SVC-0004"", ""SVC-0005"", ""SVC-0007"", ""SVC-0009"", ""SVC-0010"", ""SVC-0013"", ""SVC-0014"", ""SVC-0018"", ""TEAM-0001""]",,cause:15:110,background:EP-000417,SYNTHETIC
EP-000418,INC-000418,EXTERNAL_VENDOR_OUTAGE,VENDOR-0001,KE-0016,WAIT_AND_FAILOVER,"[""COMP-0001"", ""COMP-0019"", ""SVC-0001"", ""SVC-0003"", ""SVC-0005"", ""SVC-0008"", ""SVC-0009"", ""SVC-0013"", ""SVC-0014"", ""SVC-0017"", ""SVC-0018"", ""TEAM-0003""]",CHG-000418,cause:15:111,background:EP-000418,SYNTHETIC
EP-000419,INC-000419,EXTERNAL_VENDOR_OUTAGE,VENDOR-0004,KE-0016,WAIT_AND_FAILOVER,"[""SVC-0002"", ""SVC-0004"", ""SVC-0005"", ""SVC-0007"", ""SVC-0008"", ""SVC-0009"", ""SVC-0011"", ""SVC-0012"", ""SVC-0013"", ""SVC-0014"", ""SVC-0015"", ""SVC-0017""]",,cause:15:112,background:EP-000419,SYNTHETIC
EP-000420,INC-000420,EXTERNAL_VENDOR_OUTAGE,VENDOR-0003,KE-0016,WAIT_AND_FAILOVER,"[""SVC-0001"", ""SVC-0002"", ""SVC-0003"", ""SVC-0004"", ""SVC-0005"", ""SVC-0007"", ""SVC-0008"", ""SVC-0009"", ""SVC-0010"", ""SVC-0011"", ""SVC-0013"", ""SVC-0014""]",,cause:15:113,background:EP-000420,SYNTHETIC
EP-000421,INC-000421,EXTERNAL_VENDOR_OUTAGE,VENDOR-0002,KE-0016,WAIT_AND_FAILOVER,"[""COMP-0002"", ""COMP-0020"", ""SVC-0002"", ""SVC-0004"", ""SVC-0005"", ""SVC-0007"", ""SVC-0009"", ""SVC-0010"", ""SVC-0013"", ""SVC-0014"", ""SVC-0018"", ""TEAM-0001""]",CHG-000421,cause:15:114,background:EP-000421,SYNTHETIC
EP-000422,INC-000422,EXTERNAL_VENDOR_OUTAGE,VENDOR-0001,KE-0016,WAIT_AND_FAILOVER,"[""COMP-0001"", ""COMP-0019"", ""SVC-0001"", ""SVC-0003"", ""SVC-0005"", ""SVC-0008"", ""SVC-0009"", ""SVC-0013"", ""SVC-0014"", ""SVC-0017"", ""SVC-0018"", ""TEAM-0003""]",,cause:15:115,background:EP-000422,SYNTHETIC
EP-000423,INC-000423,EXTERNAL_VENDOR_OUTAGE,VENDOR-0004,KE-0016,WAIT_AND_FAILOVER,"[""SVC-0002"", ""SVC-0004"", ""SVC-0005"", ""SVC-0007"", ""SVC-0008"", ""SVC-0009"", ""SVC-0011"", ""SVC-0012"", ""SVC-0013"", ""SVC-0014"", ""SVC-0015"", ""SVC-0017""]",,cause:15:116,background:EP-000423,SYNTHETIC
EP-000424,INC-000424,EXTERNAL_VENDOR_OUTAGE,VENDOR-0003,KE-0016,WAIT_AND_FAILOVER,"[""SVC-0001"", ""SVC-0002"", ""SVC-0003"", ""SVC-0004"", ""SVC-0005"", ""SVC-0007"", ""SVC-0008"", ""SVC-0009"", ""SVC-0010"", ""SVC-0011"", ""SVC-0013"", ""SVC-0014""]",CHG-000424,cause:15:117,background:EP-000424,SYNTHETIC
EP-000425,INC-000425,EXTERNAL_VENDOR_OUTAGE,VENDOR-0002,KE-0016,WAIT_AND_FAILOVER,"[""COMP-0002"", ""COMP-0020"", ""SVC-0002"", ""SVC-0004"", ""SVC-0005"", ""SVC-0007"", ""SVC-0009"", ""SVC-0010"", ""SVC-0013"", ""SVC-0014"", ""SVC-0018"", ""TEAM-0001""]",CHG-000425,cause:15:118,background:EP-000425,SYNTHETIC
EP-000426,INC-000426,EXTERNAL_VENDOR_OUTAGE,VENDOR-0001,KE-0016,WAIT_AND_FAILOVER,"[""COMP-0001"", ""COMP-0019"", ""SVC-0001"", ""SVC-0003"", ""SVC-0005"", ""SVC-0008"", ""SVC-0009"", ""SVC-0013"", ""SVC-0014"", ""SVC-0017"", ""SVC-0018"", ""TEAM-0003""]",,cause:15:119,background:EP-000426,SYNTHETIC
EP-000427,INC-000427,EXTERNAL_VENDOR_OUTAGE,VENDOR-0004,KE-0016,WAIT_AND_FAILOVER,"[""SVC-0002"", ""SVC-0004"", ""SVC-0005"", ""SVC-0007"", ""SVC-0008"", ""SVC-0009"", ""SVC-0011"", ""SVC-0012"", ""SVC-0013"", ""SVC-0014"", ""SVC-0015"", ""SVC-0017""]",,cause:15:120,background:EP-000427,SYNTHETIC
EP-000428,INC-000428,EXTERNAL_VENDOR_OUTAGE,VENDOR-0003,KE-0016,WAIT_AND_FAILOVER,"[""SVC-0001"", ""SVC-0002"", ""SVC-0003"", ""SVC-0004"", ""SVC-0005"", ""SVC-0007"", ""SVC-0008"", ""SVC-0009"", ""SVC-0010"", ""SVC-0011"", ""SVC-0013"", ""SVC-0014""]",,cause:15:121,background:EP-000428,SYNTHETIC
EP-000429,INC-000429,EXTERNAL_VENDOR_OUTAGE,VENDOR-0002,KE-0016,WAIT_AND_FAILOVER,"[""COMP-0002"", ""COMP-0020"", ""SVC-0002"", ""SVC-0004"", ""SVC-0005"", ""SVC-0007"", ""SVC-0009"", ""SVC-0010"", ""SVC-0013"", ""SVC-0014"", ""SVC-0018"", ""TEAM-0001""]",,cause:15:122,background:EP-000429,SYNTHETIC
EP-000430,INC-000430,EXTERNAL_VENDOR_OUTAGE,VENDOR-0001,KE-0016,WAIT_AND_FAILOVER,"[""COMP-0001"", ""COMP-0019"", ""SVC-0001"", ""SVC-0003"", ""SVC-0005"", ""SVC-0008"", ""SVC-0009"", ""SVC-0013"", ""SVC-0014"", ""SVC-0017"", ""SVC-0018"", ""TEAM-0003""]",CHG-000430,cause:15:123,background:EP-000430,SYNTHETIC
EP-000431,INC-000431,EXTERNAL_VENDOR_OUTAGE,VENDOR-0004,KE-0016,WAIT_AND_FAILOVER,"[""SVC-0002"", ""SVC-0004"", ""SVC-0005"", ""SVC-0007"", ""SVC-0008"", ""SVC-0009"", ""SVC-0011"", ""SVC-0012"", ""SVC-0013"", ""SVC-0014"", ""SVC-0015"", ""SVC-0017""]",,cause:15:124,background:EP-000431,SYNTHETIC
EP-000432,INC-000432,EXTERNAL_VENDOR_OUTAGE,VENDOR-0003,KE-0016,WAIT_AND_FAILOVER,"[""SVC-0001"", ""SVC-0002"", ""SVC-0003"", ""SVC-0004"", ""SVC-0005"", ""SVC-0007"", ""SVC-0008"", ""SVC-0009"", ""SVC-0010"", ""SVC-0011"", ""SVC-0013"", ""SVC-0014""]",,cause:15:125,background:EP-000432,SYNTHETIC
EP-000433,INC-000433,EXTERNAL_VENDOR_OUTAGE,VENDOR-0002,KE-0016,WAIT_AND_FAILOVER,"[""COMP-0002"", ""COMP-0020"", ""SVC-0002"", ""SVC-0004"", ""SVC-0005"", ""SVC-0007"", ""SVC-0009"", ""SVC-0010"", ""SVC-0013"", ""SVC-0014"", ""SVC-0018"", ""TEAM-0001""]",CHG-000433,cause:15:126,background:EP-000433,SYNTHETIC
EP-000434,INC-000434,EXTERNAL_VENDOR_OUTAGE,VENDOR-0001,KE-0016,WAIT_AND_FAILOVER,"[""COMP-0001"", ""COMP-0019"", ""SVC-0001"", ""SVC-0003"", ""SVC-0005"", ""SVC-0008"", ""SVC-0009"", ""SVC-0013"", ""SVC-0014"", ""SVC-0017"", ""SVC-0018"", ""TEAM-0003""]",,cause:15:127,background:EP-000434,SYNTHETIC
EP-000435,INC-000435,EXTERNAL_VENDOR_OUTAGE,VENDOR-0004,KE-0016,WAIT_AND_FAILOVER,"[""SVC-0002"", ""SVC-0004"", ""SVC-0005"", ""SVC-0007"", ""SVC-0008"", ""SVC-0009"", ""SVC-0011"", ""SVC-0012"", ""SVC-0013"", ""SVC-0014"", ""SVC-0015"", ""SVC-0017""]",,cause:15:128,background:EP-000435,SYNTHETIC
EP-000436,INC-000436,EXTERNAL_VENDOR_OUTAGE,VENDOR-0003,KE-0016,WAIT_AND_FAILOVER,"[""SVC-0001"", ""SVC-0002"", ""SVC-0003"", ""SVC-0004"", ""SVC-0005"", ""SVC-0007"", ""SVC-0008"", ""SVC-0009"", ""SVC-0010"", ""SVC-0011"", ""SVC-0013"", ""SVC-0014""]",,cause:15:129,background:EP-000436,SYNTHETIC
EP-000437,INC-000437,EXTERNAL_VENDOR_OUTAGE,VENDOR-0002,KE-0016,WAIT_AND_FAILOVER,"[""COMP-0002"", ""COMP-0020"", ""SVC-0002"", ""SVC-0004"", ""SVC-0005"", ""SVC-0007"", ""SVC-0009"", ""SVC-0010"", ""SVC-0013"", ""SVC-0014"", ""SVC-0018"", ""TEAM-0001""]",CHG-000437,cause:15:130,background:EP-000437,SYNTHETIC
EP-000438,INC-000438,EXTERNAL_VENDOR_OUTAGE,VENDOR-0001,KE-0016,WAIT_AND_FAILOVER,"[""COMP-0001"", ""COMP-0019"", ""SVC-0001"", ""SVC-0003"", ""SVC-0005"", ""SVC-0008"", ""SVC-0009"", ""SVC-0013"", ""SVC-0014"", ""SVC-0017"", ""SVC-0018"", ""TEAM-0003""]",,cause:15:131,background:EP-000438,SYNTHETIC
EP-000439,INC-000439,EXTERNAL_VENDOR_OUTAGE,VENDOR-0004,KE-0016,WAIT_AND_FAILOVER,"[""SVC-0002"", ""SVC-0004"", ""SVC-0005"", ""SVC-0007"", ""SVC-0008"", ""SVC-0009"", ""SVC-0011"", ""SVC-0012"", ""SVC-0013"", ""SVC-0014"", ""SVC-0015"", ""SVC-0017""]",,cause:15:132,background:EP-000439,SYNTHETIC
EP-000440,INC-000440,EXTERNAL_VENDOR_OUTAGE,VENDOR-0003,KE-0016,WAIT_AND_FAILOVER,"[""SVC-0001"", ""SVC-0002"", ""SVC-0003"", ""SVC-0004"", ""SVC-0005"", ""SVC-0007"", ""SVC-0008"", ""SVC-0009"", ""SVC-0010"", ""SVC-0011"", ""SVC-0013"", ""SVC-0014""]",,cause:15:133,background:EP-000440,SYNTHETIC
EP-000441,INC-000441,EXTERNAL_VENDOR_OUTAGE,VENDOR-0002,KE-0016,WAIT_AND_FAILOVER,"[""COMP-0002"", ""COMP-0020"", ""SVC-0002"", ""SVC-0004"", ""SVC-0005"", ""SVC-0007"", ""SVC-0009"", ""SVC-0010"", ""SVC-0013"", ""SVC-0014"", ""SVC-0018"", ""TEAM-0001""]",CHG-000441,cause:15:134,background:EP-000441,SYNTHETIC
EP-000442,INC-000442,EXTERNAL_VENDOR_OUTAGE,VENDOR-0001,KE-0016,WAIT_AND_FAILOVER,"[""COMP-0001"", ""COMP-0019"", ""SVC-0001"", ""SVC-0003"", ""SVC-0005"", ""SVC-0008"", ""SVC-0009"", ""SVC-0013"", ""SVC-0014"", ""SVC-0017"", ""SVC-0018"", ""TEAM-0003""]",,cause:15:135,background:EP-000442,SYNTHETIC
EP-000443,INC-000443,EXTERNAL_VENDOR_OUTAGE,VENDOR-0004,KE-0016,WAIT_AND_FAILOVER,"[""SVC-0002"", ""SVC-0004"", ""SVC-0005"", ""SVC-0007"", ""SVC-0008"", ""SVC-0009"", ""SVC-0011"", ""SVC-0012"", ""SVC-0013"", ""SVC-0014"", ""SVC-0015"", ""SVC-0017""]",CHG-000443,cause:15:136,background:EP-000443,SYNTHETIC
EP-000444,INC-000444,EXTERNAL_VENDOR_OUTAGE,VENDOR-0003,KE-0016,WAIT_AND_FAILOVER,"[""SVC-0001"", ""SVC-0002"", ""SVC-0003"", ""SVC-0004"", ""SVC-0005"", ""SVC-0007"", ""SVC-0008"", ""SVC-0009"", ""SVC-0010"", ""SVC-0011"", ""SVC-0013"", ""SVC-0014""]",,cause:15:137,background:EP-000444,SYNTHETIC
EP-000445,INC-000445,EXTERNAL_VENDOR_OUTAGE,VENDOR-0002,KE-0016,WAIT_AND_FAILOVER,"[""COMP-0002"", ""COMP-0020"", ""SVC-0002"", ""SVC-0004"", ""SVC-0005"", ""SVC-0007"", ""SVC-0009"", ""SVC-0010"", ""SVC-0013"", ""SVC-0014"", ""SVC-0018"", ""TEAM-0001""]",,cause:15:138,background:EP-000445,SYNTHETIC
EP-000446,INC-000446,EXTERNAL_VENDOR_OUTAGE,VENDOR-0001,KE-0016,WAIT_AND_FAILOVER,"[""COMP-0001"", ""COMP-0019"", ""SVC-0001"", ""SVC-0003"", ""SVC-0005"", ""SVC-0008"", ""SVC-0009"", ""SVC-0013"", ""SVC-0014"", ""SVC-0017"", ""SVC-0018"", ""TEAM-0003""]",,cause:15:139,background:EP-000446,SYNTHETIC
EP-000447,INC-000447,EXTERNAL_VENDOR_OUTAGE,VENDOR-0004,KE-0016,WAIT_AND_FAILOVER,"[""SVC-0002"", ""SVC-0004"", ""SVC-0005"", ""SVC-0007"", ""SVC-0008"", ""SVC-0009"", ""SVC-0011"", ""SVC-0012"", ""SVC-0013"", ""SVC-0014"", ""SVC-0015"", ""SVC-0017""]",,cause:15:140,background:EP-000447,SYNTHETIC
EP-000448,INC-000448,EXTERNAL_VENDOR_OUTAGE,VENDOR-0003,KE-0016,WAIT_AND_FAILOVER,"[""SVC-0001"", ""SVC-0002"", ""SVC-0003"", ""SVC-0004"", ""SVC-0005"", ""SVC-0007"", ""SVC-0008"", ""SVC-0009"", ""SVC-0010"", ""SVC-0011"", ""SVC-0013"", ""SVC-0014""]",,cause:15:141,background:EP-000448,SYNTHETIC
EP-000449,INC-000449,EXTERNAL_VENDOR_OUTAGE,VENDOR-0002,KE-0016,WAIT_AND_FAILOVER,"[""COMP-0002"", ""COMP-0020"", ""SVC-0002"", ""SVC-0004"", ""SVC-0005"", ""SVC-0007"", ""SVC-0009"", ""SVC-0010"", ""SVC-0013"", ""SVC-0014"", ""SVC-0018"", ""TEAM-0001""]",,cause:15:142,background:EP-000449,SYNTHETIC
EP-000450,INC-000450,EXTERNAL_VENDOR_OUTAGE,VENDOR-0001,KE-0016,WAIT_AND_FAILOVER,"[""COMP-0001"", ""COMP-0019"", ""SVC-0001"", ""SVC-0003"", ""SVC-0005"", ""SVC-0008"", ""SVC-0009"", ""SVC-0013"", ""SVC-0014"", ""SVC-0017"", ""SVC-0018"", ""TEAM-0003""]",,cause:15:143,background:EP-000450,SYNTHETIC
EP-000451,INC-000451,EXTERNAL_VENDOR_OUTAGE,VENDOR-0004,KE-0016,WAIT_AND_FAILOVER,"[""SVC-0002"", ""SVC-0004"", ""SVC-0005"", ""SVC-0007"", ""SVC-0008"", ""SVC-0009"", ""SVC-0011"", ""SVC-0012"", ""SVC-0013"", ""SVC-0014"", ""SVC-0015"", ""SVC-0017""]",CHG-000451,cause:15:144,background:EP-000451,SYNTHETIC
EP-000452,INC-000452,EXTERNAL_VENDOR_OUTAGE,VENDOR-0003,KE-0016,WAIT_AND_FAILOVER,"[""SVC-0001"", ""SVC-0002"", ""SVC-0003"", ""SVC-0004"", ""SVC-0005"", ""SVC-0007"", ""SVC-0008"", ""SVC-0009"", ""SVC-0010"", ""SVC-0011"", ""SVC-0013"", ""SVC-0014""]",,cause:15:145,background:EP-000452,SYNTHETIC
EP-000453,INC-000453,EXTERNAL_VENDOR_OUTAGE,VENDOR-0002,KE-0016,WAIT_AND_FAILOVER,"[""COMP-0002"", ""COMP-0020"", ""SVC-0002"", ""SVC-0004"", ""SVC-0005"", ""SVC-0007"", ""SVC-0009"", ""SVC-0010"", ""SVC-0013"", ""SVC-0014"", ""SVC-0018"", ""TEAM-0001""]",,cause:15:146,background:EP-000453,SYNTHETIC
EP-000454,INC-000454,EXTERNAL_VENDOR_OUTAGE,VENDOR-0001,KE-0016,WAIT_AND_FAILOVER,"[""COMP-0001"", ""COMP-0019"", ""SVC-0001"", ""SVC-0003"", ""SVC-0005"", ""SVC-0008"", ""SVC-0009"", ""SVC-0013"", ""SVC-0014"", ""SVC-0017"", ""SVC-0018"", ""TEAM-0003""]",,cause:15:147,background:EP-000454,SYNTHETIC
EP-000455,INC-000455,EXTERNAL_VENDOR_OUTAGE,VENDOR-0004,KE-0016,WAIT_AND_FAILOVER,"[""SVC-0002"", ""SVC-0004"", ""SVC-0005"", ""SVC-0007"", ""SVC-0008"", ""SVC-0009"", ""SVC-0011"", ""SVC-0012"", ""SVC-0013"", ""SVC-0014"", ""SVC-0015"", ""SVC-0017""]",,cause:15:148,background:EP-000455,SYNTHETIC
EP-000456,INC-000456,EXTERNAL_VENDOR_OUTAGE,VENDOR-0003,KE-0016,WAIT_AND_FAILOVER,"[""SVC-0001"", ""SVC-0002"", ""SVC-0003"", ""SVC-0004"", ""SVC-0005"", ""SVC-0007"", ""SVC-0008"", ""SVC-0009"", ""SVC-0010"", ""SVC-0011"", ""SVC-0013"", ""SVC-0014""]",CHG-000456,cause:15:149,background:EP-000456,SYNTHETIC
EP-000457,INC-000457,EXTERNAL_VENDOR_OUTAGE,VENDOR-0002,KE-0016,WAIT_AND_FAILOVER,"[""COMP-0002"", ""COMP-0020"", ""SVC-0002"", ""SVC-0004"", ""SVC-0005"", ""SVC-0007"", ""SVC-0009"", ""SVC-0010"", ""SVC-0013"", ""SVC-0014"", ""SVC-0018"", ""TEAM-0001""]",,cause:15:150,background:EP-000457,SYNTHETIC
EP-000458,INC-000458,EXTERNAL_VENDOR_OUTAGE,VENDOR-0001,KE-0016,WAIT_AND_FAILOVER,"[""COMP-0001"", ""COMP-0019"", ""SVC-0001"", ""SVC-0003"", ""SVC-0005"", ""SVC-0008"", ""SVC-0009"", ""SVC-0013"", ""SVC-0014"", ""SVC-0017"", ""SVC-0018"", ""TEAM-0003""]",CHG-000458,cause:15:151,background:EP-000458,SYNTHETIC
EP-000459,INC-000459,EXTERNAL_VENDOR_OUTAGE,VENDOR-0004,KE-0016,WAIT_AND_FAILOVER,"[""SVC-0002"", ""SVC-0004"", ""SVC-0005"", ""SVC-0007"", ""SVC-0008"", ""SVC-0009"", ""SVC-0011"", ""SVC-0012"", ""SVC-0013"", ""SVC-0014"", ""SVC-0015"", ""SVC-0017""]",CHG-000459,cause:15:152,background:EP-000459,SYNTHETIC
EP-000460,INC-000460,EXTERNAL_VENDOR_OUTAGE,VENDOR-0003,KE-0016,WAIT_AND_FAILOVER,"[""SVC-0001"", ""SVC-0002"", ""SVC-0003"", ""SVC-0004"", ""SVC-0005"", ""SVC-0007"", ""SVC-0008"", ""SVC-0009"", ""SVC-0010"", ""SVC-0011"", ""SVC-0013"", ""SVC-0014""]",,cause:15:153,background:EP-000460,SYNTHETIC
EP-000461,INC-000461,EXTERNAL_VENDOR_OUTAGE,VENDOR-0002,KE-0016,WAIT_AND_FAILOVER,"[""COMP-0002"", ""COMP-0020"", ""SVC-0002"", ""SVC-0004"", ""SVC-0005"", ""SVC-0007"", ""SVC-0009"", ""SVC-0010"", ""SVC-0013"", ""SVC-0014"", ""SVC-0018"", ""TEAM-0001""]",CHG-000461,cause:15:154,background:EP-000461,SYNTHETIC
EP-000462,INC-000462,EXTERNAL_VENDOR_OUTAGE,VENDOR-0001,KE-0016,WAIT_AND_FAILOVER,"[""COMP-0001"", ""COMP-0019"", ""SVC-0001"", ""SVC-0003"", ""SVC-0005"", ""SVC-0008"", ""SVC-0009"", ""SVC-0013"", ""SVC-0014"", ""SVC-0017"", ""SVC-0018"", ""TEAM-0003""]",CHG-000462,cause:15:155,background:EP-000462,SYNTHETIC
EP-000463,INC-000463,EXTERNAL_VENDOR_OUTAGE,VENDOR-0004,KE-0016,WAIT_AND_FAILOVER,"[""SVC-0002"", ""SVC-0004"", ""SVC-0005"", ""SVC-0007"", ""SVC-0008"", ""SVC-0009"", ""SVC-0011"", ""SVC-0012"", ""SVC-0013"", ""SVC-0014"", ""SVC-0015"", ""SVC-0017""]",,cause:15:156,background:EP-000463,SYNTHETIC
EP-000464,INC-000464,EXTERNAL_VENDOR_OUTAGE,VENDOR-0003,KE-0016,WAIT_AND_FAILOVER,"[""SVC-0001"", ""SVC-0002"", ""SVC-0003"", ""SVC-0004"", ""SVC-0005"", ""SVC-0007"", ""SVC-0008"", ""SVC-0009"", ""SVC-0010"", ""SVC-0011"", ""SVC-0013"", ""SVC-0014""]",,cause:15:157,background:EP-000464,SYNTHETIC
EP-000465,INC-000465,EXTERNAL_VENDOR_OUTAGE,VENDOR-0002,KE-0016,WAIT_AND_FAILOVER,"[""COMP-0002"", ""COMP-0020"", ""SVC-0002"", ""SVC-0004"", ""SVC-0005"", ""SVC-0007"", ""SVC-0009"", ""SVC-0010"", ""SVC-0013"", ""SVC-0014"", ""SVC-0018"", ""TEAM-0001""]",,cause:15:158,background:EP-000465,SYNTHETIC
EP-000466,INC-000466,EXTERNAL_VENDOR_OUTAGE,VENDOR-0001,KE-0016,WAIT_AND_FAILOVER,"[""COMP-0001"", ""COMP-0019"", ""SVC-0001"", ""SVC-0003"", ""SVC-0005"", ""SVC-0008"", ""SVC-0009"", ""SVC-0013"", ""SVC-0014"", ""SVC-0017"", ""SVC-0018"", ""TEAM-0003""]",,cause:15:159,background:EP-000466,SYNTHETIC
EP-000467,INC-000467,EXTERNAL_VENDOR_OUTAGE,VENDOR-0004,KE-0016,WAIT_AND_FAILOVER,"[""SVC-0002"", ""SVC-0004"", ""SVC-0005"", ""SVC-0007"", ""SVC-0008"", ""SVC-0009"", ""SVC-0011"", ""SVC-0012"", ""SVC-0013"", ""SVC-0014"", ""SVC-0015"", ""SVC-0017""]",CHG-000467,cause:15:160,background:EP-000467,SYNTHETIC
EP-000468,INC-000468,EXTERNAL_VENDOR_OUTAGE,VENDOR-0003,KE-0016,WAIT_AND_FAILOVER,"[""SVC-0001"", ""SVC-0002"", ""SVC-0003"", ""SVC-0004"", ""SVC-0005"", ""SVC-0007"", ""SVC-0008"", ""SVC-0009"", ""SVC-0010"", ""SVC-0011"", ""SVC-0013"", ""SVC-0014""]",CHG-000468,cause:15:161,background:EP-000468,SYNTHETIC
EP-000469,INC-000469,EXTERNAL_VENDOR_OUTAGE,VENDOR-0002,KE-0016,WAIT_AND_FAILOVER,"[""COMP-0002"", ""COMP-0020"", ""SVC-0002"", ""SVC-0004"", ""SVC-0005"", ""SVC-0007"", ""SVC-0009"", ""SVC-0010"", ""SVC-0013"", ""SVC-0014"", ""SVC-0018"", ""TEAM-0001""]",,cause:15:162,background:EP-000469,SYNTHETIC
EP-000470,INC-000470,EXTERNAL_VENDOR_OUTAGE,VENDOR-0001,KE-0016,WAIT_AND_FAILOVER,"[""COMP-0001"", ""COMP-0019"", ""SVC-0001"", ""SVC-0003"", ""SVC-0005"", ""SVC-0008"", ""SVC-0009"", ""SVC-0013"", ""SVC-0014"", ""SVC-0017"", ""SVC-0018"", ""TEAM-0003""]",CHG-000470,cause:15:163,background:EP-000470,SYNTHETIC
EP-000471,INC-000471,EXTERNAL_VENDOR_OUTAGE,VENDOR-0004,KE-0016,WAIT_AND_FAILOVER,"[""SVC-0002"", ""SVC-0004"", ""SVC-0005"", ""SVC-0007"", ""SVC-0008"", ""SVC-0009"", ""SVC-0011"", ""SVC-0012"", ""SVC-0013"", ""SVC-0014"", ""SVC-0015"", ""SVC-0017""]",,cause:15:164,background:EP-000471,SYNTHETIC
EP-000472,INC-000472,EXTERNAL_VENDOR_OUTAGE,VENDOR-0003,KE-0016,WAIT_AND_FAILOVER,"[""SVC-0001"", ""SVC-0002"", ""SVC-0003"", ""SVC-0004"", ""SVC-0005"", ""SVC-0007"", ""SVC-0008"", ""SVC-0009"", ""SVC-0010"", ""SVC-0011"", ""SVC-0013"", ""SVC-0014""]",,cause:15:165,background:EP-000472,SYNTHETIC
EP-000473,INC-000473,EXTERNAL_VENDOR_OUTAGE,VENDOR-0002,KE-0016,WAIT_AND_FAILOVER,"[""COMP-0002"", ""COMP-0020"", ""SVC-0002"", ""SVC-0004"", ""SVC-0005"", ""SVC-0007"", ""SVC-0009"", ""SVC-0010"", ""SVC-0013"", ""SVC-0014"", ""SVC-0018"", ""TEAM-0001""]",,cause:15:166,background:EP-000473,SYNTHETIC
EP-000474,INC-000474,EXTERNAL_VENDOR_OUTAGE,VENDOR-0001,KE-0016,WAIT_AND_FAILOVER,"[""COMP-0001"", ""COMP-0019"", ""SVC-0001"", ""SVC-0003"", ""SVC-0005"", ""SVC-0008"", ""SVC-0009"", ""SVC-0013"", ""SVC-0014"", ""SVC-0017"", ""SVC-0018"", ""TEAM-0003""]",,cause:15:167,background:EP-000474,SYNTHETIC
EP-000475,INC-000475,EXTERNAL_VENDOR_OUTAGE,VENDOR-0004,KE-0016,WAIT_AND_FAILOVER,"[""SVC-0002"", ""SVC-0004"", ""SVC-0005"", ""SVC-0007"", ""SVC-0008"", ""SVC-0009"", ""SVC-0011"", ""SVC-0012"", ""SVC-0013"", ""SVC-0014"", ""SVC-0015"", ""SVC-0017""]",,cause:15:168,background:EP-000475,SYNTHETIC
EP-000476,INC-000476,EXTERNAL_VENDOR_OUTAGE,VENDOR-0003,KE-0016,WAIT_AND_FAILOVER,"[""SVC-0001"", ""SVC-0002"", ""SVC-0003"", ""SVC-0004"", ""SVC-0005"", ""SVC-0007"", ""SVC-0008"", ""SVC-0009"", ""SVC-0010"", ""SVC-0011"", ""SVC-0013"", ""SVC-0014""]",,cause:15:169,background:EP-000476,SYNTHETIC
EP-000477,INC-000477,EXTERNAL_VENDOR_OUTAGE,VENDOR-0002,KE-0016,WAIT_AND_FAILOVER,"[""COMP-0002"", ""COMP-0020"", ""SVC-0002"", ""SVC-0004"", ""SVC-0005"", ""SVC-0007"", ""SVC-0009"", ""SVC-0010"", ""SVC-0013"", ""SVC-0014"", ""SVC-0018"", ""TEAM-0001""]",,cause:15:170,background:EP-000477,SYNTHETIC
EP-000478,INC-000478,EXTERNAL_VENDOR_OUTAGE,VENDOR-0001,KE-0016,WAIT_AND_FAILOVER,"[""COMP-0001"", ""COMP-0019"", ""SVC-0001"", ""SVC-0003"", ""SVC-0005"", ""SVC-0008"", ""SVC-0009"", ""SVC-0013"", ""SVC-0014"", ""SVC-0017"", ""SVC-0018"", ""TEAM-0003""]",CHG-000478,cause:15:171,background:EP-000478,SYNTHETIC
EP-000479,INC-000479,EXTERNAL_VENDOR_OUTAGE,VENDOR-0004,KE-0016,WAIT_AND_FAILOVER,"[""SVC-0002"", ""SVC-0004"", ""SVC-0005"", ""SVC-0007"", ""SVC-0008"", ""SVC-0009"", ""SVC-0011"", ""SVC-0012"", ""SVC-0013"", ""SVC-0014"", ""SVC-0015"", ""SVC-0017""]",,cause:15:172,background:EP-000479,SYNTHETIC
EP-000480,INC-000480,EXTERNAL_VENDOR_OUTAGE,VENDOR-0003,KE-0016,WAIT_AND_FAILOVER,"[""SVC-0001"", ""SVC-0002"", ""SVC-0003"", ""SVC-0004"", ""SVC-0005"", ""SVC-0007"", ""SVC-0008"", ""SVC-0009"", ""SVC-0010"", ""SVC-0011"", ""SVC-0013"", ""SVC-0014""]",,cause:15:173,background:EP-000480,SYNTHETIC
EP-000481,INC-000481,EXTERNAL_VENDOR_OUTAGE,VENDOR-0002,KE-0016,WAIT_AND_FAILOVER,"[""COMP-0002"", ""COMP-0020"", ""SVC-0002"", ""SVC-0004"", ""SVC-0005"", ""SVC-0007"", ""SVC-0009"", ""SVC-0010"", ""SVC-0013"", ""SVC-0014"", ""SVC-0018"", ""TEAM-0001""]",,cause:15:174,background:EP-000481,SYNTHETIC
EP-000482,INC-000482,EXTERNAL_VENDOR_OUTAGE,VENDOR-0001,KE-0016,WAIT_AND_FAILOVER,"[""COMP-0001"", ""COMP-0019"", ""SVC-0001"", ""SVC-0003"", ""SVC-0005"", ""SVC-0008"", ""SVC-0009"", ""SVC-0013"", ""SVC-0014"", ""SVC-0017"", ""SVC-0018"", ""TEAM-0003""]",,cause:15:175,background:EP-000482,SYNTHETIC
EP-000483,INC-000483,EXTERNAL_VENDOR_OUTAGE,VENDOR-0004,KE-0016,WAIT_AND_FAILOVER,"[""SVC-0002"", ""SVC-0004"", ""SVC-0005"", ""SVC-0007"", ""SVC-0008"", ""SVC-0009"", ""SVC-0011"", ""SVC-0012"", ""SVC-0013"", ""SVC-0014"", ""SVC-0015"", ""SVC-0017""]",,cause:15:176,background:EP-000483,SYNTHETIC
EP-000484,INC-000484,EXTERNAL_VENDOR_OUTAGE,VENDOR-0003,KE-0016,WAIT_AND_FAILOVER,"[""SVC-0001"", ""SVC-0002"", ""SVC-0003"", ""SVC-0004"", ""SVC-0005"", ""SVC-0007"", ""SVC-0008"", ""SVC-0009"", ""SVC-0010"", ""SVC-0011"", ""SVC-0013"", ""SVC-0014""]",,cause:15:177,background:EP-000484,SYNTHETIC
EP-000485,INC-000485,EXTERNAL_VENDOR_OUTAGE,VENDOR-0002,KE-0016,WAIT_AND_FAILOVER,"[""COMP-0002"", ""COMP-0020"", ""SVC-0002"", ""SVC-0004"", ""SVC-0005"", ""SVC-0007"", ""SVC-0009"", ""SVC-0010"", ""SVC-0013"", ""SVC-0014"", ""SVC-0018"", ""TEAM-0001""]",,cause:15:178,background:EP-000485,SYNTHETIC
EP-000486,INC-000486,EXTERNAL_VENDOR_OUTAGE,VENDOR-0001,KE-0016,WAIT_AND_FAILOVER,"[""COMP-0001"", ""COMP-0019"", ""SVC-0001"", ""SVC-0003"", ""SVC-0005"", ""SVC-0008"", ""SVC-0009"", ""SVC-0013"", ""SVC-0014"", ""SVC-0017"", ""SVC-0018"", ""TEAM-0003""]",,cause:15:179,background:EP-000486,SYNTHETIC
EP-000487,INC-000487,EXTERNAL_VENDOR_OUTAGE,VENDOR-0004,KE-0016,WAIT_AND_FAILOVER,"[""SVC-0002"", ""SVC-0004"", ""SVC-0005"", ""SVC-0007"", ""SVC-0008"", ""SVC-0009"", ""SVC-0011"", ""SVC-0012"", ""SVC-0013"", ""SVC-0014"", ""SVC-0015"", ""SVC-0017""]",,cause:15:180,background:EP-000487,SYNTHETIC
EP-000488,INC-000488,EXTERNAL_VENDOR_OUTAGE,VENDOR-0003,KE-0016,WAIT_AND_FAILOVER,"[""SVC-0001"", ""SVC-0002"", ""SVC-0003"", ""SVC-0004"", ""SVC-0005"", ""SVC-0007"", ""SVC-0008"", ""SVC-0009"", ""SVC-0010"", ""SVC-0011"", ""SVC-0013"", ""SVC-0014""]",,cause:15:181,background:EP-000488,SYNTHETIC
EP-000489,INC-000489,EXTERNAL_VENDOR_OUTAGE,VENDOR-0002,KE-0016,WAIT_AND_FAILOVER,"[""COMP-0002"", ""COMP-0020"", ""SVC-0002"", ""SVC-0004"", ""SVC-0005"", ""SVC-0007"", ""SVC-0009"", ""SVC-0010"", ""SVC-0013"", ""SVC-0014"", ""SVC-0018"", ""TEAM-0001""]",,cause:15:182,background:EP-000489,SYNTHETIC
EP-000490,INC-000490,EXTERNAL_VENDOR_OUTAGE,VENDOR-0001,KE-0016,WAIT_AND_FAILOVER,"[""COMP-0001"", ""COMP-0019"", ""SVC-0001"", ""SVC-0003"", ""SVC-0005"", ""SVC-0008"", ""SVC-0009"", ""SVC-0013"", ""SVC-0014"", ""SVC-0017"", ""SVC-0018"", ""TEAM-0003""]",,cause:15:183,background:EP-000490,SYNTHETIC
EP-000491,INC-000491,EXTERNAL_VENDOR_OUTAGE,VENDOR-0004,KE-0016,WAIT_AND_FAILOVER,"[""SVC-0002"", ""SVC-0004"", ""SVC-0005"", ""SVC-0007"", ""SVC-0008"", ""SVC-0009"", ""SVC-0011"", ""SVC-0012"", ""SVC-0013"", ""SVC-0014"", ""SVC-0015"", ""SVC-0017""]",,cause:15:184,background:EP-000491,SYNTHETIC
EP-000492,INC-000492,EXTERNAL_VENDOR_OUTAGE,VENDOR-0003,KE-0016,WAIT_AND_FAILOVER,"[""SVC-0001"", ""SVC-0002"", ""SVC-0003"", ""SVC-0004"", ""SVC-0005"", ""SVC-0007"", ""SVC-0008"", ""SVC-0009"", ""SVC-0010"", ""SVC-0011"", ""SVC-0013"", ""SVC-0014""]",,cause:15:185,background:EP-000492,SYNTHETIC
EP-000493,INC-000493,EXTERNAL_VENDOR_OUTAGE,VENDOR-0002,KE-0016,WAIT_AND_FAILOVER,"[""COMP-0002"", ""COMP-0020"", ""SVC-0002"", ""SVC-0004"", ""SVC-0005"", ""SVC-0007"", ""SVC-0009"", ""SVC-0010"", ""SVC-0013"", ""SVC-0014"", ""SVC-0018"", ""TEAM-0001""]",CHG-000493,cause:15:186,background:EP-000493,SYNTHETIC
EP-000494,INC-000494,EXTERNAL_VENDOR_OUTAGE,VENDOR-0001,KE-0016,WAIT_AND_FAILOVER,"[""COMP-0001"", ""COMP-0019"", ""SVC-0001"", ""SVC-0003"", ""SVC-0005"", ""SVC-0008"", ""SVC-0009"", ""SVC-0013"", ""SVC-0014"", ""SVC-0017"", ""SVC-0018"", ""TEAM-0003""]",,cause:15:187,background:EP-000494,SYNTHETIC
EP-000495,INC-000495,EXTERNAL_VENDOR_OUTAGE,VENDOR-0004,KE-0016,WAIT_AND_FAILOVER,"[""SVC-0002"", ""SVC-0004"", ""SVC-0005"", ""SVC-0007"", ""SVC-0008"", ""SVC-0009"", ""SVC-0011"", ""SVC-0012"", ""SVC-0013"", ""SVC-0014"", ""SVC-0015"", ""SVC-0017""]",,cause:15:188,background:EP-000495,SYNTHETIC
EP-000496,INC-000496,EXTERNAL_VENDOR_OUTAGE,VENDOR-0003,KE-0016,WAIT_AND_FAILOVER,"[""SVC-0001"", ""SVC-0002"", ""SVC-0003"", ""SVC-0004"", ""SVC-0005"", ""SVC-0007"", ""SVC-0008"", ""SVC-0009"", ""SVC-0010"", ""SVC-0011"", ""SVC-0013"", ""SVC-0014""]",CHG-000496,cause:15:189,background:EP-000496,SYNTHETIC
EP-000497,INC-000497,EXTERNAL_VENDOR_OUTAGE,VENDOR-0002,KE-0016,WAIT_AND_FAILOVER,"[""COMP-0002"", ""COMP-0020"", ""SVC-0002"", ""SVC-0004"", ""SVC-0005"", ""SVC-0007"", ""SVC-0009"", ""SVC-0010"", ""SVC-0013"", ""SVC-0014"", ""SVC-0018"", ""TEAM-0001""]",CHG-000497,cause:15:190,background:EP-000497,SYNTHETIC
EP-000498,INC-000498,SOFTWARE_REGRESSION,COMP-0003,KE-0017,ROLLBACK_RELEASE,"[""APP-0003"", ""CAP-0001"", ""CLOUD-0003"", ""COMP-0008"", ""COMP-0010"", ""COMP-0011"", ""COMP-0013"", ""COMP-0017"", ""COMP-0019"", ""COMP-0024"", ""COMP-0025"", ""COMP-0030"", ""DATA-0003"", ""DATA-0006"", ""DATA-0007"", ""DATA-0009"", ""POL-0001"", ""POL-0002"", ""POL-0003"", ""POL-0004"", ""SVC-0003"", ""TEAM-0003""]",,cause:16:0,background:EP-000498,SYNTHETIC
EP-000499,INC-000499,SOFTWARE_REGRESSION,COMP-0010,KE-0017,ROLLBACK_RELEASE,"[""APP-0010"", ""CAP-0004"", ""CLOUD-0010"", ""COMP-0001"", ""COMP-0005"", ""COMP-0011"", ""COMP-0021"", ""COMP-0025"", ""COMP-0029"", ""DATA-0001"", ""DATA-0003"", ""INFRA-0002"", ""POL-0001"", ""POL-0002"", ""POL-0004"", ""SVC-0010"", ""SVC-0013"", ""TEAM-0003""]",,cause:16:1,background:EP-000499,SYNTHETIC
EP-000500,INC-000500,SOFTWARE_REGRESSION,COMP-0017,KE-0017,ROLLBACK_RELEASE,"[""APP-0006"", ""CLOUD-0017"", ""COMP-0003"", ""COMP-0004"", ""COMP-0010"", ""COMP-0011"", ""COMP-0013"", ""COMP-0019"", ""COMP-0023"", ""COMP-0024"", ""COMP-0026"", ""COMP-0028"", ""COMP-0029"", ""DATA-0004"", ""DATA-0007"", ""DATA-0008"", ""DATA-0009"", ""POL-0001"", ""POL-0003"", ""POL-0004"", ""SVC-0017""]",,cause:16:2,background:EP-000500,SYNTHETIC
EP-000501,INC-000501,SOFTWARE_REGRESSION,COMP-0024,KE-0017,ROLLBACK_RELEASE,"[""APP-0006"", ""CAP-0004"", ""CLOUD-0003"", ""COMP-0019"", ""COMP-0030"", ""DATA-0007"", ""INFRA-0001"", ""INFRA-0004"", ""INFRA-0005"", ""INFRA-0006"", ""POL-0002"", ""POL-0003"", ""POL-0004"", ""SVC-0005"", ""SVC-0006"", ""TEAM-0006""]",,cause:16:3,background:EP-000501,SYNTHETIC
EP-000502,INC-000502,SOFTWARE_REGRESSION,COMP-0001,KE-0017,ROLLBACK_RELEASE,"[""APP-0001"", ""CAP-0001"", ""CLOUD-0001"", ""COMP-0005"", ""COMP-0006"", ""COMP-0010"", ""COMP-0012"", ""COMP-0016"", ""COMP-0020"", ""COMP-0021"", ""COMP-0023"", ""COMP-0025"", ""COMP-0027"", ""DATA-0001"", ""DATA-0006"", ""DATA-0007"", ""INFRA-0001"", ""POL-0001"", ""POL-0002"", ""POL-0003"", ""POL-0004"", ""SVC-0001"", ""TEAM-0001"", ""VENDOR-0001""]",,cause:16:4,background:EP-000502,SYNTHETIC
EP-000503,INC-000503,SOFTWARE_REGRESSION,COMP-0008,KE-0017,ROLLBACK_RELEASE,"[""APP-0008"", ""CAP-0004"", ""CLOUD-0008"", ""COMP-0003"", ""COMP-0011"", ""COMP-0013"", ""COMP-0016"", ""COMP-0017"", ""COMP-0019"", ""COMP-0021"", ""COMP-0025"", ""COMP-0029"", ""DATA-0002"", ""INFRA-0003"", ""INFRA-0004"", ""INFRA-0005"", ""POL-0001"", ""POL-0002"", ""POL-0003"", ""POL-0004"", ""SVC-0008"", ""TEAM-0001"", ""VENDOR-0001"", ""VENDOR-0003""]",,cause:16:5,background:EP-000503,SYNTHETIC
EP-000504,INC-000504,SOFTWARE_REGRESSION,COMP-0015,KE-0017,ROLLBACK_RELEASE,"[""APP-0004"", ""CAP-0001"", ""CLOUD-0015"", ""COMP-0030"", ""DATA-0005"", ""INFRA-0001"", ""INFRA-0002"", ""INFRA-0004"", ""INFRA-0006"", ""POL-0002"", ""POL-0003"", ""POL-0004"", ""SVC-0010"", ""SVC-0015"", ""TEAM-0001"", ""VENDOR-0004""]",,cause:16:6,background:EP-000504,SYNTHETIC
EP-000505,INC-000505,SOFTWARE_REGRESSION,COMP-0022,KE-0017,ROLLBACK_RELEASE,"[""APP-0004"", ""CAP-0004"", ""CLOUD-0001"", ""COMP-0001"", ""COMP-0002"", ""COMP-0005"", ""COMP-0007"", ""COMP-0012"", ""COMP-0016"", ""COMP-0023"", ""COMP-0027"", ""COMP-0029"", ""DATA-0003"", ""INFRA-0004"", ""INFRA-0005"", ""INFRA-0006"", ""INFRA-0007"", ""POL-0002"", ""POL-0003"", ""POL-0004"", ""SVC-0004"", ""TEAM-0004"", ""VENDOR-0003"", ""VENDOR-0004""]",,cause:16:7,background:EP-000505,SYNTHETIC
EP-000506,INC-000506,SOFTWARE_REGRESSION,COMP-0029,KE-0017,ROLLBACK_RELEASE,"[""APP-0011"", ""CAP-0001"", ""CLOUD-0008"", ""COMP-0003"", ""COMP-0006"", ""COMP-0007"", ""COMP-0011"", ""COMP-0016"", ""COMP-0017"", ""COMP-0019"", ""COMP-0021"", ""COMP-0023"", ""COMP-0025"", ""DATA-0002"", ""DATA-0003"", ""DATA-0009"", ""INFRA-0003"", ""POL-0001"", ""POL-0002"", ""POL-0003"", ""POL-0004"", ""SVC-0011"", ""TEAM-0004""]",,cause:16:8,background:EP-000506,SYNTHETIC
EP-000507,INC-000507,SOFTWARE_REGRESSION,COMP-0006,KE-0017,ROLLBACK_RELEASE,"[""APP-0006"", ""CAP-0004"", ""CLOUD-0006"", ""COMP-0003"", ""COMP-0005"", ""COMP-0008"", ""COMP-0009"", ""COMP-0013"", ""COMP-0014"", ""COMP-0016"", ""COMP-0017"", ""COMP-0023"", ""COMP-0025"", ""COMP-0029"", ""COMP-0030"", ""DATA-0001"", ""INFRA-0005"", ""INFRA-0006"", ""POL-0002"", ""POL-0003"", ""POL-0004"", ""SVC-0005"", ""SVC-0006"", ""TEAM-0006""]",,cause:16:9,background:EP-000507,SYNTHETIC
EP-000508,INC-000508,SOFTWARE_REGRESSION,COMP-0013,KE-0017,ROLLBACK_RELEASE,"[""APP-0002"", ""CAP-0001"", ""CLOUD-0013"", ""COMP-0003"", ""COMP-0006"", ""COMP-0008"", ""COMP-0011"", ""COMP-0019"", ""COMP-0021"", ""COMP-0029"", ""DATA-0003"", ""DATA-0009"", ""DATA-0010"", ""INFRA-0005"", ""POL-0001"", ""POL-0002"", ""POL-0003"", ""POL-0004"", ""SVC-0013"", ""TEAM-0006"", ""VENDOR-0001""]",,cause:16:10,background:EP-000508,SYNTHETIC
EP-000509,INC-000509,SOFTWARE_REGRESSION,COMP-0020,KE-0017,ROLLBACK_RELEASE,"[""APP-0002"", ""CAP-0004"", ""CLOUD-0020"", ""COMP-0001"", ""COMP-0005"", ""COMP-0010"", ""COMP-0012"", ""COMP-0016"", ""COMP-0019"", ""COMP-0025"", ""COMP-0027"", ""DATA-0003"", ""INFRA-0001"", ""INFRA-0008"", ""POL-0001"", ""POL-0002"", ""POL-0003"", ""POL-0004"", ""SVC-0002"", ""TEAM-0002"", ""VENDOR-0002"", ""VENDOR-0003"", ""VENDOR-0004""]",CHG-000509,cause:16:11,background:EP-000509,SYNTHETIC
EP-000510,INC-000510,SOFTWARE_REGRESSION,COMP-0027,KE-0017,ROLLBACK_RELEASE,"[""APP-0009"", ""CAP-0001"", ""CLOUD-0006"", ""COMP-0001"", ""COMP-0005"", ""COMP-0006"", ""COMP-0007"", ""COMP-0010"", ""COMP-0012"", ""COMP-0016"", ""COMP-0020"", ""COMP-0021"", ""COMP-0025"", ""DATA-0007"", ""DATA-0008"", ""INFRA-0003"", ""POL-0002"", ""POL-0003"", ""POL-0004"", ""SVC-0009"", ""TEAM-0002"", ""VENDOR-0001"", ""VENDOR-0003""]",,cause:16:12,background:EP-000510,SYNTHETIC
EP-000511,INC-000511,SOFTWARE_REGRESSION,COMP-0004,KE-0017,ROLLBACK_RELEASE,"[""APP-0004"", ""CAP-0004"", ""CLOUD-0004"", ""COMP-0003"", ""COMP-0011"", ""COMP-0017"", ""COMP-0019"", ""COMP-0021"", ""COMP-0025"", ""COMP-0029"", ""DATA-0001"", ""INFRA-0004"", ""INFRA-0005"", ""INFRA-0006"", ""INFRA-0007"", ""POL-0001"", ""POL-0002"", ""POL-0003"", ""POL-0004"", ""SVC-0004"", ""TEAM-0004"", ""VENDOR-0003"", ""VENDOR-0004""]",,cause:16:13,background:EP-000511,SYNTHETIC
EP-000512,INC-000512,SOFTWARE_REGRESSION,COMP-0011,KE-0017,ROLLBACK_RELEASE,"[""APP-0011"", ""CAP-0001"", ""CLOUD-0011"", ""COMP-0003"", ""COMP-0008"", ""COMP-0010"", ""COMP-0013"", ""COMP-0021"", ""COMP-0025"", ""DATA-0001"", ""DATA-0009"", ""INFRA-0003"", ""INFRA-0006"", ""POL-0001"", ""POL-0002"", ""POL-0004"", ""SVC-0011"", ""SVC-0012"", ""TEAM-0004"", ""VENDOR-0004""]",,cause:16:14,background:EP-000512,SYNTHETIC
EP-000513,INC-000513,SOFTWARE_REGRESSION,COMP-0018,KE-0017,ROLLBACK_RELEASE,"[""APP-0007"", ""CAP-0004"", ""CLOUD-0018"", ""COMP-0026"", ""DATA-0007"", ""INFRA-0003"", ""INFRA-0004"", ""INFRA-0007"", ""POL-0001"", ""POL-0004"", ""SVC-0014"", ""SVC-0018"", ""TEAM-0004"", ""VENDOR-0001""]",,cause:16:15,background:EP-000513,SYNTHETIC
EP-000514,INC-000514,SOFTWARE_REGRESSION,COMP-0025,KE-0017,ROLLBACK_RELEASE,"[""APP-0007"", ""CAP-0001"", ""CLOUD-0004"", ""COMP-0001"", ""COMP-0004"", ""COMP-0010"", ""COMP-0016"", ""COMP-0017"", ""COMP-0021"", ""COMP-0029"", ""DATA-0002"", ""DATA-0005"", ""INFRA-0001"", ""POL-0001"", ""POL-0002"", ""POL-0004"", ""SVC-0007"", ""TEAM-0007""]",,cause:16:16,background:EP-000514,SYNTHETIC
EP-000515,INC-000515,SOFTWARE_REGRESSION,COMP-0002,KE-0017,ROLLBACK_RELEASE,"[""APP-0002"", ""CAP-0004"", ""CLOUD-0002"", ""COMP-0001"", ""COMP-0005"", ""COMP-0007"", ""COMP-0016"", ""COMP-0017"", ""COMP-0021"", ""COMP-0027"", ""COMP-0029"", ""DATA-0001"", ""DATA-0006"", ""DATA-0010"", ""INFRA-0001"", ""POL-0001"", ""POL-0002"", ""POL-0003"", ""POL-0004"", ""SVC-0002"", ""TEAM-0002"", ""VENDOR-0002"", ""VENDOR-0004""]",,cause:16:17,background:EP-000515,SYNTHETIC
EP-000516,INC-000516,SOFTWARE_REGRESSION,COMP-0009,KE-0017,ROLLBACK_RELEASE,"[""APP-0009"", ""CAP-0001"", ""CLOUD-0009"", ""COMP-0006"", ""COMP-0008"", ""COMP-0013"", ""COMP-0016"", ""COMP-0017"", ""COMP-0025"", ""COMP-0029"", ""COMP-0030"", ""DATA-0009"", ""INFRA-0001"", ""INFRA-0003"", ""POL-0002"", ""POL-0003"", ""POL-0004"", ""SVC-0009"", ""SVC-0018"", ""TEAM-0002"", ""VENDOR-0001"", ""VENDOR-0003"", ""VENDOR-0004""]",,cause:16:18,background:EP-000516,SYNTHETIC
EP-000517,INC-000517,SOFTWARE_REGRESSION,COMP-0016,KE-0017,ROLLBACK_RELEASE,"[""APP-0005"", ""CAP-0004"", ""CLOUD-0016"", ""COMP-0001"", ""COMP-0003"", ""COMP-0012"", ""COMP-0017"", ""COMP-0023"", ""COMP-0029"", ""DATA-0003"", ""DATA-0008"", ""DATA-0009"", ""INFRA-0008"", ""POL-0002"", ""POL-0003"", ""POL-0004"", ""SVC-0016"", ""TEAM-0002""]",,cause:16:19,background:EP-000517,SYNTHETIC
EP-000518,INC-000518,SOFTWARE_REGRESSION,COMP-0023,KE-0017,ROLLBACK_RELEASE,"[""APP-0005"", ""CAP-0001"", ""CLOUD-0002"", ""COMP-0003"", ""COMP-0011"", ""COMP-0016"", ""COMP-0017"", ""COMP-0019"", ""COMP-0026"", ""DATA-0003"", ""DATA-0006"", ""DATA-0007"", ""DATA-0008"", ""POL-0002"", ""POL-0003"", ""POL-0004"", ""SVC-0005"", ""TEAM-0005"", ""VENDOR-0001""]",CHG-000518,cause:16:20,background:EP-000518,SYNTHETIC
EP-000519,INC-000519,SOFTWARE_REGRESSION,COMP-0030,KE-0017,ROLLBACK_RELEASE,"[""APP-0001"", ""CAP-0004"", ""CLOUD-0009"", ""COMP-0006"", ""COMP-0009"", ""COMP-0015"", ""COMP-0024"", ""DATA-0001"", ""DATA-0006"", ""DATA-0010"", ""POL-0002"", ""POL-0003"", ""POL-0004"", ""SVC-0012"", ""TEAM-0005""]",,cause:16:21,background:EP-000519,SYNTHETIC
EP-000520,INC-000520,SOFTWARE_REGRESSION,COMP-0007,KE-0017,ROLLBACK_RELEASE,"[""APP-0007"", ""CAP-0001"", ""CLOUD-0007"", ""COMP-0001"", ""COMP-0002"", ""COMP-0005"", ""COMP-0016"", ""COMP-0017"", ""COMP-0021"", ""COMP-0022"", ""COMP-0025"", ""COMP-0027"", ""COMP-0029"", ""DATA-0007"", ""DATA-0008"", ""INFRA-0007"", ""POL-0001"", ""POL-0003"", ""POL-0004"", ""SVC-0005"", ""SVC-0007"", ""TEAM-0007"", ""VENDOR-0003""]",,cause:16:22,background:EP-000520,SYNTHETIC
EP-000521,INC-000521,SOFTWARE_REGRESSION,COMP-0014,KE-0017,ROLLBACK_RELEASE,"[""APP-0003"", ""CAP-0004"", ""CLOUD-0014"", ""COMP-0006"", ""COMP-0008"", ""COMP-0013"", ""COMP-0016"", ""COMP-0017"", ""COMP-0025"", ""COMP-0029"", ""COMP-0030"", ""DATA-0004"", ""DATA-0008"", ""DATA-0009"", ""INFRA-0001"", ""POL-0001"", ""POL-0002"", ""POL-0003"", ""POL-0004"", ""SVC-0014"", ""SVC-0015"", ""TEAM-0007"", ""VENDOR-0001"", ""VENDOR-0003""]",,cause:16:23,background:EP-000521,SYNTHETIC
EP-000522,INC-000522,SOFTWARE_REGRESSION,COMP-0021,KE-0017,ROLLBACK_RELEASE,"[""APP-0003"", ""CAP-0001"", ""CLOUD-0021"", ""COMP-0002"", ""COMP-0003"", ""COMP-0005"", ""COMP-0008"", ""COMP-0016"", ""COMP-0017"", ""COMP-0023"", ""COMP-0025"", ""COMP-0029"", ""DATA-0001"", ""DATA-0007"", ""DATA-0010"", ""POL-0001"", ""POL-0002"", ""POL-0003"", ""POL-0004"", ""SVC-0003"", ""TEAM-0003""]",,cause:16:24,background:EP-000522,SYNTHETIC
EP-000523,INC-000523,SOFTWARE_REGRESSION,COMP-0028,KE-0017,ROLLBACK_RELEASE,"[""APP-0010"", ""CAP-0004"", ""CLOUD-0007"", ""COMP-0003"", ""COMP-0011"", ""COMP-0017"", ""COMP-0019"", ""DATA-0002"", ""DATA-0003"", ""DATA-0005"", ""DATA-0006"", ""DATA-0010"", ""INFRA-0004"", ""POL-0001"", ""POL-0002"", ""POL-0003"", ""POL-0004"", ""SVC-0010"", ""SVC-0013"", ""TEAM-0003""]",CHG-000523,cause:16:25,background:EP-000523,SYNTHETIC
EP-000524,INC-000524,SOFTWARE_REGRESSION,COMP-0005,KE-0017,ROLLBACK_RELEASE,"[""APP-0005"", ""CAP-0001"", ""CLOUD-0005"", ""COMP-0001"", ""COMP-0006"", ""COMP-0010"", ""COMP-0013"", ""COMP-0020"", ""COMP-0021"", ""COMP-0025"", ""COMP-0027"", ""COMP-0029"", ""COMP-0030"", ""DATA-0005"", ""DATA-0008"", ""INFRA-0005"", ""POL-0001"", ""POL-0002"", ""POL-0003"", ""POL-0004"", ""SVC-0001"", ""SVC-0005"", ""TEAM-0005"", ""VENDOR-0001""]",,cause:16:26,background:EP-000524,SYNTHETIC
EP-000525,INC-000525,SOFTWARE_REGRESSION,COMP-0012,KE-0017,ROLLBACK_RELEASE,"[""APP-0001"", ""CAP-0004"", ""CLOUD-0012"", ""COMP-0001"", ""COMP-0016"", ""COMP-0017"", ""COMP-0020"", ""COMP-0022"", ""COMP-0023"", ""DATA-0002"", ""DATA-0004"", ""DATA-0009"", ""INFRA-0006"", ""POL-0002"", ""POL-0003"", ""POL-0004"", ""SVC-0012"", ""TEAM-0005""]",,cause:16:27,background:EP-000525,SYNTHETIC
EP-000526,INC-000526,SOFTWARE_REGRESSION,COMP-0019,KE-0017,ROLLBACK_RELEASE,"[""APP-0001"", ""CAP-0001"", ""CLOUD-0019"", ""COMP-0003"", ""COMP-0010"", ""COMP-0011"", ""COMP-0013"", ""COMP-0020"", ""COMP-0024"", ""COMP-0030"", ""DATA-0003"", ""DATA-0009"", ""INFRA-0001"", ""INFRA-0003"", ""POL-0001"", ""POL-0002"", ""POL-0003"", ""POL-0004"", ""SVC-0001"", ""TEAM-0001"", ""VENDOR-0001""]",,cause:16:28,background:EP-000526,SYNTHETIC
EP-000527,INC-000527,SOFTWARE_REGRESSION,COMP-0026,KE-0017,ROLLBACK_RELEASE,"[""APP-0008"", ""CAP-0004"", ""CLOUD-0005"", ""COMP-0003"", ""COMP-0011"", ""COMP-0017"", ""COMP-0018"", ""COMP-0019"", ""COMP-0023"", ""DATA-0001"", ""DATA-0007"", ""DATA-0008"", ""INFRA-0003"", ""INFRA-0005"", ""POL-0001"", ""POL-0002"", ""POL-0003"", ""POL-0004"", ""SVC-0008"", ""TEAM-0001"", ""VENDOR-0001"", ""VENDOR-0003""]",CHG-000527,cause:16:29,background:EP-000527,SYNTHETIC
EP-000528,INC-000528,SOFTWARE_REGRESSION,COMP-0003,KE-0017,ROLLBACK_RELEASE,"[""APP-0003"", ""CAP-0001"", ""CLOUD-0003"", ""COMP-0008"", ""COMP-0010"", ""COMP-0011"", ""COMP-0013"", ""COMP-0017"", ""COMP-0019"", ""COMP-0024"", ""COMP-0025"", ""COMP-0030"", ""DATA-0003"", ""DATA-0006"", ""DATA-0007"", ""DATA-0009"", ""POL-0001"", ""POL-0002"", ""POL-0003"", ""POL-0004"", ""SVC-0003"", ""TEAM-0003""]",,cause:16:30,background:EP-000528,SYNTHETIC
EP-000529,INC-000529,SOFTWARE_REGRESSION,COMP-0010,KE-0017,ROLLBACK_RELEASE,"[""APP-0010"", ""CAP-0004"", ""CLOUD-0010"", ""COMP-0001"", ""COMP-0005"", ""COMP-0011"", ""COMP-0021"", ""COMP-0025"", ""COMP-0029"", ""DATA-0001"", ""DATA-0003"", ""INFRA-0002"", ""POL-0001"", ""POL-0002"", ""POL-0004"", ""SVC-0010"", ""SVC-0013"", ""TEAM-0003""]",,cause:16:31,background:EP-000529,SYNTHETIC
EP-000530,INC-000530,SOFTWARE_REGRESSION,COMP-0017,KE-0017,ROLLBACK_RELEASE,"[""APP-0006"", ""CLOUD-0017"", ""COMP-0003"", ""COMP-0004"", ""COMP-0010"", ""COMP-0011"", ""COMP-0013"", ""COMP-0019"", ""COMP-0023"", ""COMP-0024"", ""COMP-0026"", ""COMP-0028"", ""COMP-0029"", ""DATA-0004"", ""DATA-0007"", ""DATA-0008"", ""DATA-0009"", ""POL-0001"", ""POL-0003"", ""POL-0004"", ""SVC-0017""]",CHG-000530,cause:16:32,background:EP-000530,SYNTHETIC
EP-000531,INC-000531,SOFTWARE_REGRESSION,COMP-0024,KE-0017,ROLLBACK_RELEASE,"[""APP-0006"", ""CAP-0004"", ""CLOUD-0003"", ""COMP-0019"", ""COMP-0030"", ""DATA-0007"", ""INFRA-0001"", ""INFRA-0004"", ""INFRA-0005"", ""INFRA-0006"", ""POL-0002"", ""POL-0003"", ""POL-0004"", ""SVC-0005"", ""SVC-0006"", ""TEAM-0006""]",,cause:16:33,background:EP-000531,SYNTHETIC
EP-000532,INC-000532,SOFTWARE_REGRESSION,COMP-0001,KE-0017,ROLLBACK_RELEASE,"[""APP-0001"", ""CAP-0001"", ""CLOUD-0001"", ""COMP-0005"", ""COMP-0006"", ""COMP-0010"", ""COMP-0012"", ""COMP-0016"", ""COMP-0020"", ""COMP-0021"", ""COMP-0023"", ""COMP-0025"", ""COMP-0027"", ""DATA-0001"", ""DATA-0006"", ""DATA-0007"", ""INFRA-0001"", ""POL-0001"", ""POL-0002"", ""POL-0003"", ""POL-0004"", ""SVC-0001"", ""TEAM-0001"", ""VENDOR-0001""]",,cause:16:34,background:EP-000532,SYNTHETIC
EP-000533,INC-000533,SOFTWARE_REGRESSION,COMP-0008,KE-0017,ROLLBACK_RELEASE,"[""APP-0008"", ""CAP-0004"", ""CLOUD-0008"", ""COMP-0003"", ""COMP-0011"", ""COMP-0013"", ""COMP-0016"", ""COMP-0017"", ""COMP-0019"", ""COMP-0021"", ""COMP-0025"", ""COMP-0029"", ""DATA-0002"", ""INFRA-0003"", ""INFRA-0004"", ""INFRA-0005"", ""POL-0001"", ""POL-0002"", ""POL-0003"", ""POL-0004"", ""SVC-0008"", ""TEAM-0001"", ""VENDOR-0001"", ""VENDOR-0003""]",CHG-000533,cause:16:35,background:EP-000533,SYNTHETIC
EP-000534,INC-000534,SOFTWARE_REGRESSION,COMP-0015,KE-0017,ROLLBACK_RELEASE,"[""APP-0004"", ""CAP-0001"", ""CLOUD-0015"", ""COMP-0030"", ""DATA-0005"", ""INFRA-0001"", ""INFRA-0002"", ""INFRA-0004"", ""INFRA-0006"", ""POL-0002"", ""POL-0003"", ""POL-0004"", ""SVC-0010"", ""SVC-0015"", ""TEAM-0001"", ""VENDOR-0004""]",,cause:16:36,background:EP-000534,SYNTHETIC
EP-000535,INC-000535,SOFTWARE_REGRESSION,COMP-0022,KE-0017,ROLLBACK_RELEASE,"[""APP-0004"", ""CAP-0004"", ""CLOUD-0001"", ""COMP-0001"", ""COMP-0002"", ""COMP-0005"", ""COMP-0007"", ""COMP-0012"", ""COMP-0016"", ""COMP-0023"", ""COMP-0027"", ""COMP-0029"", ""DATA-0003"", ""INFRA-0004"", ""INFRA-0005"", ""INFRA-0006"", ""INFRA-0007"", ""POL-0002"", ""POL-0003"", ""POL-0004"", ""SVC-0004"", ""TEAM-0004"", ""VENDOR-0003"", ""VENDOR-0004""]",,cause:16:37,background:EP-000535,SYNTHETIC
EP-000536,INC-000536,SOFTWARE_REGRESSION,COMP-0029,KE-0017,ROLLBACK_RELEASE,"[""APP-0011"", ""CAP-0001"", ""CLOUD-0008"", ""COMP-0003"", ""COMP-0006"", ""COMP-0007"", ""COMP-0011"", ""COMP-0016"", ""COMP-0017"", ""COMP-0019"", ""COMP-0021"", ""COMP-0023"", ""COMP-0025"", ""DATA-0002"", ""DATA-0003"", ""DATA-0009"", ""INFRA-0003"", ""POL-0001"", ""POL-0002"", ""POL-0003"", ""POL-0004"", ""SVC-0011"", ""TEAM-0004""]",CHG-000536,cause:16:38,background:EP-000536,SYNTHETIC
EP-000537,INC-000537,SOFTWARE_REGRESSION,COMP-0006,KE-0017,ROLLBACK_RELEASE,"[""APP-0006"", ""CAP-0004"", ""CLOUD-0006"", ""COMP-0003"", ""COMP-0005"", ""COMP-0008"", ""COMP-0009"", ""COMP-0013"", ""COMP-0014"", ""COMP-0016"", ""COMP-0017"", ""COMP-0023"", ""COMP-0025"", ""COMP-0029"", ""COMP-0030"", ""DATA-0001"", ""INFRA-0005"", ""INFRA-0006"", ""POL-0002"", ""POL-0003"", ""POL-0004"", ""SVC-0005"", ""SVC-0006"", ""TEAM-0006""]",,cause:16:39,background:EP-000537,SYNTHETIC
EP-000538,INC-000538,SOFTWARE_REGRESSION,COMP-0013,KE-0017,ROLLBACK_RELEASE,"[""APP-0002"", ""CAP-0001"", ""CLOUD-0013"", ""COMP-0003"", ""COMP-0006"", ""COMP-0008"", ""COMP-0011"", ""COMP-0019"", ""COMP-0021"", ""COMP-0029"", ""DATA-0003"", ""DATA-0009"", ""DATA-0010"", ""INFRA-0005"", ""POL-0001"", ""POL-0002"", ""POL-0003"", ""POL-0004"", ""SVC-0013"", ""TEAM-0006"", ""VENDOR-0001""]",CHG-000538,cause:16:40,background:EP-000538,SYNTHETIC
EP-000539,INC-000539,SOFTWARE_REGRESSION,COMP-0020,KE-0017,ROLLBACK_RELEASE,"[""APP-0002"", ""CAP-0004"", ""CLOUD-0020"", ""COMP-0001"", ""COMP-0005"", ""COMP-0010"", ""COMP-0012"", ""COMP-0016"", ""COMP-0019"", ""COMP-0025"", ""COMP-0027"", ""DATA-0003"", ""INFRA-0001"", ""INFRA-0008"", ""POL-0001"", ""POL-0002"", ""POL-0003"", ""POL-0004"", ""SVC-0002"", ""TEAM-0002"", ""VENDOR-0002"", ""VENDOR-0003"", ""VENDOR-0004""]",CHG-000539,cause:16:41,background:EP-000539,SYNTHETIC
EP-000540,INC-000540,SOFTWARE_REGRESSION,COMP-0027,KE-0017,ROLLBACK_RELEASE,"[""APP-0009"", ""CAP-0001"", ""CLOUD-0006"", ""COMP-0001"", ""COMP-0005"", ""COMP-0006"", ""COMP-0007"", ""COMP-0010"", ""COMP-0012"", ""COMP-0016"", ""COMP-0020"", ""COMP-0021"", ""COMP-0025"", ""DATA-0007"", ""DATA-0008"", ""INFRA-0003"", ""POL-0002"", ""POL-0003"", ""POL-0004"", ""SVC-0009"", ""TEAM-0002"", ""VENDOR-0001"", ""VENDOR-0003""]",,cause:16:42,background:EP-000540,SYNTHETIC
EP-000541,INC-000541,SOFTWARE_REGRESSION,COMP-0004,KE-0017,ROLLBACK_RELEASE,"[""APP-0004"", ""CAP-0004"", ""CLOUD-0004"", ""COMP-0003"", ""COMP-0011"", ""COMP-0017"", ""COMP-0019"", ""COMP-0021"", ""COMP-0025"", ""COMP-0029"", ""DATA-0001"", ""INFRA-0004"", ""INFRA-0005"", ""INFRA-0006"", ""INFRA-0007"", ""POL-0001"", ""POL-0002"", ""POL-0003"", ""POL-0004"", ""SVC-0004"", ""TEAM-0004"", ""VENDOR-0003"", ""VENDOR-0004""]",,cause:16:43,background:EP-000541,SYNTHETIC
EP-000542,INC-000542,SOFTWARE_REGRESSION,COMP-0011,KE-0017,ROLLBACK_RELEASE,"[""APP-0011"", ""CAP-0001"", ""CLOUD-0011"", ""COMP-0003"", ""COMP-0008"", ""COMP-0010"", ""COMP-0013"", ""COMP-0021"", ""COMP-0025"", ""DATA-0001"", ""DATA-0009"", ""INFRA-0003"", ""INFRA-0006"", ""POL-0001"", ""POL-0002"", ""POL-0004"", ""SVC-0011"", ""SVC-0012"", ""TEAM-0004"", ""VENDOR-0004""]",,cause:16:44,background:EP-000542,SYNTHETIC
EP-000543,INC-000543,SOFTWARE_REGRESSION,COMP-0018,KE-0017,ROLLBACK_RELEASE,"[""APP-0007"", ""CAP-0004"", ""CLOUD-0018"", ""COMP-0026"", ""DATA-0007"", ""INFRA-0003"", ""INFRA-0004"", ""INFRA-0007"", ""POL-0001"", ""POL-0004"", ""SVC-0014"", ""SVC-0018"", ""TEAM-0004"", ""VENDOR-0001""]",,cause:16:45,background:EP-000543,SYNTHETIC
EP-000544,INC-000544,SOFTWARE_REGRESSION,COMP-0025,KE-0017,ROLLBACK_RELEASE,"[""APP-0007"", ""CAP-0001"", ""CLOUD-0004"", ""COMP-0001"", ""COMP-0004"", ""COMP-0010"", ""COMP-0016"", ""COMP-0017"", ""COMP-0021"", ""COMP-0029"", ""DATA-0002"", ""DATA-0005"", ""INFRA-0001"", ""POL-0001"", ""POL-0002"", ""POL-0004"", ""SVC-0007"", ""TEAM-0007""]",,cause:16:46,background:EP-000544,SYNTHETIC
EP-000545,INC-000545,SOFTWARE_REGRESSION,COMP-0002,KE-0017,ROLLBACK_RELEASE,"[""APP-0002"", ""CAP-0004"", ""CLOUD-0002"", ""COMP-0001"", ""COMP-0005"", ""COMP-0007"", ""COMP-0016"", ""COMP-0017"", ""COMP-0021"", ""COMP-0027"", ""COMP-0029"", ""DATA-0001"", ""DATA-0006"", ""DATA-0010"", ""INFRA-0001"", ""POL-0001"", ""POL-0002"", ""POL-0003"", ""POL-0004"", ""SVC-0002"", ""TEAM-0002"", ""VENDOR-0002"", ""VENDOR-0004""]",,cause:16:47,background:EP-000545,SYNTHETIC
EP-000546,INC-000546,SOFTWARE_REGRESSION,COMP-0009,KE-0017,ROLLBACK_RELEASE,"[""APP-0009"", ""CAP-0001"", ""CLOUD-0009"", ""COMP-0006"", ""COMP-0008"", ""COMP-0013"", ""COMP-0016"", ""COMP-0017"", ""COMP-0025"", ""COMP-0029"", ""COMP-0030"", ""DATA-0009"", ""INFRA-0001"", ""INFRA-0003"", ""POL-0002"", ""POL-0003"", ""POL-0004"", ""SVC-0009"", ""SVC-0018"", ""TEAM-0002"", ""VENDOR-0001"", ""VENDOR-0003"", ""VENDOR-0004""]",,cause:16:48,background:EP-000546,SYNTHETIC
EP-000547,INC-000547,SOFTWARE_REGRESSION,COMP-0016,KE-0017,ROLLBACK_RELEASE,"[""APP-0005"", ""CAP-0004"", ""CLOUD-0016"", ""COMP-0001"", ""COMP-0003"", ""COMP-0012"", ""COMP-0017"", ""COMP-0023"", ""COMP-0029"", ""DATA-0003"", ""DATA-0008"", ""DATA-0009"", ""INFRA-0008"", ""POL-0002"", ""POL-0003"", ""POL-0004"", ""SVC-0016"", ""TEAM-0002""]",,cause:16:49,background:EP-000547,SYNTHETIC
EP-000548,INC-000548,SOFTWARE_REGRESSION,COMP-0023,KE-0017,ROLLBACK_RELEASE,"[""APP-0005"", ""CAP-0001"", ""CLOUD-0002"", ""COMP-0003"", ""COMP-0011"", ""COMP-0016"", ""COMP-0017"", ""COMP-0019"", ""COMP-0026"", ""DATA-0003"", ""DATA-0006"", ""DATA-0007"", ""DATA-0008"", ""POL-0002"", ""POL-0003"", ""POL-0004"", ""SVC-0005"", ""TEAM-0005"", ""VENDOR-0001""]",,cause:16:50,background:EP-000548,SYNTHETIC
EP-000549,INC-000549,SOFTWARE_REGRESSION,COMP-0030,KE-0017,ROLLBACK_RELEASE,"[""APP-0001"", ""CAP-0004"", ""CLOUD-0009"", ""COMP-0006"", ""COMP-0009"", ""COMP-0015"", ""COMP-0024"", ""DATA-0001"", ""DATA-0006"", ""DATA-0010"", ""POL-0002"", ""POL-0003"", ""POL-0004"", ""SVC-0012"", ""TEAM-0005""]",,cause:16:51,background:EP-000549,SYNTHETIC
EP-000550,INC-000550,SOFTWARE_REGRESSION,COMP-0007,KE-0017,ROLLBACK_RELEASE,"[""APP-0007"", ""CAP-0001"", ""CLOUD-0007"", ""COMP-0001"", ""COMP-0002"", ""COMP-0005"", ""COMP-0016"", ""COMP-0017"", ""COMP-0021"", ""COMP-0022"", ""COMP-0025"", ""COMP-0027"", ""COMP-0029"", ""DATA-0007"", ""DATA-0008"", ""INFRA-0007"", ""POL-0001"", ""POL-0003"", ""POL-0004"", ""SVC-0005"", ""SVC-0007"", ""TEAM-0007"", ""VENDOR-0003""]",CHG-000550,cause:16:52,background:EP-000550,SYNTHETIC
EP-000551,INC-000551,SOFTWARE_REGRESSION,COMP-0014,KE-0017,ROLLBACK_RELEASE,"[""APP-0003"", ""CAP-0004"", ""CLOUD-0014"", ""COMP-0006"", ""COMP-0008"", ""COMP-0013"", ""COMP-0016"", ""COMP-0017"", ""COMP-0025"", ""COMP-0029"", ""COMP-0030"", ""DATA-0004"", ""DATA-0008"", ""DATA-0009"", ""INFRA-0001"", ""POL-0001"", ""POL-0002"", ""POL-0003"", ""POL-0004"", ""SVC-0014"", ""SVC-0015"", ""TEAM-0007"", ""VENDOR-0001"", ""VENDOR-0003""]",,cause:16:53,background:EP-000551,SYNTHETIC
EP-000552,INC-000552,SOFTWARE_REGRESSION,COMP-0021,KE-0017,ROLLBACK_RELEASE,"[""APP-0003"", ""CAP-0001"", ""CLOUD-0021"", ""COMP-0002"", ""COMP-0003"", ""COMP-0005"", ""COMP-0008"", ""COMP-0016"", ""COMP-0017"", ""COMP-0023"", ""COMP-0025"", ""COMP-0029"", ""DATA-0001"", ""DATA-0007"", ""DATA-0010"", ""POL-0001"", ""POL-0002"", ""POL-0003"", ""POL-0004"", ""SVC-0003"", ""TEAM-0003""]",,cause:16:54,background:EP-000552,SYNTHETIC
EP-000553,INC-000553,SOFTWARE_REGRESSION,COMP-0028,KE-0017,ROLLBACK_RELEASE,"[""APP-0010"", ""CAP-0004"", ""CLOUD-0007"", ""COMP-0003"", ""COMP-0011"", ""COMP-0017"", ""COMP-0019"", ""DATA-0002"", ""DATA-0003"", ""DATA-0005"", ""DATA-0006"", ""DATA-0010"", ""INFRA-0004"", ""POL-0001"", ""POL-0002"", ""POL-0003"", ""POL-0004"", ""SVC-0010"", ""SVC-0013"", ""TEAM-0003""]",,cause:16:55,background:EP-000553,SYNTHETIC
EP-000554,INC-000554,SOFTWARE_REGRESSION,COMP-0005,KE-0017,ROLLBACK_RELEASE,"[""APP-0005"", ""CAP-0001"", ""CLOUD-0005"", ""COMP-0001"", ""COMP-0006"", ""COMP-0010"", ""COMP-0013"", ""COMP-0020"", ""COMP-0021"", ""COMP-0025"", ""COMP-0027"", ""COMP-0029"", ""COMP-0030"", ""DATA-0005"", ""DATA-0008"", ""INFRA-0005"", ""POL-0001"", ""POL-0002"", ""POL-0003"", ""POL-0004"", ""SVC-0001"", ""SVC-0005"", ""TEAM-0005"", ""VENDOR-0001""]",CHG-000554,cause:16:56,background:EP-000554,SYNTHETIC
EP-000555,INC-000555,SOFTWARE_REGRESSION,COMP-0012,KE-0017,ROLLBACK_RELEASE,"[""APP-0001"", ""CAP-0004"", ""CLOUD-0012"", ""COMP-0001"", ""COMP-0016"", ""COMP-0017"", ""COMP-0020"", ""COMP-0022"", ""COMP-0023"", ""DATA-0002"", ""DATA-0004"", ""DATA-0009"", ""INFRA-0006"", ""POL-0002"", ""POL-0003"", ""POL-0004"", ""SVC-0012"", ""TEAM-0005""]",CHG-000555,cause:16:57,background:EP-000555,SYNTHETIC
EP-000556,INC-000556,SOFTWARE_REGRESSION,COMP-0019,KE-0017,ROLLBACK_RELEASE,"[""APP-0001"", ""CAP-0001"", ""CLOUD-0019"", ""COMP-0003"", ""COMP-0010"", ""COMP-0011"", ""COMP-0013"", ""COMP-0020"", ""COMP-0024"", ""COMP-0030"", ""DATA-0003"", ""DATA-0009"", ""INFRA-0001"", ""INFRA-0003"", ""POL-0001"", ""POL-0002"", ""POL-0003"", ""POL-0004"", ""SVC-0001"", ""TEAM-0001"", ""VENDOR-0001""]",,cause:16:58,background:EP-000556,SYNTHETIC
EP-000557,INC-000557,SOFTWARE_REGRESSION,COMP-0026,KE-0017,ROLLBACK_RELEASE,"[""APP-0008"", ""CAP-0004"", ""CLOUD-0005"", ""COMP-0003"", ""COMP-0011"", ""COMP-0017"", ""COMP-0018"", ""COMP-0019"", ""COMP-0023"", ""DATA-0001"", ""DATA-0007"", ""DATA-0008"", ""INFRA-0003"", ""INFRA-0005"", ""POL-0001"", ""POL-0002"", ""POL-0003"", ""POL-0004"", ""SVC-0008"", ""TEAM-0001"", ""VENDOR-0001"", ""VENDOR-0003""]",,cause:16:59,background:EP-000557,SYNTHETIC
EP-000558,INC-000558,SOFTWARE_REGRESSION,COMP-0003,KE-0017,ROLLBACK_RELEASE,"[""APP-0003"", ""CAP-0001"", ""CLOUD-0003"", ""COMP-0008"", ""COMP-0010"", ""COMP-0011"", ""COMP-0013"", ""COMP-0017"", ""COMP-0019"", ""COMP-0024"", ""COMP-0025"", ""COMP-0030"", ""DATA-0003"", ""DATA-0006"", ""DATA-0007"", ""DATA-0009"", ""POL-0001"", ""POL-0002"", ""POL-0003"", ""POL-0004"", ""SVC-0003"", ""TEAM-0003""]",CHG-000558,cause:16:60,background:EP-000558,SYNTHETIC
EP-000559,INC-000559,SOFTWARE_REGRESSION,COMP-0010,KE-0017,ROLLBACK_RELEASE,"[""APP-0010"", ""CAP-0004"", ""CLOUD-0010"", ""COMP-0001"", ""COMP-0005"", ""COMP-0011"", ""COMP-0021"", ""COMP-0025"", ""COMP-0029"", ""DATA-0001"", ""DATA-0003"", ""INFRA-0002"", ""POL-0001"", ""POL-0002"", ""POL-0004"", ""SVC-0010"", ""SVC-0013"", ""TEAM-0003""]",,cause:16:61,background:EP-000559,SYNTHETIC
EP-000560,INC-000560,SOFTWARE_REGRESSION,COMP-0017,KE-0017,ROLLBACK_RELEASE,"[""APP-0006"", ""CLOUD-0017"", ""COMP-0003"", ""COMP-0004"", ""COMP-0010"", ""COMP-0011"", ""COMP-0013"", ""COMP-0019"", ""COMP-0023"", ""COMP-0024"", ""COMP-0026"", ""COMP-0028"", ""COMP-0029"", ""DATA-0004"", ""DATA-0007"", ""DATA-0008"", ""DATA-0009"", ""POL-0001"", ""POL-0003"", ""POL-0004"", ""SVC-0017""]",,cause:16:62,background:EP-000560,SYNTHETIC
EP-000561,INC-000561,SOFTWARE_REGRESSION,COMP-0024,KE-0017,ROLLBACK_RELEASE,"[""APP-0006"", ""CAP-0004"", ""CLOUD-0003"", ""COMP-0019"", ""COMP-0030"", ""DATA-0007"", ""INFRA-0001"", ""INFRA-0004"", ""INFRA-0005"", ""INFRA-0006"", ""POL-0002"", ""POL-0003"", ""POL-0004"", ""SVC-0005"", ""SVC-0006"", ""TEAM-0006""]",,cause:16:63,background:EP-000561,SYNTHETIC
EP-000562,INC-000562,SOFTWARE_REGRESSION,COMP-0001,KE-0017,ROLLBACK_RELEASE,"[""APP-0001"", ""CAP-0001"", ""CLOUD-0001"", ""COMP-0005"", ""COMP-0006"", ""COMP-0010"", ""COMP-0012"", ""COMP-0016"", ""COMP-0020"", ""COMP-0021"", ""COMP-0023"", ""COMP-0025"", ""COMP-0027"", ""DATA-0001"", ""DATA-0006"", ""DATA-0007"", ""INFRA-0001"", ""POL-0001"", ""POL-0002"", ""POL-0003"", ""POL-0004"", ""SVC-0001"", ""TEAM-0001"", ""VENDOR-0001""]",,cause:16:64,background:EP-000562,SYNTHETIC
EP-000563,INC-000563,SOFTWARE_REGRESSION,COMP-0008,KE-0017,ROLLBACK_RELEASE,"[""APP-0008"", ""CAP-0004"", ""CLOUD-0008"", ""COMP-0003"", ""COMP-0011"", ""COMP-0013"", ""COMP-0016"", ""COMP-0017"", ""COMP-0019"", ""COMP-0021"", ""COMP-0025"", ""COMP-0029"", ""DATA-0002"", ""INFRA-0003"", ""INFRA-0004"", ""INFRA-0005"", ""POL-0001"", ""POL-0002"", ""POL-0003"", ""POL-0004"", ""SVC-0008"", ""TEAM-0001"", ""VENDOR-0001"", ""VENDOR-0003""]",,cause:16:65,background:EP-000563,SYNTHETIC
EP-000564,INC-000564,SOFTWARE_REGRESSION,COMP-0015,KE-0017,ROLLBACK_RELEASE,"[""APP-0004"", ""CAP-0001"", ""CLOUD-0015"", ""COMP-0030"", ""DATA-0005"", ""INFRA-0001"", ""INFRA-0002"", ""INFRA-0004"", ""INFRA-0006"", ""POL-0002"", ""POL-0003"", ""POL-0004"", ""SVC-0010"", ""SVC-0015"", ""TEAM-0001"", ""VENDOR-0004""]",,cause:16:66,background:EP-000564,SYNTHETIC
EP-000565,INC-000565,SOFTWARE_REGRESSION,COMP-0022,KE-0017,ROLLBACK_RELEASE,"[""APP-0004"", ""CAP-0004"", ""CLOUD-0001"", ""COMP-0001"", ""COMP-0002"", ""COMP-0005"", ""COMP-0007"", ""COMP-0012"", ""COMP-0016"", ""COMP-0023"", ""COMP-0027"", ""COMP-0029"", ""DATA-0003"", ""INFRA-0004"", ""INFRA-0005"", ""INFRA-0006"", ""INFRA-0007"", ""POL-0002"", ""POL-0003"", ""POL-0004"", ""SVC-0004"", ""TEAM-0004"", ""VENDOR-0003"", ""VENDOR-0004""]",,cause:16:67,background:EP-000565,SYNTHETIC
EP-000566,INC-000566,SOFTWARE_REGRESSION,COMP-0029,KE-0017,ROLLBACK_RELEASE,"[""APP-0011"", ""CAP-0001"", ""CLOUD-0008"", ""COMP-0003"", ""COMP-0006"", ""COMP-0007"", ""COMP-0011"", ""COMP-0016"", ""COMP-0017"", ""COMP-0019"", ""COMP-0021"", ""COMP-0023"", ""COMP-0025"", ""DATA-0002"", ""DATA-0003"", ""DATA-0009"", ""INFRA-0003"", ""POL-0001"", ""POL-0002"", ""POL-0003"", ""POL-0004"", ""SVC-0011"", ""TEAM-0004""]",CHG-000566,cause:16:68,background:EP-000566,SYNTHETIC
EP-000567,INC-000567,SOFTWARE_REGRESSION,COMP-0006,KE-0017,ROLLBACK_RELEASE,"[""APP-0006"", ""CAP-0004"", ""CLOUD-0006"", ""COMP-0003"", ""COMP-0005"", ""COMP-0008"", ""COMP-0009"", ""COMP-0013"", ""COMP-0014"", ""COMP-0016"", ""COMP-0017"", ""COMP-0023"", ""COMP-0025"", ""COMP-0029"", ""COMP-0030"", ""DATA-0001"", ""INFRA-0005"", ""INFRA-0006"", ""POL-0002"", ""POL-0003"", ""POL-0004"", ""SVC-0005"", ""SVC-0006"", ""TEAM-0006""]",CHG-000567,cause:16:69,background:EP-000567,SYNTHETIC
EP-000568,INC-000568,SOFTWARE_REGRESSION,COMP-0013,KE-0017,ROLLBACK_RELEASE,"[""APP-0002"", ""CAP-0001"", ""CLOUD-0013"", ""COMP-0003"", ""COMP-0006"", ""COMP-0008"", ""COMP-0011"", ""COMP-0019"", ""COMP-0021"", ""COMP-0029"", ""DATA-0003"", ""DATA-0009"", ""DATA-0010"", ""INFRA-0005"", ""POL-0001"", ""POL-0002"", ""POL-0003"", ""POL-0004"", ""SVC-0013"", ""TEAM-0006"", ""VENDOR-0001""]",CHG-000568,cause:16:70,background:EP-000568,SYNTHETIC
EP-000569,INC-000569,SOFTWARE_REGRESSION,COMP-0020,KE-0017,ROLLBACK_RELEASE,"[""APP-0002"", ""CAP-0004"", ""CLOUD-0020"", ""COMP-0001"", ""COMP-0005"", ""COMP-0010"", ""COMP-0012"", ""COMP-0016"", ""COMP-0019"", ""COMP-0025"", ""COMP-0027"", ""DATA-0003"", ""INFRA-0001"", ""INFRA-0008"", ""POL-0001"", ""POL-0002"", ""POL-0003"", ""POL-0004"", ""SVC-0002"", ""TEAM-0002"", ""VENDOR-0002"", ""VENDOR-0003"", ""VENDOR-0004""]",CHG-000569,cause:16:71,background:EP-000569,SYNTHETIC
EP-000570,INC-000570,SOFTWARE_REGRESSION,COMP-0027,KE-0017,ROLLBACK_RELEASE,"[""APP-0009"", ""CAP-0001"", ""CLOUD-0006"", ""COMP-0001"", ""COMP-0005"", ""COMP-0006"", ""COMP-0007"", ""COMP-0010"", ""COMP-0012"", ""COMP-0016"", ""COMP-0020"", ""COMP-0021"", ""COMP-0025"", ""DATA-0007"", ""DATA-0008"", ""INFRA-0003"", ""POL-0002"", ""POL-0003"", ""POL-0004"", ""SVC-0009"", ""TEAM-0002"", ""VENDOR-0001"", ""VENDOR-0003""]",CHG-000570,cause:16:72,background:EP-000570,SYNTHETIC
EP-000571,INC-000571,SOFTWARE_REGRESSION,COMP-0004,KE-0017,ROLLBACK_RELEASE,"[""APP-0004"", ""CAP-0004"", ""CLOUD-0004"", ""COMP-0003"", ""COMP-0011"", ""COMP-0017"", ""COMP-0019"", ""COMP-0021"", ""COMP-0025"", ""COMP-0029"", ""DATA-0001"", ""INFRA-0004"", ""INFRA-0005"", ""INFRA-0006"", ""INFRA-0007"", ""POL-0001"", ""POL-0002"", ""POL-0003"", ""POL-0004"", ""SVC-0004"", ""TEAM-0004"", ""VENDOR-0003"", ""VENDOR-0004""]",,cause:16:73,background:EP-000571,SYNTHETIC
EP-000572,INC-000572,SOFTWARE_REGRESSION,COMP-0011,KE-0017,ROLLBACK_RELEASE,"[""APP-0011"", ""CAP-0001"", ""CLOUD-0011"", ""COMP-0003"", ""COMP-0008"", ""COMP-0010"", ""COMP-0013"", ""COMP-0021"", ""COMP-0025"", ""DATA-0001"", ""DATA-0009"", ""INFRA-0003"", ""INFRA-0006"", ""POL-0001"", ""POL-0002"", ""POL-0004"", ""SVC-0011"", ""SVC-0012"", ""TEAM-0004"", ""VENDOR-0004""]",,cause:16:74,background:EP-000572,SYNTHETIC
EP-000573,INC-000573,SOFTWARE_REGRESSION,COMP-0018,KE-0017,ROLLBACK_RELEASE,"[""APP-0007"", ""CAP-0004"", ""CLOUD-0018"", ""COMP-0026"", ""DATA-0007"", ""INFRA-0003"", ""INFRA-0004"", ""INFRA-0007"", ""POL-0001"", ""POL-0004"", ""SVC-0014"", ""SVC-0018"", ""TEAM-0004"", ""VENDOR-0001""]",,cause:16:75,background:EP-000573,SYNTHETIC
EP-000574,INC-000574,SOFTWARE_REGRESSION,COMP-0025,KE-0017,ROLLBACK_RELEASE,"[""APP-0007"", ""CAP-0001"", ""CLOUD-0004"", ""COMP-0001"", ""COMP-0004"", ""COMP-0010"", ""COMP-0016"", ""COMP-0017"", ""COMP-0021"", ""COMP-0029"", ""DATA-0002"", ""DATA-0005"", ""INFRA-0001"", ""POL-0001"", ""POL-0002"", ""POL-0004"", ""SVC-0007"", ""TEAM-0007""]",CHG-000574,cause:16:76,background:EP-000574,SYNTHETIC
EP-000575,INC-000575,SOFTWARE_REGRESSION,COMP-0002,KE-0017,ROLLBACK_RELEASE,"[""APP-0002"", ""CAP-0004"", ""CLOUD-0002"", ""COMP-0001"", ""COMP-0005"", ""COMP-0007"", ""COMP-0016"", ""COMP-0017"", ""COMP-0021"", ""COMP-0027"", ""COMP-0029"", ""DATA-0001"", ""DATA-0006"", ""DATA-0010"", ""INFRA-0001"", ""POL-0001"", ""POL-0002"", ""POL-0003"", ""POL-0004"", ""SVC-0002"", ""TEAM-0002"", ""VENDOR-0002"", ""VENDOR-0004""]",,cause:16:77,background:EP-000575,SYNTHETIC
EP-000576,INC-000576,SOFTWARE_REGRESSION,COMP-0009,KE-0017,ROLLBACK_RELEASE,"[""APP-0009"", ""CAP-0001"", ""CLOUD-0009"", ""COMP-0006"", ""COMP-0008"", ""COMP-0013"", ""COMP-0016"", ""COMP-0017"", ""COMP-0025"", ""COMP-0029"", ""COMP-0030"", ""DATA-0009"", ""INFRA-0001"", ""INFRA-0003"", ""POL-0002"", ""POL-0003"", ""POL-0004"", ""SVC-0009"", ""SVC-0018"", ""TEAM-0002"", ""VENDOR-0001"", ""VENDOR-0003"", ""VENDOR-0004""]",,cause:16:78,background:EP-000576,SYNTHETIC
EP-000577,INC-000577,SOFTWARE_REGRESSION,COMP-0016,KE-0017,ROLLBACK_RELEASE,"[""APP-0005"", ""CAP-0004"", ""CLOUD-0016"", ""COMP-0001"", ""COMP-0003"", ""COMP-0012"", ""COMP-0017"", ""COMP-0023"", ""COMP-0029"", ""DATA-0003"", ""DATA-0008"", ""DATA-0009"", ""INFRA-0008"", ""POL-0002"", ""POL-0003"", ""POL-0004"", ""SVC-0016"", ""TEAM-0002""]",,cause:16:79,background:EP-000577,SYNTHETIC
EP-000578,INC-000578,SOFTWARE_REGRESSION,COMP-0023,KE-0017,ROLLBACK_RELEASE,"[""APP-0005"", ""CAP-0001"", ""CLOUD-0002"", ""COMP-0003"", ""COMP-0011"", ""COMP-0016"", ""COMP-0017"", ""COMP-0019"", ""COMP-0026"", ""DATA-0003"", ""DATA-0006"", ""DATA-0007"", ""DATA-0008"", ""POL-0002"", ""POL-0003"", ""POL-0004"", ""SVC-0005"", ""TEAM-0005"", ""VENDOR-0001""]",CHG-000578,cause:16:80,background:EP-000578,SYNTHETIC
EP-000579,INC-000579,SOFTWARE_REGRESSION,COMP-0030,KE-0017,ROLLBACK_RELEASE,"[""APP-0001"", ""CAP-0004"", ""CLOUD-0009"", ""COMP-0006"", ""COMP-0009"", ""COMP-0015"", ""COMP-0024"", ""DATA-0001"", ""DATA-0006"", ""DATA-0010"", ""POL-0002"", ""POL-0003"", ""POL-0004"", ""SVC-0012"", ""TEAM-0005""]",,cause:16:81,background:EP-000579,SYNTHETIC
EP-000580,INC-000580,SOFTWARE_REGRESSION,COMP-0007,KE-0017,ROLLBACK_RELEASE,"[""APP-0007"", ""CAP-0001"", ""CLOUD-0007"", ""COMP-0001"", ""COMP-0002"", ""COMP-0005"", ""COMP-0016"", ""COMP-0017"", ""COMP-0021"", ""COMP-0022"", ""COMP-0025"", ""COMP-0027"", ""COMP-0029"", ""DATA-0007"", ""DATA-0008"", ""INFRA-0007"", ""POL-0001"", ""POL-0003"", ""POL-0004"", ""SVC-0005"", ""SVC-0007"", ""TEAM-0007"", ""VENDOR-0003""]",,cause:16:82,background:EP-000580,SYNTHETIC
EP-000581,INC-000581,SOFTWARE_REGRESSION,COMP-0014,KE-0017,ROLLBACK_RELEASE,"[""APP-0003"", ""CAP-0004"", ""CLOUD-0014"", ""COMP-0006"", ""COMP-0008"", ""COMP-0013"", ""COMP-0016"", ""COMP-0017"", ""COMP-0025"", ""COMP-0029"", ""COMP-0030"", ""DATA-0004"", ""DATA-0008"", ""DATA-0009"", ""INFRA-0001"", ""POL-0001"", ""POL-0002"", ""POL-0003"", ""POL-0004"", ""SVC-0014"", ""SVC-0015"", ""TEAM-0007"", ""VENDOR-0001"", ""VENDOR-0003""]",,cause:16:83,background:EP-000581,SYNTHETIC
EP-000582,INC-000582,SOFTWARE_REGRESSION,COMP-0021,KE-0017,ROLLBACK_RELEASE,"[""APP-0003"", ""CAP-0001"", ""CLOUD-0021"", ""COMP-0002"", ""COMP-0003"", ""COMP-0005"", ""COMP-0008"", ""COMP-0016"", ""COMP-0017"", ""COMP-0023"", ""COMP-0025"", ""COMP-0029"", ""DATA-0001"", ""DATA-0007"", ""DATA-0010"", ""POL-0001"", ""POL-0002"", ""POL-0003"", ""POL-0004"", ""SVC-0003"", ""TEAM-0003""]",,cause:16:84,background:EP-000582,SYNTHETIC
EP-000583,INC-000583,SOFTWARE_REGRESSION,COMP-0028,KE-0017,ROLLBACK_RELEASE,"[""APP-0010"", ""CAP-0004"", ""CLOUD-0007"", ""COMP-0003"", ""COMP-0011"", ""COMP-0017"", ""COMP-0019"", ""DATA-0002"", ""DATA-0003"", ""DATA-0005"", ""DATA-0006"", ""DATA-0010"", ""INFRA-0004"", ""POL-0001"", ""POL-0002"", ""POL-0003"", ""POL-0004"", ""SVC-0010"", ""SVC-0013"", ""TEAM-0003""]",,cause:16:85,background:EP-000583,SYNTHETIC
EP-000584,INC-000584,SOFTWARE_REGRESSION,COMP-0005,KE-0017,ROLLBACK_RELEASE,"[""APP-0005"", ""CAP-0001"", ""CLOUD-0005"", ""COMP-0001"", ""COMP-0006"", ""COMP-0010"", ""COMP-0013"", ""COMP-0020"", ""COMP-0021"", ""COMP-0025"", ""COMP-0027"", ""COMP-0029"", ""COMP-0030"", ""DATA-0005"", ""DATA-0008"", ""INFRA-0005"", ""POL-0001"", ""POL-0002"", ""POL-0003"", ""POL-0004"", ""SVC-0001"", ""SVC-0005"", ""TEAM-0005"", ""VENDOR-0001""]",,cause:16:86,background:EP-000584,SYNTHETIC
EP-000585,INC-000585,SOFTWARE_REGRESSION,COMP-0012,KE-0017,ROLLBACK_RELEASE,"[""APP-0001"", ""CAP-0004"", ""CLOUD-0012"", ""COMP-0001"", ""COMP-0016"", ""COMP-0017"", ""COMP-0020"", ""COMP-0022"", ""COMP-0023"", ""DATA-0002"", ""DATA-0004"", ""DATA-0009"", ""INFRA-0006"", ""POL-0002"", ""POL-0003"", ""POL-0004"", ""SVC-0012"", ""TEAM-0005""]",CHG-000585,cause:16:87,background:EP-000585,SYNTHETIC
EP-000586,INC-000586,SOFTWARE_REGRESSION,COMP-0019,KE-0017,ROLLBACK_RELEASE,"[""APP-0001"", ""CAP-0001"", ""CLOUD-0019"", ""COMP-0003"", ""COMP-0010"", ""COMP-0011"", ""COMP-0013"", ""COMP-0020"", ""COMP-0024"", ""COMP-0030"", ""DATA-0003"", ""DATA-0009"", ""INFRA-0001"", ""INFRA-0003"", ""POL-0001"", ""POL-0002"", ""POL-0003"", ""POL-0004"", ""SVC-0001"", ""TEAM-0001"", ""VENDOR-0001""]",CHG-000586,cause:16:88,background:EP-000586,SYNTHETIC
EP-000587,INC-000587,SOFTWARE_REGRESSION,COMP-0026,KE-0017,ROLLBACK_RELEASE,"[""APP-0008"", ""CAP-0004"", ""CLOUD-0005"", ""COMP-0003"", ""COMP-0011"", ""COMP-0017"", ""COMP-0018"", ""COMP-0019"", ""COMP-0023"", ""DATA-0001"", ""DATA-0007"", ""DATA-0008"", ""INFRA-0003"", ""INFRA-0005"", ""POL-0001"", ""POL-0002"", ""POL-0003"", ""POL-0004"", ""SVC-0008"", ""TEAM-0001"", ""VENDOR-0001"", ""VENDOR-0003""]",CHG-000587,cause:16:89,background:EP-000587,SYNTHETIC
EP-000588,INC-000588,SOFTWARE_REGRESSION,COMP-0003,KE-0017,ROLLBACK_RELEASE,"[""APP-0003"", ""CAP-0001"", ""CLOUD-0003"", ""COMP-0008"", ""COMP-0010"", ""COMP-0011"", ""COMP-0013"", ""COMP-0017"", ""COMP-0019"", ""COMP-0024"", ""COMP-0025"", ""COMP-0030"", ""DATA-0003"", ""DATA-0006"", ""DATA-0007"", ""DATA-0009"", ""POL-0001"", ""POL-0002"", ""POL-0003"", ""POL-0004"", ""SVC-0003"", ""TEAM-0003""]",,cause:16:90,background:EP-000588,SYNTHETIC
EP-000589,INC-000589,SOFTWARE_REGRESSION,COMP-0010,KE-0017,ROLLBACK_RELEASE,"[""APP-0010"", ""CAP-0004"", ""CLOUD-0010"", ""COMP-0001"", ""COMP-0005"", ""COMP-0011"", ""COMP-0021"", ""COMP-0025"", ""COMP-0029"", ""DATA-0001"", ""DATA-0003"", ""INFRA-0002"", ""POL-0001"", ""POL-0002"", ""POL-0004"", ""SVC-0010"", ""SVC-0013"", ""TEAM-0003""]",,cause:16:91,background:EP-000589,SYNTHETIC
EP-000590,INC-000590,SOFTWARE_REGRESSION,COMP-0017,KE-0017,ROLLBACK_RELEASE,"[""APP-0006"", ""CLOUD-0017"", ""COMP-0003"", ""COMP-0004"", ""COMP-0010"", ""COMP-0011"", ""COMP-0013"", ""COMP-0019"", ""COMP-0023"", ""COMP-0024"", ""COMP-0026"", ""COMP-0028"", ""COMP-0029"", ""DATA-0004"", ""DATA-0007"", ""DATA-0008"", ""DATA-0009"", ""POL-0001"", ""POL-0003"", ""POL-0004"", ""SVC-0017""]",,cause:16:92,background:EP-000590,SYNTHETIC
EP-000591,INC-000591,SOFTWARE_REGRESSION,COMP-0024,KE-0017,ROLLBACK_RELEASE,"[""APP-0006"", ""CAP-0004"", ""CLOUD-0003"", ""COMP-0019"", ""COMP-0030"", ""DATA-0007"", ""INFRA-0001"", ""INFRA-0004"", ""INFRA-0005"", ""INFRA-0006"", ""POL-0002"", ""POL-0003"", ""POL-0004"", ""SVC-0005"", ""SVC-0006"", ""TEAM-0006""]",,cause:16:93,background:EP-000591,SYNTHETIC
EP-000592,INC-000592,SOFTWARE_REGRESSION,COMP-0001,KE-0017,ROLLBACK_RELEASE,"[""APP-0001"", ""CAP-0001"", ""CLOUD-0001"", ""COMP-0005"", ""COMP-0006"", ""COMP-0010"", ""COMP-0012"", ""COMP-0016"", ""COMP-0020"", ""COMP-0021"", ""COMP-0023"", ""COMP-0025"", ""COMP-0027"", ""DATA-0001"", ""DATA-0006"", ""DATA-0007"", ""INFRA-0001"", ""POL-0001"", ""POL-0002"", ""POL-0003"", ""POL-0004"", ""SVC-0001"", ""TEAM-0001"", ""VENDOR-0001""]",,cause:16:94,background:EP-000592,SYNTHETIC
EP-000593,INC-000593,SOFTWARE_REGRESSION,COMP-0008,KE-0017,ROLLBACK_RELEASE,"[""APP-0008"", ""CAP-0004"", ""CLOUD-0008"", ""COMP-0003"", ""COMP-0011"", ""COMP-0013"", ""COMP-0016"", ""COMP-0017"", ""COMP-0019"", ""COMP-0021"", ""COMP-0025"", ""COMP-0029"", ""DATA-0002"", ""INFRA-0003"", ""INFRA-0004"", ""INFRA-0005"", ""POL-0001"", ""POL-0002"", ""POL-0003"", ""POL-0004"", ""SVC-0008"", ""TEAM-0001"", ""VENDOR-0001"", ""VENDOR-0003""]",,cause:16:95,background:EP-000593,SYNTHETIC
EP-000594,INC-000594,SOFTWARE_REGRESSION,COMP-0015,KE-0017,ROLLBACK_RELEASE,"[""APP-0004"", ""CAP-0001"", ""CLOUD-0015"", ""COMP-0030"", ""DATA-0005"", ""INFRA-0001"", ""INFRA-0002"", ""INFRA-0004"", ""INFRA-0006"", ""POL-0002"", ""POL-0003"", ""POL-0004"", ""SVC-0010"", ""SVC-0015"", ""TEAM-0001"", ""VENDOR-0004""]",,cause:16:96,background:EP-000594,SYNTHETIC
EP-000595,INC-000595,SOFTWARE_REGRESSION,COMP-0022,KE-0017,ROLLBACK_RELEASE,"[""APP-0004"", ""CAP-0004"", ""CLOUD-0001"", ""COMP-0001"", ""COMP-0002"", ""COMP-0005"", ""COMP-0007"", ""COMP-0012"", ""COMP-0016"", ""COMP-0023"", ""COMP-0027"", ""COMP-0029"", ""DATA-0003"", ""INFRA-0004"", ""INFRA-0005"", ""INFRA-0006"", ""INFRA-0007"", ""POL-0002"", ""POL-0003"", ""POL-0004"", ""SVC-0004"", ""TEAM-0004"", ""VENDOR-0003"", ""VENDOR-0004""]",,cause:16:97,background:EP-000595,SYNTHETIC
EP-000596,INC-000596,SOFTWARE_REGRESSION,COMP-0029,KE-0017,ROLLBACK_RELEASE,"[""APP-0011"", ""CAP-0001"", ""CLOUD-0008"", ""COMP-0003"", ""COMP-0006"", ""COMP-0007"", ""COMP-0011"", ""COMP-0016"", ""COMP-0017"", ""COMP-0019"", ""COMP-0021"", ""COMP-0023"", ""COMP-0025"", ""DATA-0002"", ""DATA-0003"", ""DATA-0009"", ""INFRA-0003"", ""POL-0001"", ""POL-0002"", ""POL-0003"", ""POL-0004"", ""SVC-0011"", ""TEAM-0004""]",,cause:16:98,background:EP-000596,SYNTHETIC
EP-000597,INC-000597,SOFTWARE_REGRESSION,COMP-0006,KE-0017,ROLLBACK_RELEASE,"[""APP-0006"", ""CAP-0004"", ""CLOUD-0006"", ""COMP-0003"", ""COMP-0005"", ""COMP-0008"", ""COMP-0009"", ""COMP-0013"", ""COMP-0014"", ""COMP-0016"", ""COMP-0017"", ""COMP-0023"", ""COMP-0025"", ""COMP-0029"", ""COMP-0030"", ""DATA-0001"", ""INFRA-0005"", ""INFRA-0006"", ""POL-0002"", ""POL-0003"", ""POL-0004"", ""SVC-0005"", ""SVC-0006"", ""TEAM-0006""]",,cause:16:99,background:EP-000597,SYNTHETIC
EP-000598,INC-000598,SOFTWARE_REGRESSION,COMP-0013,KE-0017,ROLLBACK_RELEASE,"[""APP-0002"", ""CAP-0001"", ""CLOUD-0013"", ""COMP-0003"", ""COMP-0006"", ""COMP-0008"", ""COMP-0011"", ""COMP-0019"", ""COMP-0021"", ""COMP-0029"", ""DATA-0003"", ""DATA-0009"", ""DATA-0010"", ""INFRA-0005"", ""POL-0001"", ""POL-0002"", ""POL-0003"", ""POL-0004"", ""SVC-0013"", ""TEAM-0006"", ""VENDOR-0001""]",,cause:16:100,background:EP-000598,SYNTHETIC
EP-000599,INC-000599,SOFTWARE_REGRESSION,COMP-0020,KE-0017,ROLLBACK_RELEASE,"[""APP-0002"", ""CAP-0004"", ""CLOUD-0020"", ""COMP-0001"", ""COMP-0005"", ""COMP-0010"", ""COMP-0012"", ""COMP-0016"", ""COMP-0019"", ""COMP-0025"", ""COMP-0027"", ""DATA-0003"", ""INFRA-0001"", ""INFRA-0008"", ""POL-0001"", ""POL-0002"", ""POL-0003"", ""POL-0004"", ""SVC-0002"", ""TEAM-0002"", ""VENDOR-0002"", ""VENDOR-0003"", ""VENDOR-0004""]",CHG-000599,cause:16:101,background:EP-000599,SYNTHETIC
EP-000600,INC-000600,SOFTWARE_REGRESSION,COMP-0027,KE-0017,ROLLBACK_RELEASE,"[""APP-0009"", ""CAP-0001"", ""CLOUD-0006"", ""COMP-0001"", ""COMP-0005"", ""COMP-0006"", ""COMP-0007"", ""COMP-0010"", ""COMP-0012"", ""COMP-0016"", ""COMP-0020"", ""COMP-0021"", ""COMP-0025"", ""DATA-0007"", ""DATA-0008"", ""INFRA-0003"", ""POL-0002"", ""POL-0003"", ""POL-0004"", ""SVC-0009"", ""TEAM-0002"", ""VENDOR-0001"", ""VENDOR-0003""]",,cause:16:102,background:EP-000600,SYNTHETIC
EP-000601,INC-000601,SOFTWARE_REGRESSION,COMP-0004,KE-0017,ROLLBACK_RELEASE,"[""APP-0004"", ""CAP-0004"", ""CLOUD-0004"", ""COMP-0003"", ""COMP-0011"", ""COMP-0017"", ""COMP-0019"", ""COMP-0021"", ""COMP-0025"", ""COMP-0029"", ""DATA-0001"", ""INFRA-0004"", ""INFRA-0005"", ""INFRA-0006"", ""INFRA-0007"", ""POL-0001"", ""POL-0002"", ""POL-0003"", ""POL-0004"", ""SVC-0004"", ""TEAM-0004"", ""VENDOR-0003"", ""VENDOR-0004""]",CHG-000601,cause:16:103,background:EP-000601,SYNTHETIC
EP-000602,INC-000602,SOFTWARE_REGRESSION,COMP-0011,KE-0017,ROLLBACK_RELEASE,"[""APP-0011"", ""CAP-0001"", ""CLOUD-0011"", ""COMP-0003"", ""COMP-0008"", ""COMP-0010"", ""COMP-0013"", ""COMP-0021"", ""COMP-0025"", ""DATA-0001"", ""DATA-0009"", ""INFRA-0003"", ""INFRA-0006"", ""POL-0001"", ""POL-0002"", ""POL-0004"", ""SVC-0011"", ""SVC-0012"", ""TEAM-0004"", ""VENDOR-0004""]",,cause:16:104,background:EP-000602,SYNTHETIC
EP-000603,INC-000603,SOFTWARE_REGRESSION,COMP-0018,KE-0017,ROLLBACK_RELEASE,"[""APP-0007"", ""CAP-0004"", ""CLOUD-0018"", ""COMP-0026"", ""DATA-0007"", ""INFRA-0003"", ""INFRA-0004"", ""INFRA-0007"", ""POL-0001"", ""POL-0004"", ""SVC-0014"", ""SVC-0018"", ""TEAM-0004"", ""VENDOR-0001""]",,cause:16:105,background:EP-000603,SYNTHETIC
EP-000604,INC-000604,SOFTWARE_REGRESSION,COMP-0025,KE-0017,ROLLBACK_RELEASE,"[""APP-0007"", ""CAP-0001"", ""CLOUD-0004"", ""COMP-0001"", ""COMP-0004"", ""COMP-0010"", ""COMP-0016"", ""COMP-0017"", ""COMP-0021"", ""COMP-0029"", ""DATA-0002"", ""DATA-0005"", ""INFRA-0001"", ""POL-0001"", ""POL-0002"", ""POL-0004"", ""SVC-0007"", ""TEAM-0007""]",,cause:16:106,background:EP-000604,SYNTHETIC
EP-000605,INC-000605,SOFTWARE_REGRESSION,COMP-0002,KE-0017,ROLLBACK_RELEASE,"[""APP-0002"", ""CAP-0004"", ""CLOUD-0002"", ""COMP-0001"", ""COMP-0005"", ""COMP-0007"", ""COMP-0016"", ""COMP-0017"", ""COMP-0021"", ""COMP-0027"", ""COMP-0029"", ""DATA-0001"", ""DATA-0006"", ""DATA-0010"", ""INFRA-0001"", ""POL-0001"", ""POL-0002"", ""POL-0003"", ""POL-0004"", ""SVC-0002"", ""TEAM-0002"", ""VENDOR-0002"", ""VENDOR-0004""]",CHG-000605,cause:16:107,background:EP-000605,SYNTHETIC
EP-000606,INC-000606,SOFTWARE_REGRESSION,COMP-0009,KE-0017,ROLLBACK_RELEASE,"[""APP-0009"", ""CAP-0001"", ""CLOUD-0009"", ""COMP-0006"", ""COMP-0008"", ""COMP-0013"", ""COMP-0016"", ""COMP-0017"", ""COMP-0025"", ""COMP-0029"", ""COMP-0030"", ""DATA-0009"", ""INFRA-0001"", ""INFRA-0003"", ""POL-0002"", ""POL-0003"", ""POL-0004"", ""SVC-0009"", ""SVC-0018"", ""TEAM-0002"", ""VENDOR-0001"", ""VENDOR-0003"", ""VENDOR-0004""]",,cause:16:108,background:EP-000606,SYNTHETIC
EP-000607,INC-000607,SOFTWARE_REGRESSION,COMP-0016,KE-0017,ROLLBACK_RELEASE,"[""APP-0005"", ""CAP-0004"", ""CLOUD-0016"", ""COMP-0001"", ""COMP-0003"", ""COMP-0012"", ""COMP-0017"", ""COMP-0023"", ""COMP-0029"", ""DATA-0003"", ""DATA-0008"", ""DATA-0009"", ""INFRA-0008"", ""POL-0002"", ""POL-0003"", ""POL-0004"", ""SVC-0016"", ""TEAM-0002""]",CHG-000607,cause:16:109,background:EP-000607,SYNTHETIC
EP-000608,INC-000608,SOFTWARE_REGRESSION,COMP-0023,KE-0017,ROLLBACK_RELEASE,"[""APP-0005"", ""CAP-0001"", ""CLOUD-0002"", ""COMP-0003"", ""COMP-0011"", ""COMP-0016"", ""COMP-0017"", ""COMP-0019"", ""COMP-0026"", ""DATA-0003"", ""DATA-0006"", ""DATA-0007"", ""DATA-0008"", ""POL-0002"", ""POL-0003"", ""POL-0004"", ""SVC-0005"", ""TEAM-0005"", ""VENDOR-0001""]",CHG-000608,cause:16:110,background:EP-000608,SYNTHETIC
EP-000609,INC-000609,SOFTWARE_REGRESSION,COMP-0030,KE-0017,ROLLBACK_RELEASE,"[""APP-0001"", ""CAP-0004"", ""CLOUD-0009"", ""COMP-0006"", ""COMP-0009"", ""COMP-0015"", ""COMP-0024"", ""DATA-0001"", ""DATA-0006"", ""DATA-0010"", ""POL-0002"", ""POL-0003"", ""POL-0004"", ""SVC-0012"", ""TEAM-0005""]",,cause:16:111,background:EP-000609,SYNTHETIC
EP-000610,INC-000610,SOFTWARE_REGRESSION,COMP-0007,KE-0017,ROLLBACK_RELEASE,"[""APP-0007"", ""CAP-0001"", ""CLOUD-0007"", ""COMP-0001"", ""COMP-0002"", ""COMP-0005"", ""COMP-0016"", ""COMP-0017"", ""COMP-0021"", ""COMP-0022"", ""COMP-0025"", ""COMP-0027"", ""COMP-0029"", ""DATA-0007"", ""DATA-0008"", ""INFRA-0007"", ""POL-0001"", ""POL-0003"", ""POL-0004"", ""SVC-0005"", ""SVC-0007"", ""TEAM-0007"", ""VENDOR-0003""]",CHG-000610,cause:16:112,background:EP-000610,SYNTHETIC
EP-000611,INC-000611,SOFTWARE_REGRESSION,COMP-0014,KE-0017,ROLLBACK_RELEASE,"[""APP-0003"", ""CAP-0004"", ""CLOUD-0014"", ""COMP-0006"", ""COMP-0008"", ""COMP-0013"", ""COMP-0016"", ""COMP-0017"", ""COMP-0025"", ""COMP-0029"", ""COMP-0030"", ""DATA-0004"", ""DATA-0008"", ""DATA-0009"", ""INFRA-0001"", ""POL-0001"", ""POL-0002"", ""POL-0003"", ""POL-0004"", ""SVC-0014"", ""SVC-0015"", ""TEAM-0007"", ""VENDOR-0001"", ""VENDOR-0003""]",CHG-000611,cause:16:113,background:EP-000611,SYNTHETIC
EP-000612,INC-000612,SOFTWARE_REGRESSION,COMP-0021,KE-0017,ROLLBACK_RELEASE,"[""APP-0003"", ""CAP-0001"", ""CLOUD-0021"", ""COMP-0002"", ""COMP-0003"", ""COMP-0005"", ""COMP-0008"", ""COMP-0016"", ""COMP-0017"", ""COMP-0023"", ""COMP-0025"", ""COMP-0029"", ""DATA-0001"", ""DATA-0007"", ""DATA-0010"", ""POL-0001"", ""POL-0002"", ""POL-0003"", ""POL-0004"", ""SVC-0003"", ""TEAM-0003""]",,cause:16:114,background:EP-000612,SYNTHETIC
EP-000613,INC-000613,SOFTWARE_REGRESSION,COMP-0028,KE-0017,ROLLBACK_RELEASE,"[""APP-0010"", ""CAP-0004"", ""CLOUD-0007"", ""COMP-0003"", ""COMP-0011"", ""COMP-0017"", ""COMP-0019"", ""DATA-0002"", ""DATA-0003"", ""DATA-0005"", ""DATA-0006"", ""DATA-0010"", ""INFRA-0004"", ""POL-0001"", ""POL-0002"", ""POL-0003"", ""POL-0004"", ""SVC-0010"", ""SVC-0013"", ""TEAM-0003""]",,cause:16:115,background:EP-000613,SYNTHETIC
EP-000614,INC-000614,SOFTWARE_REGRESSION,COMP-0005,KE-0017,ROLLBACK_RELEASE,"[""APP-0005"", ""CAP-0001"", ""CLOUD-0005"", ""COMP-0001"", ""COMP-0006"", ""COMP-0010"", ""COMP-0013"", ""COMP-0020"", ""COMP-0021"", ""COMP-0025"", ""COMP-0027"", ""COMP-0029"", ""COMP-0030"", ""DATA-0005"", ""DATA-0008"", ""INFRA-0005"", ""POL-0001"", ""POL-0002"", ""POL-0003"", ""POL-0004"", ""SVC-0001"", ""SVC-0005"", ""TEAM-0005"", ""VENDOR-0001""]",,cause:16:116,background:EP-000614,SYNTHETIC
EP-000615,INC-000615,SOFTWARE_REGRESSION,COMP-0012,KE-0017,ROLLBACK_RELEASE,"[""APP-0001"", ""CAP-0004"", ""CLOUD-0012"", ""COMP-0001"", ""COMP-0016"", ""COMP-0017"", ""COMP-0020"", ""COMP-0022"", ""COMP-0023"", ""DATA-0002"", ""DATA-0004"", ""DATA-0009"", ""INFRA-0006"", ""POL-0002"", ""POL-0003"", ""POL-0004"", ""SVC-0012"", ""TEAM-0005""]",CHG-000615,cause:16:117,background:EP-000615,SYNTHETIC
EP-000616,INC-000616,SOFTWARE_REGRESSION,COMP-0019,KE-0017,ROLLBACK_RELEASE,"[""APP-0001"", ""CAP-0001"", ""CLOUD-0019"", ""COMP-0003"", ""COMP-0010"", ""COMP-0011"", ""COMP-0013"", ""COMP-0020"", ""COMP-0024"", ""COMP-0030"", ""DATA-0003"", ""DATA-0009"", ""INFRA-0001"", ""INFRA-0003"", ""POL-0001"", ""POL-0002"", ""POL-0003"", ""POL-0004"", ""SVC-0001"", ""TEAM-0001"", ""VENDOR-0001""]",,cause:16:118,background:EP-000616,SYNTHETIC
EP-000617,INC-000617,SOFTWARE_REGRESSION,COMP-0026,KE-0017,ROLLBACK_RELEASE,"[""APP-0008"", ""CAP-0004"", ""CLOUD-0005"", ""COMP-0003"", ""COMP-0011"", ""COMP-0017"", ""COMP-0018"", ""COMP-0019"", ""COMP-0023"", ""DATA-0001"", ""DATA-0007"", ""DATA-0008"", ""INFRA-0003"", ""INFRA-0005"", ""POL-0001"", ""POL-0002"", ""POL-0003"", ""POL-0004"", ""SVC-0008"", ""TEAM-0001"", ""VENDOR-0001"", ""VENDOR-0003""]",CHG-000617,cause:16:119,background:EP-000617,SYNTHETIC
EP-000618,INC-000618,SOFTWARE_REGRESSION,COMP-0003,KE-0017,ROLLBACK_RELEASE,"[""APP-0003"", ""CAP-0001"", ""CLOUD-0003"", ""COMP-0008"", ""COMP-0010"", ""COMP-0011"", ""COMP-0013"", ""COMP-0017"", ""COMP-0019"", ""COMP-0024"", ""COMP-0025"", ""COMP-0030"", ""DATA-0003"", ""DATA-0006"", ""DATA-0007"", ""DATA-0009"", ""POL-0001"", ""POL-0002"", ""POL-0003"", ""POL-0004"", ""SVC-0003"", ""TEAM-0003""]",,cause:16:120,background:EP-000618,SYNTHETIC
EP-000619,INC-000619,SOFTWARE_REGRESSION,COMP-0010,KE-0017,ROLLBACK_RELEASE,"[""APP-0010"", ""CAP-0004"", ""CLOUD-0010"", ""COMP-0001"", ""COMP-0005"", ""COMP-0011"", ""COMP-0021"", ""COMP-0025"", ""COMP-0029"", ""DATA-0001"", ""DATA-0003"", ""INFRA-0002"", ""POL-0001"", ""POL-0002"", ""POL-0004"", ""SVC-0010"", ""SVC-0013"", ""TEAM-0003""]",,cause:16:121,background:EP-000619,SYNTHETIC
EP-000620,INC-000620,SOFTWARE_REGRESSION,COMP-0017,KE-0017,ROLLBACK_RELEASE,"[""APP-0006"", ""CLOUD-0017"", ""COMP-0003"", ""COMP-0004"", ""COMP-0010"", ""COMP-0011"", ""COMP-0013"", ""COMP-0019"", ""COMP-0023"", ""COMP-0024"", ""COMP-0026"", ""COMP-0028"", ""COMP-0029"", ""DATA-0004"", ""DATA-0007"", ""DATA-0008"", ""DATA-0009"", ""POL-0001"", ""POL-0003"", ""POL-0004"", ""SVC-0017""]",,cause:16:122,background:EP-000620,SYNTHETIC
EP-000621,INC-000621,SOFTWARE_REGRESSION,COMP-0024,KE-0017,ROLLBACK_RELEASE,"[""APP-0006"", ""CAP-0004"", ""CLOUD-0003"", ""COMP-0019"", ""COMP-0030"", ""DATA-0007"", ""INFRA-0001"", ""INFRA-0004"", ""INFRA-0005"", ""INFRA-0006"", ""POL-0002"", ""POL-0003"", ""POL-0004"", ""SVC-0005"", ""SVC-0006"", ""TEAM-0006""]",,cause:16:123,background:EP-000621,SYNTHETIC
EP-000622,INC-000622,SOFTWARE_REGRESSION,COMP-0001,KE-0017,ROLLBACK_RELEASE,"[""APP-0001"", ""CAP-0001"", ""CLOUD-0001"", ""COMP-0005"", ""COMP-0006"", ""COMP-0010"", ""COMP-0012"", ""COMP-0016"", ""COMP-0020"", ""COMP-0021"", ""COMP-0023"", ""COMP-0025"", ""COMP-0027"", ""DATA-0001"", ""DATA-0006"", ""DATA-0007"", ""INFRA-0001"", ""POL-0001"", ""POL-0002"", ""POL-0003"", ""POL-0004"", ""SVC-0001"", ""TEAM-0001"", ""VENDOR-0001""]",CHG-000622,cause:16:124,background:EP-000622,SYNTHETIC
EP-000623,INC-000623,SOFTWARE_REGRESSION,COMP-0008,KE-0017,ROLLBACK_RELEASE,"[""APP-0008"", ""CAP-0004"", ""CLOUD-0008"", ""COMP-0003"", ""COMP-0011"", ""COMP-0013"", ""COMP-0016"", ""COMP-0017"", ""COMP-0019"", ""COMP-0021"", ""COMP-0025"", ""COMP-0029"", ""DATA-0002"", ""INFRA-0003"", ""INFRA-0004"", ""INFRA-0005"", ""POL-0001"", ""POL-0002"", ""POL-0003"", ""POL-0004"", ""SVC-0008"", ""TEAM-0001"", ""VENDOR-0001"", ""VENDOR-0003""]",,cause:16:125,background:EP-000623,SYNTHETIC
EP-000624,INC-000624,SOFTWARE_REGRESSION,COMP-0015,KE-0017,ROLLBACK_RELEASE,"[""APP-0004"", ""CAP-0001"", ""CLOUD-0015"", ""COMP-0030"", ""DATA-0005"", ""INFRA-0001"", ""INFRA-0002"", ""INFRA-0004"", ""INFRA-0006"", ""POL-0002"", ""POL-0003"", ""POL-0004"", ""SVC-0010"", ""SVC-0015"", ""TEAM-0001"", ""VENDOR-0004""]",CHG-000624,cause:16:126,background:EP-000624,SYNTHETIC
EP-000625,INC-000625,SOFTWARE_REGRESSION,COMP-0022,KE-0017,ROLLBACK_RELEASE,"[""APP-0004"", ""CAP-0004"", ""CLOUD-0001"", ""COMP-0001"", ""COMP-0002"", ""COMP-0005"", ""COMP-0007"", ""COMP-0012"", ""COMP-0016"", ""COMP-0023"", ""COMP-0027"", ""COMP-0029"", ""DATA-0003"", ""INFRA-0004"", ""INFRA-0005"", ""INFRA-0006"", ""INFRA-0007"", ""POL-0002"", ""POL-0003"", ""POL-0004"", ""SVC-0004"", ""TEAM-0004"", ""VENDOR-0003"", ""VENDOR-0004""]",,cause:16:127,background:EP-000625,SYNTHETIC
EP-000626,INC-000626,SOFTWARE_REGRESSION,COMP-0029,KE-0017,ROLLBACK_RELEASE,"[""APP-0011"", ""CAP-0001"", ""CLOUD-0008"", ""COMP-0003"", ""COMP-0006"", ""COMP-0007"", ""COMP-0011"", ""COMP-0016"", ""COMP-0017"", ""COMP-0019"", ""COMP-0021"", ""COMP-0023"", ""COMP-0025"", ""DATA-0002"", ""DATA-0003"", ""DATA-0009"", ""INFRA-0003"", ""POL-0001"", ""POL-0002"", ""POL-0003"", ""POL-0004"", ""SVC-0011"", ""TEAM-0004""]",,cause:16:128,background:EP-000626,SYNTHETIC
EP-000627,INC-000627,SOFTWARE_REGRESSION,COMP-0006,KE-0017,ROLLBACK_RELEASE,"[""APP-0006"", ""CAP-0004"", ""CLOUD-0006"", ""COMP-0003"", ""COMP-0005"", ""COMP-0008"", ""COMP-0009"", ""COMP-0013"", ""COMP-0014"", ""COMP-0016"", ""COMP-0017"", ""COMP-0023"", ""COMP-0025"", ""COMP-0029"", ""COMP-0030"", ""DATA-0001"", ""INFRA-0005"", ""INFRA-0006"", ""POL-0002"", ""POL-0003"", ""POL-0004"", ""SVC-0005"", ""SVC-0006"", ""TEAM-0006""]",,cause:16:129,background:EP-000627,SYNTHETIC
EP-000628,INC-000628,SOFTWARE_REGRESSION,COMP-0013,KE-0017,ROLLBACK_RELEASE,"[""APP-0002"", ""CAP-0001"", ""CLOUD-0013"", ""COMP-0003"", ""COMP-0006"", ""COMP-0008"", ""COMP-0011"", ""COMP-0019"", ""COMP-0021"", ""COMP-0029"", ""DATA-0003"", ""DATA-0009"", ""DATA-0010"", ""INFRA-0005"", ""POL-0001"", ""POL-0002"", ""POL-0003"", ""POL-0004"", ""SVC-0013"", ""TEAM-0006"", ""VENDOR-0001""]",CHG-000628,cause:16:130,background:EP-000628,SYNTHETIC
EP-000629,INC-000629,SOFTWARE_REGRESSION,COMP-0020,KE-0017,ROLLBACK_RELEASE,"[""APP-0002"", ""CAP-0004"", ""CLOUD-0020"", ""COMP-0001"", ""COMP-0005"", ""COMP-0010"", ""COMP-0012"", ""COMP-0016"", ""COMP-0019"", ""COMP-0025"", ""COMP-0027"", ""DATA-0003"", ""INFRA-0001"", ""INFRA-0008"", ""POL-0001"", ""POL-0002"", ""POL-0003"", ""POL-0004"", ""SVC-0002"", ""TEAM-0002"", ""VENDOR-0002"", ""VENDOR-0003"", ""VENDOR-0004""]",,cause:16:131,background:EP-000629,SYNTHETIC
EP-000630,INC-000630,SOFTWARE_REGRESSION,COMP-0027,KE-0017,ROLLBACK_RELEASE,"[""APP-0009"", ""CAP-0001"", ""CLOUD-0006"", ""COMP-0001"", ""COMP-0005"", ""COMP-0006"", ""COMP-0007"", ""COMP-0010"", ""COMP-0012"", ""COMP-0016"", ""COMP-0020"", ""COMP-0021"", ""COMP-0025"", ""DATA-0007"", ""DATA-0008"", ""INFRA-0003"", ""POL-0002"", ""POL-0003"", ""POL-0004"", ""SVC-0009"", ""TEAM-0002"", ""VENDOR-0001"", ""VENDOR-0003""]",,cause:16:132,background:EP-000630,SYNTHETIC
EP-000631,INC-000631,SOFTWARE_REGRESSION,COMP-0004,KE-0017,ROLLBACK_RELEASE,"[""APP-0004"", ""CAP-0004"", ""CLOUD-0004"", ""COMP-0003"", ""COMP-0011"", ""COMP-0017"", ""COMP-0019"", ""COMP-0021"", ""COMP-0025"", ""COMP-0029"", ""DATA-0001"", ""INFRA-0004"", ""INFRA-0005"", ""INFRA-0006"", ""INFRA-0007"", ""POL-0001"", ""POL-0002"", ""POL-0003"", ""POL-0004"", ""SVC-0004"", ""TEAM-0004"", ""VENDOR-0003"", ""VENDOR-0004""]",CHG-000631,cause:16:133,background:EP-000631,SYNTHETIC
EP-000632,INC-000632,SOFTWARE_REGRESSION,COMP-0011,KE-0017,ROLLBACK_RELEASE,"[""APP-0011"", ""CAP-0001"", ""CLOUD-0011"", ""COMP-0003"", ""COMP-0008"", ""COMP-0010"", ""COMP-0013"", ""COMP-0021"", ""COMP-0025"", ""DATA-0001"", ""DATA-0009"", ""INFRA-0003"", ""INFRA-0006"", ""POL-0001"", ""POL-0002"", ""POL-0004"", ""SVC-0011"", ""SVC-0012"", ""TEAM-0004"", ""VENDOR-0004""]",CHG-000632,cause:16:134,background:EP-000632,SYNTHETIC
EP-000633,INC-000633,SOFTWARE_REGRESSION,COMP-0018,KE-0017,ROLLBACK_RELEASE,"[""APP-0007"", ""CAP-0004"", ""CLOUD-0018"", ""COMP-0026"", ""DATA-0007"", ""INFRA-0003"", ""INFRA-0004"", ""INFRA-0007"", ""POL-0001"", ""POL-0004"", ""SVC-0014"", ""SVC-0018"", ""TEAM-0004"", ""VENDOR-0001""]",CHG-000633,cause:16:135,background:EP-000633,SYNTHETIC
EP-000634,INC-000634,SOFTWARE_REGRESSION,COMP-0025,KE-0017,ROLLBACK_RELEASE,"[""APP-0007"", ""CAP-0001"", ""CLOUD-0004"", ""COMP-0001"", ""COMP-0004"", ""COMP-0010"", ""COMP-0016"", ""COMP-0017"", ""COMP-0021"", ""COMP-0029"", ""DATA-0002"", ""DATA-0005"", ""INFRA-0001"", ""POL-0001"", ""POL-0002"", ""POL-0004"", ""SVC-0007"", ""TEAM-0007""]",CHG-000634,cause:16:136,background:EP-000634,SYNTHETIC
EP-000635,INC-000635,SOFTWARE_REGRESSION,COMP-0002,KE-0017,ROLLBACK_RELEASE,"[""APP-0002"", ""CAP-0004"", ""CLOUD-0002"", ""COMP-0001"", ""COMP-0005"", ""COMP-0007"", ""COMP-0016"", ""COMP-0017"", ""COMP-0021"", ""COMP-0027"", ""COMP-0029"", ""DATA-0001"", ""DATA-0006"", ""DATA-0010"", ""INFRA-0001"", ""POL-0001"", ""POL-0002"", ""POL-0003"", ""POL-0004"", ""SVC-0002"", ""TEAM-0002"", ""VENDOR-0002"", ""VENDOR-0004""]",,cause:16:137,background:EP-000635,SYNTHETIC
EP-000636,INC-000636,SOFTWARE_REGRESSION,COMP-0009,KE-0017,ROLLBACK_RELEASE,"[""APP-0009"", ""CAP-0001"", ""CLOUD-0009"", ""COMP-0006"", ""COMP-0008"", ""COMP-0013"", ""COMP-0016"", ""COMP-0017"", ""COMP-0025"", ""COMP-0029"", ""COMP-0030"", ""DATA-0009"", ""INFRA-0001"", ""INFRA-0003"", ""POL-0002"", ""POL-0003"", ""POL-0004"", ""SVC-0009"", ""SVC-0018"", ""TEAM-0002"", ""VENDOR-0001"", ""VENDOR-0003"", ""VENDOR-0004""]",CHG-000636,cause:16:138,background:EP-000636,SYNTHETIC
EP-000637,INC-000637,SOFTWARE_REGRESSION,COMP-0016,KE-0017,ROLLBACK_RELEASE,"[""APP-0005"", ""CAP-0004"", ""CLOUD-0016"", ""COMP-0001"", ""COMP-0003"", ""COMP-0012"", ""COMP-0017"", ""COMP-0023"", ""COMP-0029"", ""DATA-0003"", ""DATA-0008"", ""DATA-0009"", ""INFRA-0008"", ""POL-0002"", ""POL-0003"", ""POL-0004"", ""SVC-0016"", ""TEAM-0002""]",,cause:16:139,background:EP-000637,SYNTHETIC
EP-000638,INC-000638,SOFTWARE_REGRESSION,COMP-0023,KE-0017,ROLLBACK_RELEASE,"[""APP-0005"", ""CAP-0001"", ""CLOUD-0002"", ""COMP-0003"", ""COMP-0011"", ""COMP-0016"", ""COMP-0017"", ""COMP-0019"", ""COMP-0026"", ""DATA-0003"", ""DATA-0006"", ""DATA-0007"", ""DATA-0008"", ""POL-0002"", ""POL-0003"", ""POL-0004"", ""SVC-0005"", ""TEAM-0005"", ""VENDOR-0001""]",,cause:16:140,background:EP-000638,SYNTHETIC
EP-000639,INC-000639,SOFTWARE_REGRESSION,COMP-0030,KE-0017,ROLLBACK_RELEASE,"[""APP-0001"", ""CAP-0004"", ""CLOUD-0009"", ""COMP-0006"", ""COMP-0009"", ""COMP-0015"", ""COMP-0024"", ""DATA-0001"", ""DATA-0006"", ""DATA-0010"", ""POL-0002"", ""POL-0003"", ""POL-0004"", ""SVC-0012"", ""TEAM-0005""]",CHG-000639,cause:16:141,background:EP-000639,SYNTHETIC
EP-000640,INC-000640,SOFTWARE_REGRESSION,COMP-0007,KE-0017,ROLLBACK_RELEASE,"[""APP-0007"", ""CAP-0001"", ""CLOUD-0007"", ""COMP-0001"", ""COMP-0002"", ""COMP-0005"", ""COMP-0016"", ""COMP-0017"", ""COMP-0021"", ""COMP-0022"", ""COMP-0025"", ""COMP-0027"", ""COMP-0029"", ""DATA-0007"", ""DATA-0008"", ""INFRA-0007"", ""POL-0001"", ""POL-0003"", ""POL-0004"", ""SVC-0005"", ""SVC-0007"", ""TEAM-0007"", ""VENDOR-0003""]",,cause:16:142,background:EP-000640,SYNTHETIC
EP-000641,INC-000641,SOFTWARE_REGRESSION,COMP-0014,KE-0017,ROLLBACK_RELEASE,"[""APP-0003"", ""CAP-0004"", ""CLOUD-0014"", ""COMP-0006"", ""COMP-0008"", ""COMP-0013"", ""COMP-0016"", ""COMP-0017"", ""COMP-0025"", ""COMP-0029"", ""COMP-0030"", ""DATA-0004"", ""DATA-0008"", ""DATA-0009"", ""INFRA-0001"", ""POL-0001"", ""POL-0002"", ""POL-0003"", ""POL-0004"", ""SVC-0014"", ""SVC-0015"", ""TEAM-0007"", ""VENDOR-0001"", ""VENDOR-0003""]",CHG-000641,cause:16:143,background:EP-000641,SYNTHETIC
EP-000642,INC-000642,SOFTWARE_REGRESSION,COMP-0021,KE-0017,ROLLBACK_RELEASE,"[""APP-0003"", ""CAP-0001"", ""CLOUD-0021"", ""COMP-0002"", ""COMP-0003"", ""COMP-0005"", ""COMP-0008"", ""COMP-0016"", ""COMP-0017"", ""COMP-0023"", ""COMP-0025"", ""COMP-0029"", ""DATA-0001"", ""DATA-0007"", ""DATA-0010"", ""POL-0001"", ""POL-0002"", ""POL-0003"", ""POL-0004"", ""SVC-0003"", ""TEAM-0003""]",,cause:16:144,background:EP-000642,SYNTHETIC
EP-000643,INC-000643,SOFTWARE_REGRESSION,COMP-0028,KE-0017,ROLLBACK_RELEASE,"[""APP-0010"", ""CAP-0004"", ""CLOUD-0007"", ""COMP-0003"", ""COMP-0011"", ""COMP-0017"", ""COMP-0019"", ""DATA-0002"", ""DATA-0003"", ""DATA-0005"", ""DATA-0006"", ""DATA-0010"", ""INFRA-0004"", ""POL-0001"", ""POL-0002"", ""POL-0003"", ""POL-0004"", ""SVC-0010"", ""SVC-0013"", ""TEAM-0003""]",,cause:16:145,background:EP-000643,SYNTHETIC
EP-000644,INC-000644,SOFTWARE_REGRESSION,COMP-0005,KE-0017,ROLLBACK_RELEASE,"[""APP-0005"", ""CAP-0001"", ""CLOUD-0005"", ""COMP-0001"", ""COMP-0006"", ""COMP-0010"", ""COMP-0013"", ""COMP-0020"", ""COMP-0021"", ""COMP-0025"", ""COMP-0027"", ""COMP-0029"", ""COMP-0030"", ""DATA-0005"", ""DATA-0008"", ""INFRA-0005"", ""POL-0001"", ""POL-0002"", ""POL-0003"", ""POL-0004"", ""SVC-0001"", ""SVC-0005"", ""TEAM-0005"", ""VENDOR-0001""]",CHG-000644,cause:16:146,background:EP-000644,SYNTHETIC
EP-000645,INC-000645,SOFTWARE_REGRESSION,COMP-0012,KE-0017,ROLLBACK_RELEASE,"[""APP-0001"", ""CAP-0004"", ""CLOUD-0012"", ""COMP-0001"", ""COMP-0016"", ""COMP-0017"", ""COMP-0020"", ""COMP-0022"", ""COMP-0023"", ""DATA-0002"", ""DATA-0004"", ""DATA-0009"", ""INFRA-0006"", ""POL-0002"", ""POL-0003"", ""POL-0004"", ""SVC-0012"", ""TEAM-0005""]",,cause:16:147,background:EP-000645,SYNTHETIC
EP-000646,INC-000646,SOFTWARE_REGRESSION,COMP-0019,KE-0017,ROLLBACK_RELEASE,"[""APP-0001"", ""CAP-0001"", ""CLOUD-0019"", ""COMP-0003"", ""COMP-0010"", ""COMP-0011"", ""COMP-0013"", ""COMP-0020"", ""COMP-0024"", ""COMP-0030"", ""DATA-0003"", ""DATA-0009"", ""INFRA-0001"", ""INFRA-0003"", ""POL-0001"", ""POL-0002"", ""POL-0003"", ""POL-0004"", ""SVC-0001"", ""TEAM-0001"", ""VENDOR-0001""]",,cause:16:148,background:EP-000646,SYNTHETIC
EP-000647,INC-000647,SOFTWARE_REGRESSION,COMP-0026,KE-0017,ROLLBACK_RELEASE,"[""APP-0008"", ""CAP-0004"", ""CLOUD-0005"", ""COMP-0003"", ""COMP-0011"", ""COMP-0017"", ""COMP-0018"", ""COMP-0019"", ""COMP-0023"", ""DATA-0001"", ""DATA-0007"", ""DATA-0008"", ""INFRA-0003"", ""INFRA-0005"", ""POL-0001"", ""POL-0002"", ""POL-0003"", ""POL-0004"", ""SVC-0008"", ""TEAM-0001"", ""VENDOR-0001"", ""VENDOR-0003""]",,cause:16:149,background:EP-000647,SYNTHETIC
EP-000648,INC-000648,SOFTWARE_REGRESSION,COMP-0003,KE-0017,ROLLBACK_RELEASE,"[""APP-0003"", ""CAP-0001"", ""CLOUD-0003"", ""COMP-0008"", ""COMP-0010"", ""COMP-0011"", ""COMP-0013"", ""COMP-0017"", ""COMP-0019"", ""COMP-0024"", ""COMP-0025"", ""COMP-0030"", ""DATA-0003"", ""DATA-0006"", ""DATA-0007"", ""DATA-0009"", ""POL-0001"", ""POL-0002"", ""POL-0003"", ""POL-0004"", ""SVC-0003"", ""TEAM-0003""]",,cause:16:150,background:EP-000648,SYNTHETIC
EP-000649,INC-000649,SOFTWARE_REGRESSION,COMP-0010,KE-0017,ROLLBACK_RELEASE,"[""APP-0010"", ""CAP-0004"", ""CLOUD-0010"", ""COMP-0001"", ""COMP-0005"", ""COMP-0011"", ""COMP-0021"", ""COMP-0025"", ""COMP-0029"", ""DATA-0001"", ""DATA-0003"", ""INFRA-0002"", ""POL-0001"", ""POL-0002"", ""POL-0004"", ""SVC-0010"", ""SVC-0013"", ""TEAM-0003""]",,cause:16:151,background:EP-000649,SYNTHETIC
EP-000650,INC-000650,SOFTWARE_REGRESSION,COMP-0017,KE-0017,ROLLBACK_RELEASE,"[""APP-0006"", ""CLOUD-0017"", ""COMP-0003"", ""COMP-0004"", ""COMP-0010"", ""COMP-0011"", ""COMP-0013"", ""COMP-0019"", ""COMP-0023"", ""COMP-0024"", ""COMP-0026"", ""COMP-0028"", ""COMP-0029"", ""DATA-0004"", ""DATA-0007"", ""DATA-0008"", ""DATA-0009"", ""POL-0001"", ""POL-0003"", ""POL-0004"", ""SVC-0017""]",,cause:16:152,background:EP-000650,SYNTHETIC
EP-000651,INC-000651,SOFTWARE_REGRESSION,COMP-0024,KE-0017,ROLLBACK_RELEASE,"[""APP-0006"", ""CAP-0004"", ""CLOUD-0003"", ""COMP-0019"", ""COMP-0030"", ""DATA-0007"", ""INFRA-0001"", ""INFRA-0004"", ""INFRA-0005"", ""INFRA-0006"", ""POL-0002"", ""POL-0003"", ""POL-0004"", ""SVC-0005"", ""SVC-0006"", ""TEAM-0006""]",CHG-000651,cause:16:153,background:EP-000651,SYNTHETIC
EP-000652,INC-000652,SOFTWARE_REGRESSION,COMP-0001,KE-0017,ROLLBACK_RELEASE,"[""APP-0001"", ""CAP-0001"", ""CLOUD-0001"", ""COMP-0005"", ""COMP-0006"", ""COMP-0010"", ""COMP-0012"", ""COMP-0016"", ""COMP-0020"", ""COMP-0021"", ""COMP-0023"", ""COMP-0025"", ""COMP-0027"", ""DATA-0001"", ""DATA-0006"", ""DATA-0007"", ""INFRA-0001"", ""POL-0001"", ""POL-0002"", ""POL-0003"", ""POL-0004"", ""SVC-0001"", ""TEAM-0001"", ""VENDOR-0001""]",CHG-000652,cause:16:154,background:EP-000652,SYNTHETIC
EP-000653,INC-000653,SOFTWARE_REGRESSION,COMP-0008,KE-0017,ROLLBACK_RELEASE,"[""APP-0008"", ""CAP-0004"", ""CLOUD-0008"", ""COMP-0003"", ""COMP-0011"", ""COMP-0013"", ""COMP-0016"", ""COMP-0017"", ""COMP-0019"", ""COMP-0021"", ""COMP-0025"", ""COMP-0029"", ""DATA-0002"", ""INFRA-0003"", ""INFRA-0004"", ""INFRA-0005"", ""POL-0001"", ""POL-0002"", ""POL-0003"", ""POL-0004"", ""SVC-0008"", ""TEAM-0001"", ""VENDOR-0001"", ""VENDOR-0003""]",,cause:16:155,background:EP-000653,SYNTHETIC
EP-000654,INC-000654,SOFTWARE_REGRESSION,COMP-0015,KE-0017,ROLLBACK_RELEASE,"[""APP-0004"", ""CAP-0001"", ""CLOUD-0015"", ""COMP-0030"", ""DATA-0005"", ""INFRA-0001"", ""INFRA-0002"", ""INFRA-0004"", ""INFRA-0006"", ""POL-0002"", ""POL-0003"", ""POL-0004"", ""SVC-0010"", ""SVC-0015"", ""TEAM-0001"", ""VENDOR-0004""]",,cause:16:156,background:EP-000654,SYNTHETIC
EP-000655,INC-000655,DATA_STORE_CONTENTION,DATA-0010,KE-0018,TERMINATE_BLOCKING_WORKLOAD,"[""COMP-0002"", ""COMP-0003"", ""COMP-0013"", ""COMP-0021"", ""COMP-0028"", ""COMP-0030"", ""DATA-0001"", ""DATA-0002"", ""DATA-0003"", ""DATA-0004"", ""DATA-0005"", ""DATA-0006"", ""DATA-0007"", ""DATA-0008"", ""DATA-0009"", ""SVC-0002""]",CHG-000655,cause:17:0,background:EP-000655,SYNTHETIC
EP-000656,INC-000656,DATA_STORE_CONTENTION,DATA-0007,KE-0018,TERMINATE_BLOCKING_WORKLOAD,"[""COMP-0001"", ""COMP-0003"", ""COMP-0007"", ""COMP-0017"", ""COMP-0018"", ""COMP-0021"", ""COMP-0023"", ""COMP-0027"", ""DATA-0001"", ""DATA-0002"", ""DATA-0003"", ""DATA-0004"", ""DATA-0005"", ""DATA-0006"", ""DATA-0008"", ""DATA-0009"", ""DATA-0010"", ""SVC-0001""]",,cause:17:1,background:EP-000656,SYNTHETIC
EP-000657,INC-000657,DATA_STORE_CONTENTION,DATA-0004,KE-0018,TERMINATE_BLOCKING_WORKLOAD,"[""COMP-0005"", ""COMP-0012"", ""COMP-0014"", ""COMP-0015"", ""COMP-0017"", ""COMP-0025"", ""COMP-0028"", ""DATA-0001"", ""DATA-0002"", ""DATA-0003"", ""DATA-0005"", ""DATA-0006"", ""DATA-0007"", ""DATA-0008"", ""DATA-0009"", ""DATA-0010"", ""SVC-0012""]",,cause:17:2,background:EP-000657,SYNTHETIC
EP-000658,INC-000658,DATA_STORE_CONTENTION,DATA-0001,KE-0018,TERMINATE_BLOCKING_WORKLOAD,"[""COMP-0001"", ""COMP-0002"", ""COMP-0004"", ""COMP-0006"", ""COMP-0010"", ""COMP-0011"", ""COMP-0016"", ""COMP-0021"", ""COMP-0026"", ""COMP-0030"", ""DATA-0002"", ""DATA-0003"", ""DATA-0004"", ""DATA-0005"", ""DATA-0006"", ""DATA-0007"", ""DATA-0008"", ""DATA-0009"", ""DATA-0010"", ""SVC-0001""]",,cause:17:3,background:EP-000658,SYNTHETIC
EP-000659,INC-000659,DATA_STORE_CONTENTION,DATA-0008,KE-0018,TERMINATE_BLOCKING_WORKLOAD,"[""COMP-0003"", ""COMP-0005"", ""COMP-0007"", ""COMP-0014"", ""COMP-0016"", ""COMP-0017"", ""COMP-0023"", ""COMP-0026"", ""COMP-0027"", ""DATA-0001"", ""DATA-0002"", ""DATA-0003"", ""DATA-0004"", ""DATA-0005"", ""DATA-0006"", ""DATA-0007"", ""DATA-0009"", ""DATA-0010"", ""SVC-0005""]",,cause:17:4,background:EP-000659,SYNTHETIC
EP-000660,INC-000660,DATA_STORE_CONTENTION,DATA-0005,KE-0018,TERMINATE_BLOCKING_WORKLOAD,"[""COMP-0005"", ""COMP-0015"", ""COMP-0021"", ""COMP-0025"", ""COMP-0028"", ""DATA-0001"", ""DATA-0002"", ""DATA-0003"", ""DATA-0004"", ""DATA-0006"", ""DATA-0007"", ""DATA-0008"", ""DATA-0009"", ""DATA-0010"", ""SVC-0005""]",CHG-000660,cause:17:5,background:EP-000660,SYNTHETIC
EP-000661,INC-000661,DATA_STORE_CONTENTION,DATA-0002,KE-0018,TERMINATE_BLOCKING_WORKLOAD,"[""COMP-0002"", ""COMP-0003"", ""COMP-0008"", ""COMP-0012"", ""COMP-0025"", ""COMP-0028"", ""COMP-0029"", ""COMP-0030"", ""DATA-0001"", ""DATA-0003"", ""DATA-0004"", ""DATA-0005"", ""DATA-0006"", ""DATA-0007"", ""DATA-0008"", ""DATA-0009"", ""DATA-0010"", ""SVC-0008""]",,cause:17:6,background:EP-000661,SYNTHETIC
EP-000662,INC-000662,DATA_STORE_CONTENTION,DATA-0009,KE-0018,TERMINATE_BLOCKING_WORKLOAD,"[""COMP-0003"", ""COMP-0009"", ""COMP-0011"", ""COMP-0013"", ""COMP-0014"", ""COMP-0017"", ""COMP-0019"", ""COMP-0029"", ""DATA-0001"", ""DATA-0002"", ""DATA-0003"", ""DATA-0004"", ""DATA-0005"", ""DATA-0006"", ""DATA-0007"", ""DATA-0008"", ""DATA-0010"", ""SVC-0003""]",,cause:17:7,background:EP-000662,SYNTHETIC
EP-000663,INC-000663,DATA_STORE_CONTENTION,DATA-0006,KE-0018,TERMINATE_BLOCKING_WORKLOAD,"[""COMP-0001"", ""COMP-0002"", ""COMP-0003"", ""COMP-0007"", ""COMP-0021"", ""COMP-0023"", ""COMP-0028"", ""COMP-0030"", ""DATA-0001"", ""DATA-0002"", ""DATA-0003"", ""DATA-0004"", ""DATA-0005"", ""DATA-0007"", ""DATA-0008"", ""DATA-0009"", ""DATA-0010"", ""POL-0001"", ""SVC-0001""]",,cause:17:8,background:EP-000663,SYNTHETIC
EP-000664,INC-000664,DATA_STORE_CONTENTION,DATA-0003,KE-0018,TERMINATE_BLOCKING_WORKLOAD,"[""COMP-0003"", ""COMP-0013"", ""COMP-0016"", ""COMP-0019"", ""COMP-0023"", ""COMP-0028"", ""COMP-0029"", ""DATA-0001"", ""DATA-0002"", ""DATA-0004"", ""DATA-0005"", ""DATA-0006"", ""DATA-0007"", ""DATA-0008"", ""DATA-0009"", ""DATA-0010"", ""SVC-0003""]",,cause:17:9,background:EP-000664,SYNTHETIC
EP-000665,INC-000665,DATA_STORE_CONTENTION,DATA-0010,KE-0018,TERMINATE_BLOCKING_WORKLOAD,"[""COMP-0002"", ""COMP-0003"", ""COMP-0013"", ""COMP-0021"", ""COMP-0028"", ""COMP-0030"", ""DATA-0001"", ""DATA-0002"", ""DATA-0003"", ""DATA-0004"", ""DATA-0005"", ""DATA-0006"", ""DATA-0007"", ""DATA-0008"", ""DATA-0009"", ""SVC-0002""]",,cause:17:10,background:EP-000665,SYNTHETIC
EP-000666,INC-000666,DATA_STORE_CONTENTION,DATA-0007,KE-0018,TERMINATE_BLOCKING_WORKLOAD,"[""COMP-0001"", ""COMP-0003"", ""COMP-0007"", ""COMP-0017"", ""COMP-0018"", ""COMP-0021"", ""COMP-0023"", ""COMP-0027"", ""DATA-0001"", ""DATA-0002"", ""DATA-0003"", ""DATA-0004"", ""DATA-0005"", ""DATA-0006"", ""DATA-0008"", ""DATA-0009"", ""DATA-0010"", ""SVC-0001""]",,cause:17:11,background:EP-000666,SYNTHETIC
EP-000667,INC-000667,DATA_STORE_CONTENTION,DATA-0004,KE-0018,TERMINATE_BLOCKING_WORKLOAD,"[""COMP-0005"", ""COMP-0012"", ""COMP-0014"", ""COMP-0015"", ""COMP-0017"", ""COMP-0025"", ""COMP-0028"", ""DATA-0001"", ""DATA-0002"", ""DATA-0003"", ""DATA-0005"", ""DATA-0006"", ""DATA-0007"", ""DATA-0008"", ""DATA-0009"", ""DATA-0010"", ""SVC-0012""]",,cause:17:12,background:EP-000667,SYNTHETIC
EP-000668,INC-000668,DATA_STORE_CONTENTION,DATA-0001,KE-0018,TERMINATE_BLOCKING_WORKLOAD,"[""COMP-0001"", ""COMP-0002"", ""COMP-0004"", ""COMP-0006"", ""COMP-0010"", ""COMP-0011"", ""COMP-0016"", ""COMP-0021"", ""COMP-0026"", ""COMP-0030"", ""DATA-0002"", ""DATA-0003"", ""DATA-0004"", ""DATA-0005"", ""DATA-0006"", ""DATA-0007"", ""DATA-0008"", ""DATA-0009"", ""DATA-0010"", ""SVC-0001""]",,cause:17:13,background:EP-000668,SYNTHETIC
EP-000669,INC-000669,DATA_STORE_CONTENTION,DATA-0008,KE-0018,TERMINATE_BLOCKING_WORKLOAD,"[""COMP-0003"", ""COMP-0005"", ""COMP-0007"", ""COMP-0014"", ""COMP-0016"", ""COMP-0017"", ""COMP-0023"", ""COMP-0026"", ""COMP-0027"", ""DATA-0001"", ""DATA-0002"", ""DATA-0003"", ""DATA-0004"", ""DATA-0005"", ""DATA-0006"", ""DATA-0007"", ""DATA-0009"", ""DATA-0010"", ""SVC-0005""]",,cause:17:14,background:EP-000669,SYNTHETIC
EP-000670,INC-000670,DATA_STORE_CONTENTION,DATA-0005,KE-0018,TERMINATE_BLOCKING_WORKLOAD,"[""COMP-0005"", ""COMP-0015"", ""COMP-0021"", ""COMP-0025"", ""COMP-0028"", ""DATA-0001"", ""DATA-0002"", ""DATA-0003"", ""DATA-0004"", ""DATA-0006"", ""DATA-0007"", ""DATA-0008"", ""DATA-0009"", ""DATA-0010"", ""SVC-0005""]",CHG-000670,cause:17:15,background:EP-000670,SYNTHETIC
EP-000671,INC-000671,DATA_STORE_CONTENTION,DATA-0002,KE-0018,TERMINATE_BLOCKING_WORKLOAD,"[""COMP-0002"", ""COMP-0003"", ""COMP-0008"", ""COMP-0012"", ""COMP-0025"", ""COMP-0028"", ""COMP-0029"", ""COMP-0030"", ""DATA-0001"", ""DATA-0003"", ""DATA-0004"", ""DATA-0005"", ""DATA-0006"", ""DATA-0007"", ""DATA-0008"", ""DATA-0009"", ""DATA-0010"", ""SVC-0008""]",,cause:17:16,background:EP-000671,SYNTHETIC
EP-000672,INC-000672,DATA_STORE_CONTENTION,DATA-0009,KE-0018,TERMINATE_BLOCKING_WORKLOAD,"[""COMP-0003"", ""COMP-0009"", ""COMP-0011"", ""COMP-0013"", ""COMP-0014"", ""COMP-0017"", ""COMP-0019"", ""COMP-0029"", ""DATA-0001"", ""DATA-0002"", ""DATA-0003"", ""DATA-0004"", ""DATA-0005"", ""DATA-0006"", ""DATA-0007"", ""DATA-0008"", ""DATA-0010"", ""SVC-0003""]",,cause:17:17,background:EP-000672,SYNTHETIC
EP-000673,INC-000673,DATA_STORE_CONTENTION,DATA-0006,KE-0018,TERMINATE_BLOCKING_WORKLOAD,"[""COMP-0001"", ""COMP-0002"", ""COMP-0003"", ""COMP-0007"", ""COMP-0021"", ""COMP-0023"", ""COMP-0028"", ""COMP-0030"", ""DATA-0001"", ""DATA-0002"", ""DATA-0003"", ""DATA-0004"", ""DATA-0005"", ""DATA-0007"", ""DATA-0008"", ""DATA-0009"", ""DATA-0010"", ""POL-0001"", ""SVC-0001""]",,cause:17:18,background:EP-000673,SYNTHETIC
EP-000674,INC-000674,DATA_STORE_CONTENTION,DATA-0003,KE-0018,TERMINATE_BLOCKING_WORKLOAD,"[""COMP-0003"", ""COMP-0013"", ""COMP-0016"", ""COMP-0019"", ""COMP-0023"", ""COMP-0028"", ""COMP-0029"", ""DATA-0001"", ""DATA-0002"", ""DATA-0004"", ""DATA-0005"", ""DATA-0006"", ""DATA-0007"", ""DATA-0008"", ""DATA-0009"", ""DATA-0010"", ""SVC-0003""]",,cause:17:19,background:EP-000674,SYNTHETIC
EP-000675,INC-000675,DATA_STORE_CONTENTION,DATA-0010,KE-0018,TERMINATE_BLOCKING_WORKLOAD,"[""COMP-0002"", ""COMP-0003"", ""COMP-0013"", ""COMP-0021"", ""COMP-0028"", ""COMP-0030"", ""DATA-0001"", ""DATA-0002"", ""DATA-0003"", ""DATA-0004"", ""DATA-0005"", ""DATA-0006"", ""DATA-0007"", ""DATA-0008"", ""DATA-0009"", ""SVC-0002""]",,cause:17:20,background:EP-000675,SYNTHETIC
EP-000676,INC-000676,DATA_STORE_CONTENTION,DATA-0007,KE-0018,TERMINATE_BLOCKING_WORKLOAD,"[""COMP-0001"", ""COMP-0003"", ""COMP-0007"", ""COMP-0017"", ""COMP-0018"", ""COMP-0021"", ""COMP-0023"", ""COMP-0027"", ""DATA-0001"", ""DATA-0002"", ""DATA-0003"", ""DATA-0004"", ""DATA-0005"", ""DATA-0006"", ""DATA-0008"", ""DATA-0009"", ""DATA-0010"", ""SVC-0001""]",,cause:17:21,background:EP-000676,SYNTHETIC
EP-000677,INC-000677,DATA_STORE_CONTENTION,DATA-0004,KE-0018,TERMINATE_BLOCKING_WORKLOAD,"[""COMP-0005"", ""COMP-0012"", ""COMP-0014"", ""COMP-0015"", ""COMP-0017"", ""COMP-0025"", ""COMP-0028"", ""DATA-0001"", ""DATA-0002"", ""DATA-0003"", ""DATA-0005"", ""DATA-0006"", ""DATA-0007"", ""DATA-0008"", ""DATA-0009"", ""DATA-0010"", ""SVC-0012""]",CHG-000677,cause:17:22,background:EP-000677,SYNTHETIC
EP-000678,INC-000678,DATA_STORE_CONTENTION,DATA-0001,KE-0018,TERMINATE_BLOCKING_WORKLOAD,"[""COMP-0001"", ""COMP-0002"", ""COMP-0004"", ""COMP-0006"", ""COMP-0010"", ""COMP-0011"", ""COMP-0016"", ""COMP-0021"", ""COMP-0026"", ""COMP-0030"", ""DATA-0002"", ""DATA-0003"", ""DATA-0004"", ""DATA-0005"", ""DATA-0006"", ""DATA-0007"", ""DATA-0008"", ""DATA-0009"", ""DATA-0010"", ""SVC-0001""]",,cause:17:23,background:EP-000678,SYNTHETIC
EP-000679,INC-000679,DATA_STORE_CONTENTION,DATA-0008,KE-0018,TERMINATE_BLOCKING_WORKLOAD,"[""COMP-0003"", ""COMP-0005"", ""COMP-0007"", ""COMP-0014"", ""COMP-0016"", ""COMP-0017"", ""COMP-0023"", ""COMP-0026"", ""COMP-0027"", ""DATA-0001"", ""DATA-0002"", ""DATA-0003"", ""DATA-0004"", ""DATA-0005"", ""DATA-0006"", ""DATA-0007"", ""DATA-0009"", ""DATA-0010"", ""SVC-0005""]",,cause:17:24,background:EP-000679,SYNTHETIC
EP-000680,INC-000680,DATA_STORE_CONTENTION,DATA-0005,KE-0018,TERMINATE_BLOCKING_WORKLOAD,"[""COMP-0005"", ""COMP-0015"", ""COMP-0021"", ""COMP-0025"", ""COMP-0028"", ""DATA-0001"", ""DATA-0002"", ""DATA-0003"", ""DATA-0004"", ""DATA-0006"", ""DATA-0007"", ""DATA-0008"", ""DATA-0009"", ""DATA-0010"", ""SVC-0005""]",,cause:17:25,background:EP-000680,SYNTHETIC
EP-000681,INC-000681,DATA_STORE_CONTENTION,DATA-0002,KE-0018,TERMINATE_BLOCKING_WORKLOAD,"[""COMP-0002"", ""COMP-0003"", ""COMP-0008"", ""COMP-0012"", ""COMP-0025"", ""COMP-0028"", ""COMP-0029"", ""COMP-0030"", ""DATA-0001"", ""DATA-0003"", ""DATA-0004"", ""DATA-0005"", ""DATA-0006"", ""DATA-0007"", ""DATA-0008"", ""DATA-0009"", ""DATA-0010"", ""SVC-0008""]",,cause:17:26,background:EP-000681,SYNTHETIC
EP-000682,INC-000682,DATA_STORE_CONTENTION,DATA-0009,KE-0018,TERMINATE_BLOCKING_WORKLOAD,"[""COMP-0003"", ""COMP-0009"", ""COMP-0011"", ""COMP-0013"", ""COMP-0014"", ""COMP-0017"", ""COMP-0019"", ""COMP-0029"", ""DATA-0001"", ""DATA-0002"", ""DATA-0003"", ""DATA-0004"", ""DATA-0005"", ""DATA-0006"", ""DATA-0007"", ""DATA-0008"", ""DATA-0010"", ""SVC-0003""]",,cause:17:27,background:EP-000682,SYNTHETIC
EP-000683,INC-000683,DATA_STORE_CONTENTION,DATA-0006,KE-0018,TERMINATE_BLOCKING_WORKLOAD,"[""COMP-0001"", ""COMP-0002"", ""COMP-0003"", ""COMP-0007"", ""COMP-0021"", ""COMP-0023"", ""COMP-0028"", ""COMP-0030"", ""DATA-0001"", ""DATA-0002"", ""DATA-0003"", ""DATA-0004"", ""DATA-0005"", ""DATA-0007"", ""DATA-0008"", ""DATA-0009"", ""DATA-0010"", ""POL-0001"", ""SVC-0001""]",,cause:17:28,background:EP-000683,SYNTHETIC
EP-000684,INC-000684,DATA_STORE_CONTENTION,DATA-0003,KE-0018,TERMINATE_BLOCKING_WORKLOAD,"[""COMP-0003"", ""COMP-0013"", ""COMP-0016"", ""COMP-0019"", ""COMP-0023"", ""COMP-0028"", ""COMP-0029"", ""DATA-0001"", ""DATA-0002"", ""DATA-0004"", ""DATA-0005"", ""DATA-0006"", ""DATA-0007"", ""DATA-0008"", ""DATA-0009"", ""DATA-0010"", ""SVC-0003""]",CHG-000684,cause:17:29,background:EP-000684,SYNTHETIC
EP-000685,INC-000685,DATA_STORE_CONTENTION,DATA-0010,KE-0018,TERMINATE_BLOCKING_WORKLOAD,"[""COMP-0002"", ""COMP-0003"", ""COMP-0013"", ""COMP-0021"", ""COMP-0028"", ""COMP-0030"", ""DATA-0001"", ""DATA-0002"", ""DATA-0003"", ""DATA-0004"", ""DATA-0005"", ""DATA-0006"", ""DATA-0007"", ""DATA-0008"", ""DATA-0009"", ""SVC-0002""]",,cause:17:30,background:EP-000685,SYNTHETIC
EP-000686,INC-000686,DATA_STORE_CONTENTION,DATA-0007,KE-0018,TERMINATE_BLOCKING_WORKLOAD,"[""COMP-0001"", ""COMP-0003"", ""COMP-0007"", ""COMP-0017"", ""COMP-0018"", ""COMP-0021"", ""COMP-0023"", ""COMP-0027"", ""DATA-0001"", ""DATA-0002"", ""DATA-0003"", ""DATA-0004"", ""DATA-0005"", ""DATA-0006"", ""DATA-0008"", ""DATA-0009"", ""DATA-0010"", ""SVC-0001""]",,cause:17:31,background:EP-000686,SYNTHETIC
EP-000687,INC-000687,DATA_STORE_CONTENTION,DATA-0004,KE-0018,TERMINATE_BLOCKING_WORKLOAD,"[""COMP-0005"", ""COMP-0012"", ""COMP-0014"", ""COMP-0015"", ""COMP-0017"", ""COMP-0025"", ""COMP-0028"", ""DATA-0001"", ""DATA-0002"", ""DATA-0003"", ""DATA-0005"", ""DATA-0006"", ""DATA-0007"", ""DATA-0008"", ""DATA-0009"", ""DATA-0010"", ""SVC-0012""]",CHG-000687,cause:17:32,background:EP-000687,SYNTHETIC
EP-000688,INC-000688,DATA_STORE_CONTENTION,DATA-0001,KE-0018,TERMINATE_BLOCKING_WORKLOAD,"[""COMP-0001"", ""COMP-0002"", ""COMP-0004"", ""COMP-0006"", ""COMP-0010"", ""COMP-0011"", ""COMP-0016"", ""COMP-0021"", ""COMP-0026"", ""COMP-0030"", ""DATA-0002"", ""DATA-0003"", ""DATA-0004"", ""DATA-0005"", ""DATA-0006"", ""DATA-0007"", ""DATA-0008"", ""DATA-0009"", ""DATA-0010"", ""SVC-0001""]",,cause:17:33,background:EP-000688,SYNTHETIC
EP-000689,INC-000689,DATA_STORE_CONTENTION,DATA-0008,KE-0018,TERMINATE_BLOCKING_WORKLOAD,"[""COMP-0003"", ""COMP-0005"", ""COMP-0007"", ""COMP-0014"", ""COMP-0016"", ""COMP-0017"", ""COMP-0023"", ""COMP-0026"", ""COMP-0027"", ""DATA-0001"", ""DATA-0002"", ""DATA-0003"", ""DATA-0004"", ""DATA-0005"", ""DATA-0006"", ""DATA-0007"", ""DATA-0009"", ""DATA-0010"", ""SVC-0005""]",,cause:17:34,background:EP-000689,SYNTHETIC
EP-000690,INC-000690,DATA_STORE_CONTENTION,DATA-0005,KE-0018,TERMINATE_BLOCKING_WORKLOAD,"[""COMP-0005"", ""COMP-0015"", ""COMP-0021"", ""COMP-0025"", ""COMP-0028"", ""DATA-0001"", ""DATA-0002"", ""DATA-0003"", ""DATA-0004"", ""DATA-0006"", ""DATA-0007"", ""DATA-0008"", ""DATA-0009"", ""DATA-0010"", ""SVC-0005""]",,cause:17:35,background:EP-000690,SYNTHETIC
EP-000691,INC-000691,DATA_STORE_CONTENTION,DATA-0002,KE-0018,TERMINATE_BLOCKING_WORKLOAD,"[""COMP-0002"", ""COMP-0003"", ""COMP-0008"", ""COMP-0012"", ""COMP-0025"", ""COMP-0028"", ""COMP-0029"", ""COMP-0030"", ""DATA-0001"", ""DATA-0003"", ""DATA-0004"", ""DATA-0005"", ""DATA-0006"", ""DATA-0007"", ""DATA-0008"", ""DATA-0009"", ""DATA-0010"", ""SVC-0008""]",,cause:17:36,background:EP-000691,SYNTHETIC
EP-000692,INC-000692,DATA_STORE_CONTENTION,DATA-0009,KE-0018,TERMINATE_BLOCKING_WORKLOAD,"[""COMP-0003"", ""COMP-0009"", ""COMP-0011"", ""COMP-0013"", ""COMP-0014"", ""COMP-0017"", ""COMP-0019"", ""COMP-0029"", ""DATA-0001"", ""DATA-0002"", ""DATA-0003"", ""DATA-0004"", ""DATA-0005"", ""DATA-0006"", ""DATA-0007"", ""DATA-0008"", ""DATA-0010"", ""SVC-0003""]",,cause:17:37,background:EP-000692,SYNTHETIC
EP-000693,INC-000693,DATA_STORE_CONTENTION,DATA-0006,KE-0018,TERMINATE_BLOCKING_WORKLOAD,"[""COMP-0001"", ""COMP-0002"", ""COMP-0003"", ""COMP-0007"", ""COMP-0021"", ""COMP-0023"", ""COMP-0028"", ""COMP-0030"", ""DATA-0001"", ""DATA-0002"", ""DATA-0003"", ""DATA-0004"", ""DATA-0005"", ""DATA-0007"", ""DATA-0008"", ""DATA-0009"", ""DATA-0010"", ""POL-0001"", ""SVC-0001""]",,cause:17:38,background:EP-000693,SYNTHETIC
EP-000694,INC-000694,DATA_STORE_CONTENTION,DATA-0003,KE-0018,TERMINATE_BLOCKING_WORKLOAD,"[""COMP-0003"", ""COMP-0013"", ""COMP-0016"", ""COMP-0019"", ""COMP-0023"", ""COMP-0028"", ""COMP-0029"", ""DATA-0001"", ""DATA-0002"", ""DATA-0004"", ""DATA-0005"", ""DATA-0006"", ""DATA-0007"", ""DATA-0008"", ""DATA-0009"", ""DATA-0010"", ""SVC-0003""]",,cause:17:39,background:EP-000694,SYNTHETIC
EP-000695,INC-000695,DATA_STORE_CONTENTION,DATA-0010,KE-0018,TERMINATE_BLOCKING_WORKLOAD,"[""COMP-0002"", ""COMP-0003"", ""COMP-0013"", ""COMP-0021"", ""COMP-0028"", ""COMP-0030"", ""DATA-0001"", ""DATA-0002"", ""DATA-0003"", ""DATA-0004"", ""DATA-0005"", ""DATA-0006"", ""DATA-0007"", ""DATA-0008"", ""DATA-0009"", ""SVC-0002""]",,cause:17:40,background:EP-000695,SYNTHETIC
EP-000696,INC-000696,DATA_STORE_CONTENTION,DATA-0007,KE-0018,TERMINATE_BLOCKING_WORKLOAD,"[""COMP-0001"", ""COMP-0003"", ""COMP-0007"", ""COMP-0017"", ""COMP-0018"", ""COMP-0021"", ""COMP-0023"", ""COMP-0027"", ""DATA-0001"", ""DATA-0002"", ""DATA-0003"", ""DATA-0004"", ""DATA-0005"", ""DATA-0006"", ""DATA-0008"", ""DATA-0009"", ""DATA-0010"", ""SVC-0001""]",,cause:17:41,background:EP-000696,SYNTHETIC
EP-000697,INC-000697,DATA_STORE_CONTENTION,DATA-0004,KE-0018,TERMINATE_BLOCKING_WORKLOAD,"[""COMP-0005"", ""COMP-0012"", ""COMP-0014"", ""COMP-0015"", ""COMP-0017"", ""COMP-0025"", ""COMP-0028"", ""DATA-0001"", ""DATA-0002"", ""DATA-0003"", ""DATA-0005"", ""DATA-0006"", ""DATA-0007"", ""DATA-0008"", ""DATA-0009"", ""DATA-0010"", ""SVC-0012""]",CHG-000697,cause:17:42,background:EP-000697,SYNTHETIC
EP-000698,INC-000698,DATA_STORE_CONTENTION,DATA-0001,KE-0018,TERMINATE_BLOCKING_WORKLOAD,"[""COMP-0001"", ""COMP-0002"", ""COMP-0004"", ""COMP-0006"", ""COMP-0010"", ""COMP-0011"", ""COMP-0016"", ""COMP-0021"", ""COMP-0026"", ""COMP-0030"", ""DATA-0002"", ""DATA-0003"", ""DATA-0004"", ""DATA-0005"", ""DATA-0006"", ""DATA-0007"", ""DATA-0008"", ""DATA-0009"", ""DATA-0010"", ""SVC-0001""]",,cause:17:43,background:EP-000698,SYNTHETIC
EP-000699,INC-000699,DATA_STORE_CONTENTION,DATA-0008,KE-0018,TERMINATE_BLOCKING_WORKLOAD,"[""COMP-0003"", ""COMP-0005"", ""COMP-0007"", ""COMP-0014"", ""COMP-0016"", ""COMP-0017"", ""COMP-0023"", ""COMP-0026"", ""COMP-0027"", ""DATA-0001"", ""DATA-0002"", ""DATA-0003"", ""DATA-0004"", ""DATA-0005"", ""DATA-0006"", ""DATA-0007"", ""DATA-0009"", ""DATA-0010"", ""SVC-0005""]",,cause:17:44,background:EP-000699,SYNTHETIC
EP-000700,INC-000700,DATA_STORE_CONTENTION,DATA-0005,KE-0018,TERMINATE_BLOCKING_WORKLOAD,"[""COMP-0005"", ""COMP-0015"", ""COMP-0021"", ""COMP-0025"", ""COMP-0028"", ""DATA-0001"", ""DATA-0002"", ""DATA-0003"", ""DATA-0004"", ""DATA-0006"", ""DATA-0007"", ""DATA-0008"", ""DATA-0009"", ""DATA-0010"", ""SVC-0005""]",,cause:17:45,background:EP-000700,SYNTHETIC
EP-000701,INC-000701,DATA_STORE_CONTENTION,DATA-0002,KE-0018,TERMINATE_BLOCKING_WORKLOAD,"[""COMP-0002"", ""COMP-0003"", ""COMP-0008"", ""COMP-0012"", ""COMP-0025"", ""COMP-0028"", ""COMP-0029"", ""COMP-0030"", ""DATA-0001"", ""DATA-0003"", ""DATA-0004"", ""DATA-0005"", ""DATA-0006"", ""DATA-0007"", ""DATA-0008"", ""DATA-0009"", ""DATA-0010"", ""SVC-0008""]",,cause:17:46,background:EP-000701,SYNTHETIC
EP-000702,INC-000702,DATA_STORE_CONTENTION,DATA-0009,KE-0018,TERMINATE_BLOCKING_WORKLOAD,"[""COMP-0003"", ""COMP-0009"", ""COMP-0011"", ""COMP-0013"", ""COMP-0014"", ""COMP-0017"", ""COMP-0019"", ""COMP-0029"", ""DATA-0001"", ""DATA-0002"", ""DATA-0003"", ""DATA-0004"", ""DATA-0005"", ""DATA-0006"", ""DATA-0007"", ""DATA-0008"", ""DATA-0010"", ""SVC-0003""]",,cause:17:47,background:EP-000702,SYNTHETIC
EP-000703,INC-000703,DATA_STORE_CONTENTION,DATA-0006,KE-0018,TERMINATE_BLOCKING_WORKLOAD,"[""COMP-0001"", ""COMP-0002"", ""COMP-0003"", ""COMP-0007"", ""COMP-0021"", ""COMP-0023"", ""COMP-0028"", ""COMP-0030"", ""DATA-0001"", ""DATA-0002"", ""DATA-0003"", ""DATA-0004"", ""DATA-0005"", ""DATA-0007"", ""DATA-0008"", ""DATA-0009"", ""DATA-0010"", ""POL-0001"", ""SVC-0001""]",,cause:17:48,background:EP-000703,SYNTHETIC
EP-000704,INC-000704,DATA_STORE_CONTENTION,DATA-0003,KE-0018,TERMINATE_BLOCKING_WORKLOAD,"[""COMP-0003"", ""COMP-0013"", ""COMP-0016"", ""COMP-0019"", ""COMP-0023"", ""COMP-0028"", ""COMP-0029"", ""DATA-0001"", ""DATA-0002"", ""DATA-0004"", ""DATA-0005"", ""DATA-0006"", ""DATA-0007"", ""DATA-0008"", ""DATA-0009"", ""DATA-0010"", ""SVC-0003""]",,cause:17:49,background:EP-000704,SYNTHETIC
EP-000705,INC-000705,DATA_STORE_CONTENTION,DATA-0010,KE-0018,TERMINATE_BLOCKING_WORKLOAD,"[""COMP-0002"", ""COMP-0003"", ""COMP-0013"", ""COMP-0021"", ""COMP-0028"", ""COMP-0030"", ""DATA-0001"", ""DATA-0002"", ""DATA-0003"", ""DATA-0004"", ""DATA-0005"", ""DATA-0006"", ""DATA-0007"", ""DATA-0008"", ""DATA-0009"", ""SVC-0002""]",,cause:17:50,background:EP-000705,SYNTHETIC
EP-000706,INC-000706,DATA_STORE_CONTENTION,DATA-0007,KE-0018,TERMINATE_BLOCKING_WORKLOAD,"[""COMP-0001"", ""COMP-0003"", ""COMP-0007"", ""COMP-0017"", ""COMP-0018"", ""COMP-0021"", ""COMP-0023"", ""COMP-0027"", ""DATA-0001"", ""DATA-0002"", ""DATA-0003"", ""DATA-0004"", ""DATA-0005"", ""DATA-0006"", ""DATA-0008"", ""DATA-0009"", ""DATA-0010"", ""SVC-0001""]",,cause:17:51,background:EP-000706,SYNTHETIC
EP-000707,INC-000707,DATA_STORE_CONTENTION,DATA-0004,KE-0018,TERMINATE_BLOCKING_WORKLOAD,"[""COMP-0005"", ""COMP-0012"", ""COMP-0014"", ""COMP-0015"", ""COMP-0017"", ""COMP-0025"", ""COMP-0028"", ""DATA-0001"", ""DATA-0002"", ""DATA-0003"", ""DATA-0005"", ""DATA-0006"", ""DATA-0007"", ""DATA-0008"", ""DATA-0009"", ""DATA-0010"", ""SVC-0012""]",,cause:17:52,background:EP-000707,SYNTHETIC
EP-000708,INC-000708,DATA_STORE_CONTENTION,DATA-0001,KE-0018,TERMINATE_BLOCKING_WORKLOAD,"[""COMP-0001"", ""COMP-0002"", ""COMP-0004"", ""COMP-0006"", ""COMP-0010"", ""COMP-0011"", ""COMP-0016"", ""COMP-0021"", ""COMP-0026"", ""COMP-0030"", ""DATA-0002"", ""DATA-0003"", ""DATA-0004"", ""DATA-0005"", ""DATA-0006"", ""DATA-0007"", ""DATA-0008"", ""DATA-0009"", ""DATA-0010"", ""SVC-0001""]",,cause:17:53,background:EP-000708,SYNTHETIC
EP-000709,INC-000709,DATA_STORE_CONTENTION,DATA-0008,KE-0018,TERMINATE_BLOCKING_WORKLOAD,"[""COMP-0003"", ""COMP-0005"", ""COMP-0007"", ""COMP-0014"", ""COMP-0016"", ""COMP-0017"", ""COMP-0023"", ""COMP-0026"", ""COMP-0027"", ""DATA-0001"", ""DATA-0002"", ""DATA-0003"", ""DATA-0004"", ""DATA-0005"", ""DATA-0006"", ""DATA-0007"", ""DATA-0009"", ""DATA-0010"", ""SVC-0005""]",,cause:17:54,background:EP-000709,SYNTHETIC
EP-000710,INC-000710,DATA_STORE_CONTENTION,DATA-0005,KE-0018,TERMINATE_BLOCKING_WORKLOAD,"[""COMP-0005"", ""COMP-0015"", ""COMP-0021"", ""COMP-0025"", ""COMP-0028"", ""DATA-0001"", ""DATA-0002"", ""DATA-0003"", ""DATA-0004"", ""DATA-0006"", ""DATA-0007"", ""DATA-0008"", ""DATA-0009"", ""DATA-0010"", ""SVC-0005""]",,cause:17:55,background:EP-000710,SYNTHETIC
EP-000711,INC-000711,DATA_STORE_CONTENTION,DATA-0002,KE-0018,TERMINATE_BLOCKING_WORKLOAD,"[""COMP-0002"", ""COMP-0003"", ""COMP-0008"", ""COMP-0012"", ""COMP-0025"", ""COMP-0028"", ""COMP-0029"", ""COMP-0030"", ""DATA-0001"", ""DATA-0003"", ""DATA-0004"", ""DATA-0005"", ""DATA-0006"", ""DATA-0007"", ""DATA-0008"", ""DATA-0009"", ""DATA-0010"", ""SVC-0008""]",,cause:17:56,background:EP-000711,SYNTHETIC
EP-000712,INC-000712,DATA_STORE_CONTENTION,DATA-0009,KE-0018,TERMINATE_BLOCKING_WORKLOAD,"[""COMP-0003"", ""COMP-0009"", ""COMP-0011"", ""COMP-0013"", ""COMP-0014"", ""COMP-0017"", ""COMP-0019"", ""COMP-0029"", ""DATA-0001"", ""DATA-0002"", ""DATA-0003"", ""DATA-0004"", ""DATA-0005"", ""DATA-0006"", ""DATA-0007"", ""DATA-0008"", ""DATA-0010"", ""SVC-0003""]",,cause:17:57,background:EP-000712,SYNTHETIC
EP-000713,INC-000713,DATA_STORE_CONTENTION,DATA-0006,KE-0018,TERMINATE_BLOCKING_WORKLOAD,"[""COMP-0001"", ""COMP-0002"", ""COMP-0003"", ""COMP-0007"", ""COMP-0021"", ""COMP-0023"", ""COMP-0028"", ""COMP-0030"", ""DATA-0001"", ""DATA-0002"", ""DATA-0003"", ""DATA-0004"", ""DATA-0005"", ""DATA-0007"", ""DATA-0008"", ""DATA-0009"", ""DATA-0010"", ""POL-0001"", ""SVC-0001""]",,cause:17:58,background:EP-000713,SYNTHETIC
EP-000714,INC-000714,DATA_STORE_CONTENTION,DATA-0003,KE-0018,TERMINATE_BLOCKING_WORKLOAD,"[""COMP-0003"", ""COMP-0013"", ""COMP-0016"", ""COMP-0019"", ""COMP-0023"", ""COMP-0028"", ""COMP-0029"", ""DATA-0001"", ""DATA-0002"", ""DATA-0004"", ""DATA-0005"", ""DATA-0006"", ""DATA-0007"", ""DATA-0008"", ""DATA-0009"", ""DATA-0010"", ""SVC-0003""]",CHG-000714,cause:17:59,background:EP-000714,SYNTHETIC
EP-000715,INC-000715,DATA_STORE_CONTENTION,DATA-0010,KE-0018,TERMINATE_BLOCKING_WORKLOAD,"[""COMP-0002"", ""COMP-0003"", ""COMP-0013"", ""COMP-0021"", ""COMP-0028"", ""COMP-0030"", ""DATA-0001"", ""DATA-0002"", ""DATA-0003"", ""DATA-0004"", ""DATA-0005"", ""DATA-0006"", ""DATA-0007"", ""DATA-0008"", ""DATA-0009"", ""SVC-0002""]",,cause:17:60,background:EP-000715,SYNTHETIC
EP-000716,INC-000716,DATA_STORE_CONTENTION,DATA-0007,KE-0018,TERMINATE_BLOCKING_WORKLOAD,"[""COMP-0001"", ""COMP-0003"", ""COMP-0007"", ""COMP-0017"", ""COMP-0018"", ""COMP-0021"", ""COMP-0023"", ""COMP-0027"", ""DATA-0001"", ""DATA-0002"", ""DATA-0003"", ""DATA-0004"", ""DATA-0005"", ""DATA-0006"", ""DATA-0008"", ""DATA-0009"", ""DATA-0010"", ""SVC-0001""]",CHG-000716,cause:17:61,background:EP-000716,SYNTHETIC
EP-000717,INC-000717,DATA_STORE_CONTENTION,DATA-0004,KE-0018,TERMINATE_BLOCKING_WORKLOAD,"[""COMP-0005"", ""COMP-0012"", ""COMP-0014"", ""COMP-0015"", ""COMP-0017"", ""COMP-0025"", ""COMP-0028"", ""DATA-0001"", ""DATA-0002"", ""DATA-0003"", ""DATA-0005"", ""DATA-0006"", ""DATA-0007"", ""DATA-0008"", ""DATA-0009"", ""DATA-0010"", ""SVC-0012""]",,cause:17:62,background:EP-000717,SYNTHETIC
EP-000718,INC-000718,DATA_STORE_CONTENTION,DATA-0001,KE-0018,TERMINATE_BLOCKING_WORKLOAD,"[""COMP-0001"", ""COMP-0002"", ""COMP-0004"", ""COMP-0006"", ""COMP-0010"", ""COMP-0011"", ""COMP-0016"", ""COMP-0021"", ""COMP-0026"", ""COMP-0030"", ""DATA-0002"", ""DATA-0003"", ""DATA-0004"", ""DATA-0005"", ""DATA-0006"", ""DATA-0007"", ""DATA-0008"", ""DATA-0009"", ""DATA-0010"", ""SVC-0001""]",,cause:17:63,background:EP-000718,SYNTHETIC
EP-000719,INC-000719,DATA_STORE_CONTENTION,DATA-0008,KE-0018,TERMINATE_BLOCKING_WORKLOAD,"[""COMP-0003"", ""COMP-0005"", ""COMP-0007"", ""COMP-0014"", ""COMP-0016"", ""COMP-0017"", ""COMP-0023"", ""COMP-0026"", ""COMP-0027"", ""DATA-0001"", ""DATA-0002"", ""DATA-0003"", ""DATA-0004"", ""DATA-0005"", ""DATA-0006"", ""DATA-0007"", ""DATA-0009"", ""DATA-0010"", ""SVC-0005""]",CHG-000719,cause:17:64,background:EP-000719,SYNTHETIC
EP-000720,INC-000720,DATA_STORE_CONTENTION,DATA-0005,KE-0018,TERMINATE_BLOCKING_WORKLOAD,"[""COMP-0005"", ""COMP-0015"", ""COMP-0021"", ""COMP-0025"", ""COMP-0028"", ""DATA-0001"", ""DATA-0002"", ""DATA-0003"", ""DATA-0004"", ""DATA-0006"", ""DATA-0007"", ""DATA-0008"", ""DATA-0009"", ""DATA-0010"", ""SVC-0005""]",,cause:17:65,background:EP-000720,SYNTHETIC
EP-000721,INC-000721,DATA_STORE_CONTENTION,DATA-0002,KE-0018,TERMINATE_BLOCKING_WORKLOAD,"[""COMP-0002"", ""COMP-0003"", ""COMP-0008"", ""COMP-0012"", ""COMP-0025"", ""COMP-0028"", ""COMP-0029"", ""COMP-0030"", ""DATA-0001"", ""DATA-0003"", ""DATA-0004"", ""DATA-0005"", ""DATA-0006"", ""DATA-0007"", ""DATA-0008"", ""DATA-0009"", ""DATA-0010"", ""SVC-0008""]",CHG-000721,cause:17:66,background:EP-000721,SYNTHETIC
EP-000722,INC-000722,DATA_STORE_CONTENTION,DATA-0009,KE-0018,TERMINATE_BLOCKING_WORKLOAD,"[""COMP-0003"", ""COMP-0009"", ""COMP-0011"", ""COMP-0013"", ""COMP-0014"", ""COMP-0017"", ""COMP-0019"", ""COMP-0029"", ""DATA-0001"", ""DATA-0002"", ""DATA-0003"", ""DATA-0004"", ""DATA-0005"", ""DATA-0006"", ""DATA-0007"", ""DATA-0008"", ""DATA-0010"", ""SVC-0003""]",,cause:17:67,background:EP-000722,SYNTHETIC
EP-000723,INC-000723,DATA_STORE_CONTENTION,DATA-0006,KE-0018,TERMINATE_BLOCKING_WORKLOAD,"[""COMP-0001"", ""COMP-0002"", ""COMP-0003"", ""COMP-0007"", ""COMP-0021"", ""COMP-0023"", ""COMP-0028"", ""COMP-0030"", ""DATA-0001"", ""DATA-0002"", ""DATA-0003"", ""DATA-0004"", ""DATA-0005"", ""DATA-0007"", ""DATA-0008"", ""DATA-0009"", ""DATA-0010"", ""POL-0001"", ""SVC-0001""]",CHG-000723,cause:17:68,background:EP-000723,SYNTHETIC
EP-000724,INC-000724,DATA_STORE_CONTENTION,DATA-0003,KE-0018,TERMINATE_BLOCKING_WORKLOAD,"[""COMP-0003"", ""COMP-0013"", ""COMP-0016"", ""COMP-0019"", ""COMP-0023"", ""COMP-0028"", ""COMP-0029"", ""DATA-0001"", ""DATA-0002"", ""DATA-0004"", ""DATA-0005"", ""DATA-0006"", ""DATA-0007"", ""DATA-0008"", ""DATA-0009"", ""DATA-0010"", ""SVC-0003""]",,cause:17:69,background:EP-000724,SYNTHETIC
EP-000725,INC-000725,DATA_STORE_CONTENTION,DATA-0010,KE-0018,TERMINATE_BLOCKING_WORKLOAD,"[""COMP-0002"", ""COMP-0003"", ""COMP-0013"", ""COMP-0021"", ""COMP-0028"", ""COMP-0030"", ""DATA-0001"", ""DATA-0002"", ""DATA-0003"", ""DATA-0004"", ""DATA-0005"", ""DATA-0006"", ""DATA-0007"", ""DATA-0008"", ""DATA-0009"", ""SVC-0002""]",,cause:17:70,background:EP-000725,SYNTHETIC
EP-000726,INC-000726,QUEUE_BACKLOG,DATA-0007,KE-0019,SCALE_CONSUMERS,"[""COMP-0001"", ""COMP-0003"", ""COMP-0007"", ""COMP-0017"", ""COMP-0018"", ""COMP-0021"", ""COMP-0023"", ""COMP-0027"", ""DATA-0001"", ""DATA-0002"", ""DATA-0003"", ""DATA-0004"", ""DATA-0005"", ""DATA-0006"", ""DATA-0008"", ""DATA-0009"", ""DATA-0010"", ""SVC-0001""]",,cause:18:0,background:EP-000726,SYNTHETIC
EP-000727,INC-000727,QUEUE_BACKLOG,DATA-0004,KE-0019,SCALE_CONSUMERS,"[""COMP-0005"", ""COMP-0012"", ""COMP-0014"", ""COMP-0015"", ""COMP-0017"", ""COMP-0025"", ""COMP-0028"", ""DATA-0001"", ""DATA-0002"", ""DATA-0003"", ""DATA-0005"", ""DATA-0006"", ""DATA-0007"", ""DATA-0008"", ""DATA-0009"", ""DATA-0010"", ""SVC-0012""]",,cause:18:1,background:EP-000727,SYNTHETIC
EP-000728,INC-000728,QUEUE_BACKLOG,DATA-0001,KE-0019,SCALE_CONSUMERS,"[""COMP-0001"", ""COMP-0002"", ""COMP-0004"", ""COMP-0006"", ""COMP-0010"", ""COMP-0011"", ""COMP-0016"", ""COMP-0021"", ""COMP-0026"", ""COMP-0030"", ""DATA-0002"", ""DATA-0003"", ""DATA-0004"", ""DATA-0005"", ""DATA-0006"", ""DATA-0007"", ""DATA-0008"", ""DATA-0009"", ""DATA-0010"", ""SVC-0001""]",,cause:18:2,background:EP-000728,SYNTHETIC
EP-000729,INC-000729,QUEUE_BACKLOG,DATA-0008,KE-0019,SCALE_CONSUMERS,"[""COMP-0003"", ""COMP-0005"", ""COMP-0007"", ""COMP-0014"", ""COMP-0016"", ""COMP-0017"", ""COMP-0023"", ""COMP-0026"", ""COMP-0027"", ""DATA-0001"", ""DATA-0002"", ""DATA-0003"", ""DATA-0004"", ""DATA-0005"", ""DATA-0006"", ""DATA-0007"", ""DATA-0009"", ""DATA-0010"", ""SVC-0005""]",CHG-000729,cause:18:3,background:EP-000729,SYNTHETIC
EP-000730,INC-000730,QUEUE_BACKLOG,DATA-0005,KE-0019,SCALE_CONSUMERS,"[""COMP-0005"", ""COMP-0015"", ""COMP-0021"", ""COMP-0025"", ""COMP-0028"", ""DATA-0001"", ""DATA-0002"", ""DATA-0003"", ""DATA-0004"", ""DATA-0006"", ""DATA-0007"", ""DATA-0008"", ""DATA-0009"", ""DATA-0010"", ""SVC-0005""]",CHG-000730,cause:18:4,background:EP-000730,SYNTHETIC
EP-000731,INC-000731,QUEUE_BACKLOG,DATA-0002,KE-0019,SCALE_CONSUMERS,"[""COMP-0002"", ""COMP-0003"", ""COMP-0008"", ""COMP-0012"", ""COMP-0025"", ""COMP-0028"", ""COMP-0029"", ""COMP-0030"", ""DATA-0001"", ""DATA-0003"", ""DATA-0004"", ""DATA-0005"", ""DATA-0006"", ""DATA-0007"", ""DATA-0008"", ""DATA-0009"", ""DATA-0010"", ""SVC-0008""]",,cause:18:5,background:EP-000731,SYNTHETIC
EP-000732,INC-000732,QUEUE_BACKLOG,DATA-0009,KE-0019,SCALE_CONSUMERS,"[""COMP-0003"", ""COMP-0009"", ""COMP-0011"", ""COMP-0013"", ""COMP-0014"", ""COMP-0017"", ""COMP-0019"", ""COMP-0029"", ""DATA-0001"", ""DATA-0002"", ""DATA-0003"", ""DATA-0004"", ""DATA-0005"", ""DATA-0006"", ""DATA-0007"", ""DATA-0008"", ""DATA-0010"", ""SVC-0003""]",,cause:18:6,background:EP-000732,SYNTHETIC
EP-000733,INC-000733,QUEUE_BACKLOG,DATA-0006,KE-0019,SCALE_CONSUMERS,"[""COMP-0001"", ""COMP-0002"", ""COMP-0003"", ""COMP-0007"", ""COMP-0021"", ""COMP-0023"", ""COMP-0028"", ""COMP-0030"", ""DATA-0001"", ""DATA-0002"", ""DATA-0003"", ""DATA-0004"", ""DATA-0005"", ""DATA-0007"", ""DATA-0008"", ""DATA-0009"", ""DATA-0010"", ""POL-0001"", ""SVC-0001""]",,cause:18:7,background:EP-000733,SYNTHETIC
EP-000734,INC-000734,QUEUE_BACKLOG,DATA-0003,KE-0019,SCALE_CONSUMERS,"[""COMP-0003"", ""COMP-0013"", ""COMP-0016"", ""COMP-0019"", ""COMP-0023"", ""COMP-0028"", ""COMP-0029"", ""DATA-0001"", ""DATA-0002"", ""DATA-0004"", ""DATA-0005"", ""DATA-0006"", ""DATA-0007"", ""DATA-0008"", ""DATA-0009"", ""DATA-0010"", ""SVC-0003""]",,cause:18:8,background:EP-000734,SYNTHETIC
EP-000735,INC-000735,QUEUE_BACKLOG,DATA-0010,KE-0019,SCALE_CONSUMERS,"[""COMP-0002"", ""COMP-0003"", ""COMP-0013"", ""COMP-0021"", ""COMP-0028"", ""COMP-0030"", ""DATA-0001"", ""DATA-0002"", ""DATA-0003"", ""DATA-0004"", ""DATA-0005"", ""DATA-0006"", ""DATA-0007"", ""DATA-0008"", ""DATA-0009"", ""SVC-0002""]",,cause:18:9,background:EP-000735,SYNTHETIC
EP-000736,INC-000736,QUEUE_BACKLOG,DATA-0007,KE-0019,SCALE_CONSUMERS,"[""COMP-0001"", ""COMP-0003"", ""COMP-0007"", ""COMP-0017"", ""COMP-0018"", ""COMP-0021"", ""COMP-0023"", ""COMP-0027"", ""DATA-0001"", ""DATA-0002"", ""DATA-0003"", ""DATA-0004"", ""DATA-0005"", ""DATA-0006"", ""DATA-0008"", ""DATA-0009"", ""DATA-0010"", ""SVC-0001""]",,cause:18:10,background:EP-000736,SYNTHETIC
EP-000737,INC-000737,QUEUE_BACKLOG,DATA-0004,KE-0019,SCALE_CONSUMERS,"[""COMP-0005"", ""COMP-0012"", ""COMP-0014"", ""COMP-0015"", ""COMP-0017"", ""COMP-0025"", ""COMP-0028"", ""DATA-0001"", ""DATA-0002"", ""DATA-0003"", ""DATA-0005"", ""DATA-0006"", ""DATA-0007"", ""DATA-0008"", ""DATA-0009"", ""DATA-0010"", ""SVC-0012""]",,cause:18:11,background:EP-000737,SYNTHETIC
EP-000738,INC-000738,QUEUE_BACKLOG,DATA-0001,KE-0019,SCALE_CONSUMERS,"[""COMP-0001"", ""COMP-0002"", ""COMP-0004"", ""COMP-0006"", ""COMP-0010"", ""COMP-0011"", ""COMP-0016"", ""COMP-0021"", ""COMP-0026"", ""COMP-0030"", ""DATA-0002"", ""DATA-0003"", ""DATA-0004"", ""DATA-0005"", ""DATA-0006"", ""DATA-0007"", ""DATA-0008"", ""DATA-0009"", ""DATA-0010"", ""SVC-0001""]",,cause:18:12,background:EP-000738,SYNTHETIC
EP-000739,INC-000739,QUEUE_BACKLOG,DATA-0008,KE-0019,SCALE_CONSUMERS,"[""COMP-0003"", ""COMP-0005"", ""COMP-0007"", ""COMP-0014"", ""COMP-0016"", ""COMP-0017"", ""COMP-0023"", ""COMP-0026"", ""COMP-0027"", ""DATA-0001"", ""DATA-0002"", ""DATA-0003"", ""DATA-0004"", ""DATA-0005"", ""DATA-0006"", ""DATA-0007"", ""DATA-0009"", ""DATA-0010"", ""SVC-0005""]",,cause:18:13,background:EP-000739,SYNTHETIC
EP-000740,INC-000740,QUEUE_BACKLOG,DATA-0005,KE-0019,SCALE_CONSUMERS,"[""COMP-0005"", ""COMP-0015"", ""COMP-0021"", ""COMP-0025"", ""COMP-0028"", ""DATA-0001"", ""DATA-0002"", ""DATA-0003"", ""DATA-0004"", ""DATA-0006"", ""DATA-0007"", ""DATA-0008"", ""DATA-0009"", ""DATA-0010"", ""SVC-0005""]",,cause:18:14,background:EP-000740,SYNTHETIC
EP-000741,INC-000741,QUEUE_BACKLOG,DATA-0002,KE-0019,SCALE_CONSUMERS,"[""COMP-0002"", ""COMP-0003"", ""COMP-0008"", ""COMP-0012"", ""COMP-0025"", ""COMP-0028"", ""COMP-0029"", ""COMP-0030"", ""DATA-0001"", ""DATA-0003"", ""DATA-0004"", ""DATA-0005"", ""DATA-0006"", ""DATA-0007"", ""DATA-0008"", ""DATA-0009"", ""DATA-0010"", ""SVC-0008""]",CHG-000741,cause:18:15,background:EP-000741,SYNTHETIC
EP-000742,INC-000742,QUEUE_BACKLOG,DATA-0009,KE-0019,SCALE_CONSUMERS,"[""COMP-0003"", ""COMP-0009"", ""COMP-0011"", ""COMP-0013"", ""COMP-0014"", ""COMP-0017"", ""COMP-0019"", ""COMP-0029"", ""DATA-0001"", ""DATA-0002"", ""DATA-0003"", ""DATA-0004"", ""DATA-0005"", ""DATA-0006"", ""DATA-0007"", ""DATA-0008"", ""DATA-0010"", ""SVC-0003""]",,cause:18:16,background:EP-000742,SYNTHETIC
EP-000743,INC-000743,QUEUE_BACKLOG,DATA-0006,KE-0019,SCALE_CONSUMERS,"[""COMP-0001"", ""COMP-0002"", ""COMP-0003"", ""COMP-0007"", ""COMP-0021"", ""COMP-0023"", ""COMP-0028"", ""COMP-0030"", ""DATA-0001"", ""DATA-0002"", ""DATA-0003"", ""DATA-0004"", ""DATA-0005"", ""DATA-0007"", ""DATA-0008"", ""DATA-0009"", ""DATA-0010"", ""POL-0001"", ""SVC-0001""]",,cause:18:17,background:EP-000743,SYNTHETIC
EP-000744,INC-000744,QUEUE_BACKLOG,DATA-0003,KE-0019,SCALE_CONSUMERS,"[""COMP-0003"", ""COMP-0013"", ""COMP-0016"", ""COMP-0019"", ""COMP-0023"", ""COMP-0028"", ""COMP-0029"", ""DATA-0001"", ""DATA-0002"", ""DATA-0004"", ""DATA-0005"", ""DATA-0006"", ""DATA-0007"", ""DATA-0008"", ""DATA-0009"", ""DATA-0010"", ""SVC-0003""]",CHG-000744,cause:18:18,background:EP-000744,SYNTHETIC
EP-000745,INC-000745,QUEUE_BACKLOG,DATA-0010,KE-0019,SCALE_CONSUMERS,"[""COMP-0002"", ""COMP-0003"", ""COMP-0013"", ""COMP-0021"", ""COMP-0028"", ""COMP-0030"", ""DATA-0001"", ""DATA-0002"", ""DATA-0003"", ""DATA-0004"", ""DATA-0005"", ""DATA-0006"", ""DATA-0007"", ""DATA-0008"", ""DATA-0009"", ""SVC-0002""]",,cause:18:19,background:EP-000745,SYNTHETIC
EP-000746,INC-000746,QUEUE_BACKLOG,DATA-0007,KE-0019,SCALE_CONSUMERS,"[""COMP-0001"", ""COMP-0003"", ""COMP-0007"", ""COMP-0017"", ""COMP-0018"", ""COMP-0021"", ""COMP-0023"", ""COMP-0027"", ""DATA-0001"", ""DATA-0002"", ""DATA-0003"", ""DATA-0004"", ""DATA-0005"", ""DATA-0006"", ""DATA-0008"", ""DATA-0009"", ""DATA-0010"", ""SVC-0001""]",,cause:18:20,background:EP-000746,SYNTHETIC
EP-000747,INC-000747,QUEUE_BACKLOG,DATA-0004,KE-0019,SCALE_CONSUMERS,"[""COMP-0005"", ""COMP-0012"", ""COMP-0014"", ""COMP-0015"", ""COMP-0017"", ""COMP-0025"", ""COMP-0028"", ""DATA-0001"", ""DATA-0002"", ""DATA-0003"", ""DATA-0005"", ""DATA-0006"", ""DATA-0007"", ""DATA-0008"", ""DATA-0009"", ""DATA-0010"", ""SVC-0012""]",CHG-000747,cause:18:21,background:EP-000747,SYNTHETIC
EP-000748,INC-000748,QUEUE_BACKLOG,DATA-0001,KE-0019,SCALE_CONSUMERS,"[""COMP-0001"", ""COMP-0002"", ""COMP-0004"", ""COMP-0006"", ""COMP-0010"", ""COMP-0011"", ""COMP-0016"", ""COMP-0021"", ""COMP-0026"", ""COMP-0030"", ""DATA-0002"", ""DATA-0003"", ""DATA-0004"", ""DATA-0005"", ""DATA-0006"", ""DATA-0007"", ""DATA-0008"", ""DATA-0009"", ""DATA-0010"", ""SVC-0001""]",CHG-000748,cause:18:22,background:EP-000748,SYNTHETIC
EP-000749,INC-000749,QUEUE_BACKLOG,DATA-0008,KE-0019,SCALE_CONSUMERS,"[""COMP-0003"", ""COMP-0005"", ""COMP-0007"", ""COMP-0014"", ""COMP-0016"", ""COMP-0017"", ""COMP-0023"", ""COMP-0026"", ""COMP-0027"", ""DATA-0001"", ""DATA-0002"", ""DATA-0003"", ""DATA-0004"", ""DATA-0005"", ""DATA-0006"", ""DATA-0007"", ""DATA-0009"", ""DATA-0010"", ""SVC-0005""]",,cause:18:23,background:EP-000749,SYNTHETIC
EP-000750,INC-000750,QUEUE_BACKLOG,DATA-0005,KE-0019,SCALE_CONSUMERS,"[""COMP-0005"", ""COMP-0015"", ""COMP-0021"", ""COMP-0025"", ""COMP-0028"", ""DATA-0001"", ""DATA-0002"", ""DATA-0003"", ""DATA-0004"", ""DATA-0006"", ""DATA-0007"", ""DATA-0008"", ""DATA-0009"", ""DATA-0010"", ""SVC-0005""]",,cause:18:24,background:EP-000750,SYNTHETIC
EP-000751,INC-000751,QUEUE_BACKLOG,DATA-0002,KE-0019,SCALE_CONSUMERS,"[""COMP-0002"", ""COMP-0003"", ""COMP-0008"", ""COMP-0012"", ""COMP-0025"", ""COMP-0028"", ""COMP-0029"", ""COMP-0030"", ""DATA-0001"", ""DATA-0003"", ""DATA-0004"", ""DATA-0005"", ""DATA-0006"", ""DATA-0007"", ""DATA-0008"", ""DATA-0009"", ""DATA-0010"", ""SVC-0008""]",,cause:18:25,background:EP-000751,SYNTHETIC
EP-000752,INC-000752,QUEUE_BACKLOG,DATA-0009,KE-0019,SCALE_CONSUMERS,"[""COMP-0003"", ""COMP-0009"", ""COMP-0011"", ""COMP-0013"", ""COMP-0014"", ""COMP-0017"", ""COMP-0019"", ""COMP-0029"", ""DATA-0001"", ""DATA-0002"", ""DATA-0003"", ""DATA-0004"", ""DATA-0005"", ""DATA-0006"", ""DATA-0007"", ""DATA-0008"", ""DATA-0010"", ""SVC-0003""]",,cause:18:26,background:EP-000752,SYNTHETIC
EP-000753,INC-000753,QUEUE_BACKLOG,DATA-0006,KE-0019,SCALE_CONSUMERS,"[""COMP-0001"", ""COMP-0002"", ""COMP-0003"", ""COMP-0007"", ""COMP-0021"", ""COMP-0023"", ""COMP-0028"", ""COMP-0030"", ""DATA-0001"", ""DATA-0002"", ""DATA-0003"", ""DATA-0004"", ""DATA-0005"", ""DATA-0007"", ""DATA-0008"", ""DATA-0009"", ""DATA-0010"", ""POL-0001"", ""SVC-0001""]",CHG-000753,cause:18:27,background:EP-000753,SYNTHETIC
EP-000754,INC-000754,QUEUE_BACKLOG,DATA-0003,KE-0019,SCALE_CONSUMERS,"[""COMP-0003"", ""COMP-0013"", ""COMP-0016"", ""COMP-0019"", ""COMP-0023"", ""COMP-0028"", ""COMP-0029"", ""DATA-0001"", ""DATA-0002"", ""DATA-0004"", ""DATA-0005"", ""DATA-0006"", ""DATA-0007"", ""DATA-0008"", ""DATA-0009"", ""DATA-0010"", ""SVC-0003""]",,cause:18:28,background:EP-000754,SYNTHETIC
EP-000755,INC-000755,QUEUE_BACKLOG,DATA-0010,KE-0019,SCALE_CONSUMERS,"[""COMP-0002"", ""COMP-0003"", ""COMP-0013"", ""COMP-0021"", ""COMP-0028"", ""COMP-0030"", ""DATA-0001"", ""DATA-0002"", ""DATA-0003"", ""DATA-0004"", ""DATA-0005"", ""DATA-0006"", ""DATA-0007"", ""DATA-0008"", ""DATA-0009"", ""SVC-0002""]",CHG-000755,cause:18:29,background:EP-000755,SYNTHETIC
EP-000756,INC-000756,QUEUE_BACKLOG,DATA-0007,KE-0019,SCALE_CONSUMERS,"[""COMP-0001"", ""COMP-0003"", ""COMP-0007"", ""COMP-0017"", ""COMP-0018"", ""COMP-0021"", ""COMP-0023"", ""COMP-0027"", ""DATA-0001"", ""DATA-0002"", ""DATA-0003"", ""DATA-0004"", ""DATA-0005"", ""DATA-0006"", ""DATA-0008"", ""DATA-0009"", ""DATA-0010"", ""SVC-0001""]",,cause:18:30,background:EP-000756,SYNTHETIC
EP-000757,INC-000757,QUEUE_BACKLOG,DATA-0004,KE-0019,SCALE_CONSUMERS,"[""COMP-0005"", ""COMP-0012"", ""COMP-0014"", ""COMP-0015"", ""COMP-0017"", ""COMP-0025"", ""COMP-0028"", ""DATA-0001"", ""DATA-0002"", ""DATA-0003"", ""DATA-0005"", ""DATA-0006"", ""DATA-0007"", ""DATA-0008"", ""DATA-0009"", ""DATA-0010"", ""SVC-0012""]",CHG-000757,cause:18:31,background:EP-000757,SYNTHETIC
EP-000758,INC-000758,QUEUE_BACKLOG,DATA-0001,KE-0019,SCALE_CONSUMERS,"[""COMP-0001"", ""COMP-0002"", ""COMP-0004"", ""COMP-0006"", ""COMP-0010"", ""COMP-0011"", ""COMP-0016"", ""COMP-0021"", ""COMP-0026"", ""COMP-0030"", ""DATA-0002"", ""DATA-0003"", ""DATA-0004"", ""DATA-0005"", ""DATA-0006"", ""DATA-0007"", ""DATA-0008"", ""DATA-0009"", ""DATA-0010"", ""SVC-0001""]",,cause:18:32,background:EP-000758,SYNTHETIC
EP-000759,INC-000759,QUEUE_BACKLOG,DATA-0008,KE-0019,SCALE_CONSUMERS,"[""COMP-0003"", ""COMP-0005"", ""COMP-0007"", ""COMP-0014"", ""COMP-0016"", ""COMP-0017"", ""COMP-0023"", ""COMP-0026"", ""COMP-0027"", ""DATA-0001"", ""DATA-0002"", ""DATA-0003"", ""DATA-0004"", ""DATA-0005"", ""DATA-0006"", ""DATA-0007"", ""DATA-0009"", ""DATA-0010"", ""SVC-0005""]",CHG-000759,cause:18:33,background:EP-000759,SYNTHETIC
EP-000760,INC-000760,QUEUE_BACKLOG,DATA-0005,KE-0019,SCALE_CONSUMERS,"[""COMP-0005"", ""COMP-0015"", ""COMP-0021"", ""COMP-0025"", ""COMP-0028"", ""DATA-0001"", ""DATA-0002"", ""DATA-0003"", ""DATA-0004"", ""DATA-0006"", ""DATA-0007"", ""DATA-0008"", ""DATA-0009"", ""DATA-0010"", ""SVC-0005""]",,cause:18:34,background:EP-000760,SYNTHETIC
EP-000761,INC-000761,QUEUE_BACKLOG,DATA-0002,KE-0019,SCALE_CONSUMERS,"[""COMP-0002"", ""COMP-0003"", ""COMP-0008"", ""COMP-0012"", ""COMP-0025"", ""COMP-0028"", ""COMP-0029"", ""COMP-0030"", ""DATA-0001"", ""DATA-0003"", ""DATA-0004"", ""DATA-0005"", ""DATA-0006"", ""DATA-0007"", ""DATA-0008"", ""DATA-0009"", ""DATA-0010"", ""SVC-0008""]",CHG-000761,cause:18:35,background:EP-000761,SYNTHETIC
EP-000762,INC-000762,QUEUE_BACKLOG,DATA-0009,KE-0019,SCALE_CONSUMERS,"[""COMP-0003"", ""COMP-0009"", ""COMP-0011"", ""COMP-0013"", ""COMP-0014"", ""COMP-0017"", ""COMP-0019"", ""COMP-0029"", ""DATA-0001"", ""DATA-0002"", ""DATA-0003"", ""DATA-0004"", ""DATA-0005"", ""DATA-0006"", ""DATA-0007"", ""DATA-0008"", ""DATA-0010"", ""SVC-0003""]",CHG-000762,cause:18:36,background:EP-000762,SYNTHETIC
EP-000763,INC-000763,QUEUE_BACKLOG,DATA-0006,KE-0019,SCALE_CONSUMERS,"[""COMP-0001"", ""COMP-0002"", ""COMP-0003"", ""COMP-0007"", ""COMP-0021"", ""COMP-0023"", ""COMP-0028"", ""COMP-0030"", ""DATA-0001"", ""DATA-0002"", ""DATA-0003"", ""DATA-0004"", ""DATA-0005"", ""DATA-0007"", ""DATA-0008"", ""DATA-0009"", ""DATA-0010"", ""POL-0001"", ""SVC-0001""]",,cause:18:37,background:EP-000763,SYNTHETIC
EP-000764,INC-000764,QUEUE_BACKLOG,DATA-0003,KE-0019,SCALE_CONSUMERS,"[""COMP-0003"", ""COMP-0013"", ""COMP-0016"", ""COMP-0019"", ""COMP-0023"", ""COMP-0028"", ""COMP-0029"", ""DATA-0001"", ""DATA-0002"", ""DATA-0004"", ""DATA-0005"", ""DATA-0006"", ""DATA-0007"", ""DATA-0008"", ""DATA-0009"", ""DATA-0010"", ""SVC-0003""]",,cause:18:38,background:EP-000764,SYNTHETIC
EP-000765,INC-000765,QUEUE_BACKLOG,DATA-0010,KE-0019,SCALE_CONSUMERS,"[""COMP-0002"", ""COMP-0003"", ""COMP-0013"", ""COMP-0021"", ""COMP-0028"", ""COMP-0030"", ""DATA-0001"", ""DATA-0002"", ""DATA-0003"", ""DATA-0004"", ""DATA-0005"", ""DATA-0006"", ""DATA-0007"", ""DATA-0008"", ""DATA-0009"", ""SVC-0002""]",,cause:18:39,background:EP-000765,SYNTHETIC
EP-000766,INC-000766,QUEUE_BACKLOG,DATA-0007,KE-0019,SCALE_CONSUMERS,"[""COMP-0001"", ""COMP-0003"", ""COMP-0007"", ""COMP-0017"", ""COMP-0018"", ""COMP-0021"", ""COMP-0023"", ""COMP-0027"", ""DATA-0001"", ""DATA-0002"", ""DATA-0003"", ""DATA-0004"", ""DATA-0005"", ""DATA-0006"", ""DATA-0008"", ""DATA-0009"", ""DATA-0010"", ""SVC-0001""]",,cause:18:40,background:EP-000766,SYNTHETIC
EP-000767,INC-000767,QUEUE_BACKLOG,DATA-0004,KE-0019,SCALE_CONSUMERS,"[""COMP-0005"", ""COMP-0012"", ""COMP-0014"", ""COMP-0015"", ""COMP-0017"", ""COMP-0025"", ""COMP-0028"", ""DATA-0001"", ""DATA-0002"", ""DATA-0003"", ""DATA-0005"", ""DATA-0006"", ""DATA-0007"", ""DATA-0008"", ""DATA-0009"", ""DATA-0010"", ""SVC-0012""]",,cause:18:41,background:EP-000767,SYNTHETIC
EP-000768,INC-000768,QUEUE_BACKLOG,DATA-0001,KE-0019,SCALE_CONSUMERS,"[""COMP-0001"", ""COMP-0002"", ""COMP-0004"", ""COMP-0006"", ""COMP-0010"", ""COMP-0011"", ""COMP-0016"", ""COMP-0021"", ""COMP-0026"", ""COMP-0030"", ""DATA-0002"", ""DATA-0003"", ""DATA-0004"", ""DATA-0005"", ""DATA-0006"", ""DATA-0007"", ""DATA-0008"", ""DATA-0009"", ""DATA-0010"", ""SVC-0001""]",,cause:18:42,background:EP-000768,SYNTHETIC
EP-000769,INC-000769,QUEUE_BACKLOG,DATA-0008,KE-0019,SCALE_CONSUMERS,"[""COMP-0003"", ""COMP-0005"", ""COMP-0007"", ""COMP-0014"", ""COMP-0016"", ""COMP-0017"", ""COMP-0023"", ""COMP-0026"", ""COMP-0027"", ""DATA-0001"", ""DATA-0002"", ""DATA-0003"", ""DATA-0004"", ""DATA-0005"", ""DATA-0006"", ""DATA-0007"", ""DATA-0009"", ""DATA-0010"", ""SVC-0005""]",CHG-000769,cause:18:43,background:EP-000769,SYNTHETIC
EP-000770,INC-000770,SECURE_GATEWAY_POLICY,POL-0004,KE-0020,ROLLBACK_GATEWAY_POLICY,"[""COMP-0006"", ""COMP-0007"", ""COMP-0018"", ""COMP-0019"", ""COMP-0021"", ""COMP-0025"", ""COMP-0030"", ""INFRA-0004"", ""INFRA-0008"", ""SVC-0001"", ""SVC-0011"", ""SVC-0012"", ""SVC-0016""]",,cause:19:0,background:EP-000770,SYNTHETIC
EP-000771,INC-000771,SECURE_GATEWAY_POLICY,POL-0003,KE-0020,ROLLBACK_GATEWAY_POLICY,"[""COMP-0014"", ""COMP-0016"", ""COMP-0023"", ""COMP-0027"", ""COMP-0030"", ""INFRA-0003"", ""INFRA-0007"", ""SVC-0002"", ""SVC-0006"", ""SVC-0008"", ""SVC-0010"", ""SVC-0011"", ""SVC-0017""]",,cause:19:1,background:EP-000771,SYNTHETIC
EP-000772,INC-000772,SECURE_GATEWAY_POLICY,POL-0002,KE-0020,ROLLBACK_GATEWAY_POLICY,"[""COMP-0004"", ""COMP-0006"", ""COMP-0023"", ""COMP-0025"", ""COMP-0028"", ""COMP-0030"", ""INFRA-0002"", ""INFRA-0006"", ""SVC-0002"", ""SVC-0005"", ""SVC-0006"", ""SVC-0015"", ""SVC-0016""]",,cause:19:2,background:EP-000772,SYNTHETIC
EP-000773,INC-000773,SECURE_GATEWAY_POLICY,POL-0001,KE-0020,ROLLBACK_GATEWAY_POLICY,"[""COMP-0002"", ""COMP-0011"", ""COMP-0018"", ""COMP-0020"", ""INFRA-0001"", ""INFRA-0005"", ""SVC-0002"", ""SVC-0005"", ""SVC-0006"", ""SVC-0011"", ""SVC-0012"", ""SVC-0014""]",,cause:19:3,background:EP-000773,SYNTHETIC
EP-000774,INC-000774,SECURE_GATEWAY_POLICY,POL-0004,KE-0020,ROLLBACK_GATEWAY_POLICY,"[""COMP-0006"", ""COMP-0007"", ""COMP-0018"", ""COMP-0019"", ""COMP-0021"", ""COMP-0025"", ""COMP-0030"", ""INFRA-0004"", ""INFRA-0008"", ""SVC-0001"", ""SVC-0011"", ""SVC-0012"", ""SVC-0016""]",CHG-000774,cause:19:4,background:EP-000774,SYNTHETIC
EP-000775,INC-000775,SECURE_GATEWAY_POLICY,POL-0003,KE-0020,ROLLBACK_GATEWAY_POLICY,"[""COMP-0014"", ""COMP-0016"", ""COMP-0023"", ""COMP-0027"", ""COMP-0030"", ""INFRA-0003"", ""INFRA-0007"", ""SVC-0002"", ""SVC-0006"", ""SVC-0008"", ""SVC-0010"", ""SVC-0011"", ""SVC-0017""]",CHG-000775,cause:19:5,background:EP-000775,SYNTHETIC
EP-000776,INC-000776,SECURE_GATEWAY_POLICY,POL-0002,KE-0020,ROLLBACK_GATEWAY_POLICY,"[""COMP-0004"", ""COMP-0006"", ""COMP-0023"", ""COMP-0025"", ""COMP-0028"", ""COMP-0030"", ""INFRA-0002"", ""INFRA-0006"", ""SVC-0002"", ""SVC-0005"", ""SVC-0006"", ""SVC-0015"", ""SVC-0016""]",CHG-000776,cause:19:6,background:EP-000776,SYNTHETIC
EP-000777,INC-000777,SECURE_GATEWAY_POLICY,POL-0001,KE-0020,ROLLBACK_GATEWAY_POLICY,"[""COMP-0002"", ""COMP-0011"", ""COMP-0018"", ""COMP-0020"", ""INFRA-0001"", ""INFRA-0005"", ""SVC-0002"", ""SVC-0005"", ""SVC-0006"", ""SVC-0011"", ""SVC-0012"", ""SVC-0014""]",,cause:19:7,background:EP-000777,SYNTHETIC
EP-000778,INC-000778,SECURE_GATEWAY_POLICY,POL-0004,KE-0020,ROLLBACK_GATEWAY_POLICY,"[""COMP-0006"", ""COMP-0007"", ""COMP-0018"", ""COMP-0019"", ""COMP-0021"", ""COMP-0025"", ""COMP-0030"", ""INFRA-0004"", ""INFRA-0008"", ""SVC-0001"", ""SVC-0011"", ""SVC-0012"", ""SVC-0016""]",,cause:19:8,background:EP-000778,SYNTHETIC
EP-000779,INC-000779,SECURE_GATEWAY_POLICY,POL-0003,KE-0020,ROLLBACK_GATEWAY_POLICY,"[""COMP-0014"", ""COMP-0016"", ""COMP-0023"", ""COMP-0027"", ""COMP-0030"", ""INFRA-0003"", ""INFRA-0007"", ""SVC-0002"", ""SVC-0006"", ""SVC-0008"", ""SVC-0010"", ""SVC-0011"", ""SVC-0017""]",,cause:19:9,background:EP-000779,SYNTHETIC
EP-000780,INC-000780,SECURE_GATEWAY_POLICY,POL-0002,KE-0020,ROLLBACK_GATEWAY_POLICY,"[""COMP-0004"", ""COMP-0006"", ""COMP-0023"", ""COMP-0025"", ""COMP-0028"", ""COMP-0030"", ""INFRA-0002"", ""INFRA-0006"", ""SVC-0002"", ""SVC-0005"", ""SVC-0006"", ""SVC-0015"", ""SVC-0016""]",CHG-000780,cause:19:10,background:EP-000780,SYNTHETIC
EP-000781,INC-000781,SECURE_GATEWAY_POLICY,POL-0001,KE-0020,ROLLBACK_GATEWAY_POLICY,"[""COMP-0002"", ""COMP-0011"", ""COMP-0018"", ""COMP-0020"", ""INFRA-0001"", ""INFRA-0005"", ""SVC-0002"", ""SVC-0005"", ""SVC-0006"", ""SVC-0011"", ""SVC-0012"", ""SVC-0014""]",,cause:19:11,background:EP-000781,SYNTHETIC
EP-000782,INC-000782,SECURE_GATEWAY_POLICY,POL-0004,KE-0020,ROLLBACK_GATEWAY_POLICY,"[""COMP-0006"", ""COMP-0007"", ""COMP-0018"", ""COMP-0019"", ""COMP-0021"", ""COMP-0025"", ""COMP-0030"", ""INFRA-0004"", ""INFRA-0008"", ""SVC-0001"", ""SVC-0011"", ""SVC-0012"", ""SVC-0016""]",,cause:19:12,background:EP-000782,SYNTHETIC
EP-000783,INC-000783,SECURE_GATEWAY_POLICY,POL-0003,KE-0020,ROLLBACK_GATEWAY_POLICY,"[""COMP-0014"", ""COMP-0016"", ""COMP-0023"", ""COMP-0027"", ""COMP-0030"", ""INFRA-0003"", ""INFRA-0007"", ""SVC-0002"", ""SVC-0006"", ""SVC-0008"", ""SVC-0010"", ""SVC-0011"", ""SVC-0017""]",,cause:19:13,background:EP-000783,SYNTHETIC
EP-000784,INC-000784,SECURE_GATEWAY_POLICY,POL-0002,KE-0020,ROLLBACK_GATEWAY_POLICY,"[""COMP-0004"", ""COMP-0006"", ""COMP-0023"", ""COMP-0025"", ""COMP-0028"", ""COMP-0030"", ""INFRA-0002"", ""INFRA-0006"", ""SVC-0002"", ""SVC-0005"", ""SVC-0006"", ""SVC-0015"", ""SVC-0016""]",,cause:19:14,background:EP-000784,SYNTHETIC
EP-000785,INC-000785,SECURE_GATEWAY_POLICY,POL-0001,KE-0020,ROLLBACK_GATEWAY_POLICY,"[""COMP-0002"", ""COMP-0011"", ""COMP-0018"", ""COMP-0020"", ""INFRA-0001"", ""INFRA-0005"", ""SVC-0002"", ""SVC-0005"", ""SVC-0006"", ""SVC-0011"", ""SVC-0012"", ""SVC-0014""]",CHG-000785,cause:19:15,background:EP-000785,SYNTHETIC
EP-000786,INC-000786,SECURE_GATEWAY_POLICY,POL-0004,KE-0020,ROLLBACK_GATEWAY_POLICY,"[""COMP-0006"", ""COMP-0007"", ""COMP-0018"", ""COMP-0019"", ""COMP-0021"", ""COMP-0025"", ""COMP-0030"", ""INFRA-0004"", ""INFRA-0008"", ""SVC-0001"", ""SVC-0011"", ""SVC-0012"", ""SVC-0016""]",CHG-000786,cause:19:16,background:EP-000786,SYNTHETIC
EP-000787,INC-000787,SECURE_GATEWAY_POLICY,POL-0003,KE-0020,ROLLBACK_GATEWAY_POLICY,"[""COMP-0014"", ""COMP-0016"", ""COMP-0023"", ""COMP-0027"", ""COMP-0030"", ""INFRA-0003"", ""INFRA-0007"", ""SVC-0002"", ""SVC-0006"", ""SVC-0008"", ""SVC-0010"", ""SVC-0011"", ""SVC-0017""]",,cause:19:17,background:EP-000787,SYNTHETIC
EP-000788,INC-000788,SECURE_GATEWAY_POLICY,POL-0002,KE-0020,ROLLBACK_GATEWAY_POLICY,"[""COMP-0004"", ""COMP-0006"", ""COMP-0023"", ""COMP-0025"", ""COMP-0028"", ""COMP-0030"", ""INFRA-0002"", ""INFRA-0006"", ""SVC-0002"", ""SVC-0005"", ""SVC-0006"", ""SVC-0015"", ""SVC-0016""]",,cause:19:18,background:EP-000788,SYNTHETIC
EP-000789,INC-000789,SECURE_GATEWAY_POLICY,INFRA-0001,KE-0010,ROLLBACK_GATEWAY_POLICY,"[""SVC-0001""]",,cause:19:19,background:AMB-001,SYNTHETIC
EP-000790,INC-000790,EXTERNAL_VENDOR_OUTAGE,VENDOR-0001,KE-0006,WAIT_AND_FAILOVER,"[""SVC-0001""]",CHG-000790,cause:19:20,background:AMB-001,SYNTHETIC
EP-000791,INC-000791,IDENTITY_DEGRADATION,INFRA-0001,KE-0014,RESTORE_IDENTITY_DEPENDENCY,"[""SVC-0001""]",,cause:19:21,background:AMB-002,SYNTHETIC
EP-000792,INC-000792,CERTIFICATE_EXPIRY,INFRA-0001,KE-0013,ROTATE_CERTIFICATE,"[""SVC-0001""]",,cause:19:22,background:AMB-002,SYNTHETIC
EP-000793,INC-000793,SECURE_GATEWAY_POLICY,INFRA-0007,KE-0010,ROLLBACK_GATEWAY_POLICY,"[""SVC-0001""]",,cause:19:23,background:AMB-003,SYNTHETIC
EP-000794,INC-000794,EXTERNAL_VENDOR_OUTAGE,VENDOR-0001,KE-0006,WAIT_AND_FAILOVER,"[""SVC-0001""]",,cause:19:24,background:AMB-003,SYNTHETIC
EP-000795,INC-000795,IDENTITY_DEGRADATION,INFRA-0007,KE-0014,RESTORE_IDENTITY_DEPENDENCY,"[""SVC-0001""]",,cause:19:25,background:AMB-004,SYNTHETIC
EP-000796,INC-000796,CERTIFICATE_EXPIRY,INFRA-0007,KE-0013,ROTATE_CERTIFICATE,"[""SVC-0001""]",,cause:19:26,background:AMB-004,SYNTHETIC
EP-000797,INC-000797,SECURE_GATEWAY_POLICY,INFRA-0005,KE-0010,ROLLBACK_GATEWAY_POLICY,"[""SVC-0001""]",,cause:19:27,background:AMB-005,SYNTHETIC
EP-000798,INC-000798,EXTERNAL_VENDOR_OUTAGE,VENDOR-0001,KE-0006,WAIT_AND_FAILOVER,"[""SVC-0001""]",,cause:19:28,background:AMB-005,SYNTHETIC
EP-000799,INC-000799,IDENTITY_DEGRADATION,INFRA-0005,KE-0014,RESTORE_IDENTITY_DEPENDENCY,"[""SVC-0001""]",CHG-000799,cause:19:29,background:AMB-006,SYNTHETIC
EP-000800,INC-000800,CERTIFICATE_EXPIRY,INFRA-0005,KE-0013,ROTATE_CERTIFICATE,"[""SVC-0001""]",,cause:19:30,background:AMB-006,SYNTHETIC
